證券名稱,簡稱,年月日,投信持股率%,投信持股數(千股),投信買進張數,投信買賣超(千股),投信持股數市值(百萬),投信賣出張數,流通在外股數(千股),投信買賣超市值(百萬),合計持股數(千股),投信週轉率%
6443,元晶         ,20151001,0,0,0,0,0,0,351855,0,2640,0
6443,元晶         ,20151002,0,0,0,0,0,0,351855,0,2615,0
6443,元晶         ,20151005,0,0,0,0,0,0,351855,0,2348,0
6443,元晶         ,20151006,0,0,0,0,0,0,351855,0,2498,0
6443,元晶         ,20151007,0,0,0,0,0,0,351855,0,2448,0
6443,元晶         ,20151008,0,0,0,0,0,0,351855,0,2248,0
6443,元晶         ,20151012,0,0,0,0,0,0,351855,0,2274,0
6443,元晶         ,20151013,0,0,0,0,0,0,351855,0,2269,0
6443,元晶         ,20151014,0,0,0,0,0,0,351855,0,2288,0
6443,元晶         ,20151015,0,0,0,0,0,0,351855,0,1917,0
6443,元晶         ,20151016,0,0,0,0,0,0,351855,0,2021,0
6443,元晶         ,20151019,0,0,0,0,0,0,351855,0,1695,0
6443,元晶         ,20151020,0,0,0,0,0,0,351855,0,1667,0
6443,元晶         ,20151021,0,0,0,0,0,0,351855,0,1703,0
6443,元晶         ,20151022,0,0,0,0,0,0,351855,0,1621,0
6443,元晶         ,20151023,0,0,0,0,0,0,351855,0,1521,0
6443,元晶         ,20151026,0,0,0,0,0,0,351855,0,1522,0
6443,元晶         ,20151027,0,0,0,0,0,0,351855,0,1570,0
6443,元晶         ,20151028,0,0,0,0,0,0,351855,0,1522,0
6443,元晶         ,20151029,0,0,0,0,0,0,351855,0,1522,0
6443,元晶         ,20151030,0,0,0,0,0,0,351855,0,1529,0
6443,元晶         ,20151102,0,0,0,0,0,0,351855,0,1514,0
6443,元晶         ,20151103,0,0,0,0,0,0,351855,0,1530,0
6443,元晶         ,20151104,0,0,0,0,0,0,351855,0,1508,0
6443,元晶         ,20151105,0,0,0,0,0,0,351855,0,1508,0
6443,元晶         ,20151106,0,0,0,0,0,0,351855,0,1470,0
6443,元晶         ,20151109,0,0,0,0,0,0,351855,0,1486,0
6443,元晶         ,20151110,0,0,0,0,0,0,351855,0,1471,0
6443,元晶         ,20151111,0,0,0,0,0,0,351855,0,1501,0
6443,元晶         ,20151112,0,0,0,0,0,0,351855,0,1545,0
6443,元晶         ,20151113,0,0,0,0,0,0,351855,0,1552,0
6443,元晶         ,20151116,0,0,0,0,0,0,351855,0,1542,0
6443,元晶         ,20151117,0,0,0,0,0,0,351855,0,1478,0
6443,元晶         ,20151118,0,0,0,0,0,0,351855,0,1439,0
6443,元晶         ,20151119,0,0,0,0,0,0,351855,0,1566,0
6443,元晶         ,20151120,0,0,0,0,0,0,351855,0,1566,0
6443,元晶         ,20151123,0,0,0,0,0,0,351855,0,1818,0
6443,元晶         ,20151124,0.07,240,240,240,4.07,0,351855,4.07,2035,0.03
6443,元晶         ,20151125,0.07,240,0,0,4.16,0,351855,0,2129,0
6443,元晶         ,20151126,0.07,240,0,0,4.06,0,351855,0,2150,0
6443,元晶         ,20151127,0.07,240,0,0,4.09,0,351855,0,2150,0
6443,元晶         ,20151130,0.07,240,0,0,4.2,0,351855,0,2050,0
6443,元晶         ,20151201,0.07,240,0,0,4.57,0,351855,0,1978,0
6443,元晶         ,20151202,0.07,240,0,0,4.6,0,351855,0,1770,0
6443,元晶         ,20151203,0.07,240,0,0,4.54,0,351855,0,1754,0
6443,元晶         ,20151204,0.07,240,0,0,4.79,0,351855,0,1947,0
6443,元晶         ,20151207,0.07,240,0,0,4.73,0,351855,0,1971,0
6443,元晶         ,20151208,0.07,240,0,0,4.64,0,351855,0,1930,0
6443,元晶         ,20151209,0.07,240,0,0,4.26,0,351855,0,2054,0
6443,元晶         ,20151210,0.07,240,0,0,4.42,0,351855,0,2342,0
6443,元晶         ,20151211,0.07,240,0,0,4.03,0,351855,0,2372,0
6443,元晶         ,20151214,0.07,240,0,0,4,0,351855,0,2555,0
6443,元晶         ,20151215,0.07,240,0,0,4.28,0,351855,0,2541,0
6443,元晶         ,20151216,0.07,240,0,0,4.2,0,351855,0,2424,0
6443,元晶         ,20151217,0.07,240,0,0,4.31,0,351855,0,2290,0
6443,元晶         ,20151218,0.07,240,0,0,4.25,0,351855,0,2291,0
6443,元晶         ,20151221,0.07,240,0,0,4.52,0,351855,0,2156,0
6443,元晶         ,20151222,0.07,240,0,0,4.42,0,351855,0,2044,0
6443,元晶         ,20151223,0.07,240,0,0,4.36,0,351855,0,2135,0
6443,元晶         ,20151224,0.07,240,0,0,4.18,0,351855,0,2124,0
6443,元晶         ,20151225,0.07,240,0,0,4.25,0,351855,0,2118,0
6443,元晶         ,20151228,0.07,240,0,0,4.14,0,351855,0,2147,0
6443,元晶         ,20151229,0.07,240,0,0,4.1,0,351855,0,2210,0
6443,元晶         ,20151230,0.07,240,0,0,4.12,0,351855,0,2156,0
6443,元晶         ,20151231,0.07,240,0,0,4.12,0,351855,0,3769,0
6443,元晶         ,20160104,0.07,240,0,0,4.01,0,351855,0,3730,0
6443,元晶         ,20160105,0.07,240,0,0,4,0,351855,0,3920,0
6443,元晶         ,20160106,0.07,240,0,0,3.9,0,351855,0,3866,0
6443,元晶         ,20160107,0.07,240,0,0,3.67,0,351855,0,4012,0
6443,元晶         ,20160108,0.07,240,0,0,3.74,0,351855,0,4278,0
6443,元晶         ,20160111,0.07,240,0,0,3.61,0,351855,0,4413,0
6443,元晶         ,20160112,0.07,240,0,0,3.36,0,351855,0,4211,0
6443,元晶         ,20160113,0.07,240,0,0,3.4,0,351855,0,4238,0
6443,元晶         ,20160114,0.07,240,0,0,3.35,0,351855,0,4257,0
6443,元晶         ,20160115,0.07,240,0,0,3.37,0,351855,0,4241,0
6443,元晶         ,20160118,0.07,240,0,0,3.56,0,351855,0,4245,0
6443,元晶         ,20160119,0.07,240,0,0,3.53,0,351855,0,4203,0
6443,元晶         ,20160120,0.07,240,0,0,3.37,0,351855,0,4196,0
6443,元晶         ,20160121,0.07,240,0,0,3.35,0,351855,0,4127,0
6443,元晶         ,20160122,0.07,240,0,0,3.43,0,351855,0,4590,0
6443,元晶         ,20160125,0.07,240,0,0,3.49,0,351855,0,4513,0
6443,元晶         ,20160126,0.07,240,0,0,3.41,0,351855,0,4513,0
6443,元晶         ,20160127,0.05,170,0,-70,2.39,70,351855,-0.98,4443,0.01
6443,元晶         ,20160128,0.03,120,0,-50,1.68,50,351855,-0.7,4414,0.01
6443,元晶         ,20160129,0,0,0,-120,0,120,351855,-1.69,4315,0.02
6443,元晶         ,20160130,0,0,0,0,0,0,351855,0,2675,0
6443,元晶         ,20160201,0,0,0,0,0,0,351855,0,2695,0
6443,元晶         ,20160202,0,0,0,0,0,0,351855,0,2587,0
6443,元晶         ,20160203,0,0,0,0,0,0,351855,0,2724,0
6443,元晶         ,20160215,0,0,0,0,0,0,351855,0,2844,0
6443,元晶         ,20160216,0,0,0,0,0,0,351855,0,3394,0
6443,元晶         ,20160217,0,0,0,0,0,0,351855,0,3391,0
6443,元晶         ,20160218,0,0,0,0,0,0,351855,0,2856,0
6443,元晶         ,20160219,0,0,0,0,0,0,351855,0,2698,0
6443,元晶         ,20160222,0,0,0,0,0,0,351855,0,2698,0
6443,元晶         ,20160223,0,0,0,0,0,0,351855,0,2572,0
6443,元晶         ,20160224,0,0,0,0,0,0,351855,0,2570,0
6443,元晶         ,20160225,0,0,0,0,0,0,351855,0,2587,0
6443,元晶         ,20160226,0,0,0,0,0,0,351855,0,2708,0
6443,元晶         ,20160301,0,0,0,0,0,0,351855,0,2663,0
6443,元晶         ,20160302,0,0,0,0,0,0,351855,0,2635,0
6443,元晶         ,20160303,0,0,0,0,0,0,351855,0,2620,0
6443,元晶         ,20160304,0,0,0,0,0,0,351855,0,2823,0
6443,元晶         ,20160307,0,0,0,0,0,0,351855,0,2826,0
6443,元晶         ,20160308,0,0,0,0,0,0,351855,0,2418,0
6443,元晶         ,20160309,0,0,0,0,0,0,351855,0,2135,0
6443,元晶         ,20160310,0,0,0,0,0,0,351855,0,2042,0
6443,元晶         ,20160311,0,0,0,0,0,0,351855,0,2399,0
6443,元晶         ,20160314,0,0,0,0,0,0,351855,0,2272,0
6443,元晶         ,20160315,0,0,0,0,0,0,351855,0,2425,0
6443,元晶         ,20160316,0,0,0,0,0,0,351855,0,2714,0
6443,元晶         ,20160317,0,0,0,0,0,0,351855,0,2632,0
6443,元晶         ,20160318,0,0,0,0,0,0,351855,0,2749,0
6443,元晶         ,20160321,0,0,0,0,0,0,351855,0,2808,0
6443,元晶         ,20160322,0,0,0,0,0,0,351855,0,2879,0
6443,元晶         ,20160323,0,0,0,0,0,0,351855,0,3024,0
6443,元晶         ,20160324,0,0,0,0,0,0,351855,0,3126,0
6443,元晶         ,20160325,0,0,0,0,0,0,351855,0,3173,0
6443,元晶         ,20160328,0,0,0,0,0,0,351855,0,3363,0
6443,元晶         ,20160329,0,0,0,0,0,0,351855,0,3529,0
6443,元晶         ,20160330,0,0,0,0,0,0,351855,0,3704,0
6443,元晶         ,20160331,0,0,0,0,0,0,351855,0,3763,0
6443,元晶         ,20160401,0,0,0,0,0,0,351855,0,3764,0
6443,元晶         ,20160406,0,0,0,0,0,0,351855,0,3775,0
6443,元晶         ,20160407,0,0,0,0,0,0,351855,0,3818,0
6443,元晶         ,20160408,0,0,0,0,0,0,351855,0,3808,0
6443,元晶         ,20160411,0,0,0,0,0,0,351855,0,3966,0
6443,元晶         ,20160412,0,0,0,0,0,0,351855,0,3619,0
6443,元晶         ,20160413,0,0,0,0,0,0,351855,0,3643,0
6443,元晶         ,20160414,0,0,0,0,0,0,351855,0,3490,0
6443,元晶         ,20160415,0,0,0,0,0,0,351855,0,3563,0
6443,元晶         ,20160418,0,0,0,0,0,0,351855,0,3537,0
6443,元晶         ,20160419,0,0,0,0,0,0,351855,0,3443,0
6443,元晶         ,20160420,0,0,0,0,0,0,351855,0,3452,0
6443,元晶         ,20160421,0,0,0,0,0,0,351855,0,3466,0
6443,元晶         ,20160422,0,0,0,0,0,0,351855,0,3522,0
6443,元晶         ,20160425,0,0,0,0,0,0,351855,0,3748,0
6443,元晶         ,20160426,0,0,0,0,0,0,351855,0,3887,0
6443,元晶         ,20160427,0,0,0,0,0,0,351855,0,3882,0
6443,元晶         ,20160428,0,0,0,0,0,0,351855,0,3672,0
6443,元晶         ,20160429,0,0,0,0,0,0,351855,0,3785,0
6443,元晶         ,20160503,0,0,0,0,0,0,351855,0,3675,0
6443,元晶         ,20160504,0,0,0,0,0,0,351855,0,3785,0
6443,元晶         ,20160505,0,0,0,0,0,0,351855,0,3994,0
6443,元晶         ,20160506,0,0,0,0,0,0,351855,0,5974,0
6443,元晶         ,20160509,0,0,0,0,0,0,351855,0,5935,0
6443,元晶         ,20160510,0,0,0,0,0,0,351855,0,6010,0
6443,元晶         ,20160511,0,0,0,0,0,0,351855,0,5947,0
6443,元晶         ,20160512,0,0,0,0,0,0,351855,0,6080,0
6443,元晶         ,20160513,0,0,0,0,0,0,351855,0,6090,0
6443,元晶         ,20160516,0,0,0,0,0,0,351855,0,5985,0
6443,元晶         ,20160517,0,0,0,0,0,0,351855,0,5950,0
6443,元晶         ,20160518,0,0,0,0,0,0,351855,0,5926,0
6443,元晶         ,20160519,0,0,0,0,0,0,351855,0,5817,0
6443,元晶         ,20160520,0,0,0,0,0,0,351855,0,5771,0
6443,元晶         ,20160523,0,0,0,0,0,0,351855,0,6056,0
6443,元晶         ,20160524,0,0,0,0,0,0,351855,0,6214,0
6443,元晶         ,20160525,0,0,0,0,0,0,351855,0,5926,0
6443,元晶         ,20160526,0,0,0,0,0,0,351855,0,5759,0
6443,元晶         ,20160527,0,0,0,0,0,0,351855,0,5661,0
6443,元晶         ,20160530,0,0,0,0,0,0,351855,0,5714,0
6443,元晶         ,20160531,0,0,0,0,0,0,351855,0,5621,0
6443,元晶         ,20160601,0,0,0,0,0,0,351855,0,5577,0
6443,元晶         ,20160602,0,0,0,0,0,0,351855,0,5527,0
6443,元晶         ,20160603,0,0,0,0,0,0,351855,0,5462,0
6443,元晶         ,20160604,0,0,0,0,0,0,351855,0,5462,0
6443,元晶         ,20160606,0,0,0,0,0,0,351855,0,5743,0
6443,元晶         ,20160607,0,0,0,0,0,0,351855,0,5465,0
6443,元晶         ,20160608,0,0,0,0,0,0,351855,0,5304,0
6443,元晶         ,20160613,0,0,0,0,0,0,351855,0,5215,0
6443,元晶         ,20160614,0,0,0,0,0,0,351855,0,4916,0
6443,元晶         ,20160615,0,0,0,0,0,0,351855,0,4757,0
6443,元晶         ,20160616,0,0,0,0,0,0,351855,0,4622,0
6443,元晶         ,20160617,0,0,0,0,0,0,351855,0,4607,0
6443,元晶         ,20160620,0,0,0,0,0,0,351855,0,4586,0
6443,元晶         ,20160621,0,0,0,0,0,0,351855,0,4485,0
6443,元晶         ,20160622,0,0,0,0,0,0,351855,0,4735,0
6443,元晶         ,20160623,0,0,0,0,0,0,351855,0,4618,0
6443,元晶         ,20160624,0,0,0,0,0,0,351855,0,4310,0
6443,元晶         ,20160627,0,0,0,0,0,0,351855,0,4193,0
6443,元晶         ,20160628,0,0,0,0,0,0,351855,0,4354,0
6443,元晶         ,20160629,0,0,0,0,0,0,426855,0,3945,0
6443,元晶         ,20160630,0,0,0,0,0,0,426855,0,4787,0
6443,元晶         ,20160701,0,0,0,0,0,0,426855,0,4601,0
6443,元晶         ,20160704,0,0,0,0,0,0,426855,0,4394,0
6443,元晶         ,20160705,0,0,0,0,0,0,426855,0,4306,0
6443,元晶         ,20160706,0,0,0,0,0,0,426855,0,4367,0
6443,元晶         ,20160707,0,0,0,0,0,0,426855,0,3923,0
6443,元晶         ,20160711,0,0,0,0,0,0,426855,0,3948,0
6443,元晶         ,20160712,0,0,0,0,0,0,426855,0,3912,0
6443,元晶         ,20160713,0,0,0,0,0,0,426855,0,3872,0
6443,元晶         ,20160714,0,0,0,0,0,0,426855,0,3959,0
6443,元晶         ,20160715,0,0,0,0,0,0,426855,0,4042,0
6443,元晶         ,20160718,0,0,0,0,0,0,426855,0,4252,0
6443,元晶         ,20160719,0,0,0,0,0,0,426855,0,4313,0
6443,元晶         ,20160720,0,0,0,0,0,0,426855,0,4160,0
6443,元晶         ,20160721,0,0,0,0,0,0,426855,0,4113,0
6443,元晶         ,20160722,0,0,0,0,0,0,426855,0,4222,0
6443,元晶         ,20160725,0,0,0,0,0,0,426855,0,4136,0
6443,元晶         ,20160726,0,0,0,0,0,0,426855,0,4299,0
6443,元晶         ,20160727,0,0,0,0,0,0,426855,0,4235,0
6443,元晶         ,20160728,0,0,0,0,0,0,426855,0,4166,0
6443,元晶         ,20160729,0,0,0,0,0,0,426855,0,4065,0
6443,元晶         ,20160801,0,0,0,0,0,0,426855,0,4081,0
6443,元晶         ,20160802,0,0,0,0,0,0,426855,0,4072,0
6443,元晶         ,20160803,0,0,0,0,0,0,426855,0,3830,0
6443,元晶         ,20160804,0,0,0,0,0,0,426855,0,3956,0
6443,元晶         ,20160805,0,0,0,0,0,0,426855,0,3960,0
6443,元晶         ,20160808,0,0,0,0,0,0,426855,0,3968,0
6443,元晶         ,20160809,0,0,0,0,0,0,426855,0,3874,0
6443,元晶         ,20160810,0,0,0,0,0,0,426855,0,3890,0
6443,元晶         ,20160811,0,0,0,0,0,0,426855,0,3782,0
6443,元晶         ,20160812,0,0,0,0,0,0,426855,0,3792,0
6443,元晶         ,20160815,0,0,0,0,0,0,426855,0,3876,0
6443,元晶         ,20160816,0,0,0,0,0,0,426855,0,4164,0
6443,元晶         ,20160817,0,0,0,0,0,0,426855,0,4011,0
6443,元晶         ,20160818,0,0,0,0,0,0,426855,0,3999,0
6443,元晶         ,20160819,0,0,0,0,0,0,426855,0,4076,0
6443,元晶         ,20160822,0,0,0,0,0,0,426855,0,3887,0
6443,元晶         ,20160823,0,0,0,0,0,0,426855,0,3896,0
6443,元晶         ,20160824,0,0,0,0,0,0,426855,0,3888,0
6443,元晶         ,20160825,0,0,0,0,0,0,426855,0,3878,0
6443,元晶         ,20160826,0,0,0,0,0,0,426855,0,3883,0
6443,元晶         ,20160829,0,0,0,0,0,0,426855,0,3822,0
6443,元晶         ,20160830,0,0,0,0,0,0,426855,0,3768,0
6443,元晶         ,20160831,0,0,0,0,0,0,426855,0,3744,0
6443,元晶         ,20160901,0,0,0,0,0,0,426855,0,3740,0
6443,元晶         ,20160902,0,0,0,0,0,0,426855,0,3786,0
6443,元晶         ,20160905,0,0,0,0,0,0,426855,0,3786,0
6443,元晶         ,20160906,0,0,0,0,0,0,426855,0,3813,0
6443,元晶         ,20160907,0,0,0,0,0,0,426855,0,3885,0
6443,元晶         ,20160908,0,0,0,0,0,0,426855,0,3949,0
6443,元晶         ,20160909,0,0,0,0,0,0,426855,0,4146,0
6443,元晶         ,20160910,0,0,0,0,0,0,426855,0,4146,0
6443,元晶         ,20160912,0,0,0,0,0,0,426855,0,4203,0
6443,元晶         ,20160913,0,0,0,0,0,0,426855,0,4077,0
6443,元晶         ,20160914,0,0,0,0,0,0,426855,0,4040,0
6443,元晶         ,20160919,0,0,0,0,0,0,426855,0,3896,0
6443,元晶         ,20160920,0,0,0,0,0,0,426855,0,3965,0
6443,元晶         ,20160921,0,0,0,0,0,0,426855,0,3984,0
6443,元晶         ,20160922,0,0,0,0,0,0,426855,0,3908,0
6443,元晶         ,20160923,0,0,0,0,0,0,426855,0,3979,0
6443,元晶         ,20160926,0,0,0,0,0,0,426855,0,3885,0
6443,元晶         ,20160929,0,0,0,0,0,0,426855,0,3693,0
6443,元晶         ,20160930,0,0,0,0,0,0,426855,0,3617,0
6443,元晶         ,20161003,0,0,0,0,0,0,426855,0,3546,0
6443,元晶         ,20161004,0,0,0,0,0,0,426855,0,3770,0
6443,元晶         ,20161005,0,0,0,0,0,0,426855,0,3807,0
6443,元晶         ,20161006,0,0,0,0,0,0,426855,0,3912,0
6443,元晶         ,20161007,0,0,0,0,0,0,426855,0,3583,0
6443,元晶         ,20161011,0,0,0,0,0,0,426855,0,3519,0
6443,元晶         ,20161012,0,0,0,0,0,0,426855,0,3997,0
6443,元晶         ,20161013,0,0,0,0,0,0,426855,0,3418,0
6443,元晶         ,20161014,0,0,0,0,0,0,426855,0,3406,0
6443,元晶         ,20161017,0,0,0,0,0,0,426855,0,3433,0
6443,元晶         ,20161018,0,0,0,0,0,0,426855,0,3420,0
6443,元晶         ,20161019,0,0,0,0,0,0,426855,0,3419,0
6443,元晶         ,20161020,0,0,0,0,0,0,426855,0,3525,0
6443,元晶         ,20161021,0,0,0,0,0,0,426855,0,3664,0
6443,元晶         ,20161024,0,0,0,0,0,0,426855,0,4034,0
6443,元晶         ,20161025,0,0,0,0,0,0,426855,0,3903,0
6443,元晶         ,20161026,0,0,0,0,0,0,426855,0,3841,0
6443,元晶         ,20161027,0,0,0,0,0,0,426855,0,4133,0
6443,元晶         ,20161028,0,0,0,0,0,0,426855,0,3941,0
6443,元晶         ,20161031,0,0,0,0,0,0,426855,0,4018,0
6443,元晶         ,20161101,0,0,0,0,0,0,426855,0,4008,0
6443,元晶         ,20161102,0,0,0,0,0,0,426855,0,3889,0
6443,元晶         ,20161103,0,0,0,0,0,0,426855,0,3989,0
6443,元晶         ,20161104,0,0,0,0,0,0,426855,0,3911,0
6443,元晶         ,20161107,0,0,0,0,0,0,426855,0,3920,0
6443,元晶         ,20161108,0,0,0,0,0,0,426855,0,4070,0
6443,元晶         ,20161109,0,0,0,0,0,0,426855,0,4005,0
6443,元晶         ,20161110,0,0,0,0,0,0,426855,0,4002,0
6443,元晶         ,20161111,0,0,0,0,0,0,426855,0,3915,0
6443,元晶         ,20161114,0,0,0,0,0,0,426855,0,3915,0
6443,元晶         ,20161115,0,0,0,0,0,0,426855,0,4246,0
6443,元晶         ,20161116,0,0,0,0,0,0,426855,0,4051,0
6443,元晶         ,20161117,0,0,0,0,0,0,426855,0,4015,0
6443,元晶         ,20161118,0,0,0,0,0,0,426855,0,4386,0
6443,元晶         ,20161121,0,0,0,0,0,0,426855,0,4447,0
6443,元晶         ,20161122,0,0,0,0,0,0,426855,0,4638,0
6443,元晶         ,20161123,0,0,0,0,0,0,426855,0,4358,0
6443,元晶         ,20161124,0,0,0,0,0,0,426855,0,4038,0
6443,元晶         ,20161125,0,0,0,0,0,0,426855,0,4095,0
6443,元晶         ,20161128,0,0,0,0,0,0,426855,0,4266,0
6443,元晶         ,20161129,0,0,0,0,0,0,426855,0,4278,0
6443,元晶         ,20161130,0,0,0,0,0,0,426855,0,4068,0
6443,元晶         ,20161201,0,0,0,0,0,0,426855,0,4130,0
6443,元晶         ,20161202,0,0,0,0,0,0,426855,0,4061,0
6443,元晶         ,20161205,0,0,0,0,0,0,426855,0,3963,0
6443,元晶         ,20161206,0,0,0,0,0,0,426855,0,3799,0
6443,元晶         ,20161207,0,0,0,0,0,0,426855,0,3758,0
6443,元晶         ,20161208,0,0,0,0,0,0,426855,0,3723,0
6443,元晶         ,20161209,0,0,0,0,0,0,426855,0,4307,0
6443,元晶         ,20161212,0,0,0,0,0,0,426855,0,4567,0
6443,元晶         ,20161213,0,0,0,0,0,0,426855,0,4679,0
6443,元晶         ,20161214,0,0,0,0,0,0,426855,0,5029,0
6443,元晶         ,20161215,0,0,0,0,0,0,426855,0,4987,0
6443,元晶         ,20161216,0,0,0,0,0,0,426855,0,5153,0
6443,元晶         ,20161219,0,0,0,0,0,0,426855,0,5204,0
6443,元晶         ,20161220,0,0,0,0,0,0,426855,0,5081,0
6443,元晶         ,20161221,0,0,0,0,0,0,426855,0,4935,0
6443,元晶         ,20161222,0,0,0,0,0,0,426855,0,4863,0
6443,元晶         ,20161223,0,0,0,0,0,0,426855,0,4789,0
6443,元晶         ,20161226,0,0,0,0,0,0,426855,0,4770,0
6443,元晶         ,20161227,0,0,0,0,0,0,426855,0,4762,0
6443,元晶         ,20161228,0,0,0,0,0,0,426855,0,4855,0
6443,元晶         ,20161229,0,0,0,0,0,0,426855,0,4842,0
6443,元晶         ,20161230,0,0,0,0,0,0,426855,0,4904,0
6443,元晶         ,20170103,0,0,0,0,0,0,426855,0,4932,0
6443,元晶         ,20170104,0,0,0,0,0,0,426855,0,4685,0
6443,元晶         ,20170105,0,0,0,0,0,0,426855,0,4618,0
6443,元晶         ,20170106,0,0,0,0,0,0,426855,0,4614,0
6443,元晶         ,20170109,0,0,0,0,0,0,426855,0,4292,0
6443,元晶         ,20170110,0,0,0,0,0,0,426855,0,3991,0
6443,元晶         ,20170111,0,0,0,0,0,0,426855,0,3860,0
6443,元晶         ,20170112,0,0,0,0,0,0,426855,0,3650,0
6443,元晶         ,20170113,0,0,0,0,0,0,426855,0,3472,0
6443,元晶         ,20170116,0,0,0,0,0,0,426855,0,3374,0
6443,元晶         ,20170117,0,0,0,0,0,0,426855,0,3363,0
6443,元晶         ,20170118,0,0,0,0,0,0,426855,0,3509,0
6443,元晶         ,20170119,0,0,0,0,0,0,426855,0,3684,0
6443,元晶         ,20170120,0,0,0,0,0,0,426855,0,3798,0
6443,元晶         ,20170123,0,0,0,0,0,0,426855,0,3949,0
6443,元晶         ,20170124,0,0,0,0,0,0,426855,0,4118,0
6443,元晶         ,20170202,0,0,0,0,0,0,426855,0,4480,0
6443,元晶         ,20170203,0,0,0,0,0,0,426855,0,4767,0
6443,元晶         ,20170206,0,0,0,0,0,0,426855,0,5055,0
6443,元晶         ,20170207,0,0,0,0,0,0,426855,0,5339,0
6443,元晶         ,20170208,0,0,0,0,0,0,426855,0,4745,0
6443,元晶         ,20170209,0,0,0,0,0,0,426855,0,4797,0
6443,元晶         ,20170210,0,0,0,0,0,0,426855,0,4424,0
6443,元晶         ,20170213,0,0,0,0,0,0,426855,0,4371,0
6443,元晶         ,20170214,0,0,0,0,0,0,426855,0,3167,0
6443,元晶         ,20170215,0,0,0,0,0,0,426855,0,3263,0
6443,元晶         ,20170216,0,0,0,0,0,0,426855,0,3300,0
6443,元晶         ,20170217,0,0,0,0,0,0,426855,0,3321,0
6443,元晶         ,20170218,0,0,0,0,0,0,426855,0,3321,0
6443,元晶         ,20170220,0,0,0,0,0,0,426855,0,3308,0
6443,元晶         ,20170221,0,0,0,0,0,0,426855,0,3323,0
6443,元晶         ,20170222,0,0,0,0,0,0,426855,0,3320,0
6443,元晶         ,20170223,0,0,0,0,0,0,426855,0,3361,0
6443,元晶         ,20170224,0,0,0,0,0,0,426855,0,3396,0
6443,元晶         ,20170301,0,0,0,0,0,0,426855,0,3498,0
6443,元晶         ,20170302,0,0,0,0,0,0,426855,0,3487,0
6443,元晶         ,20170303,0,0,0,0,0,0,426855,0,3463,0
6443,元晶         ,20170306,0,0,0,0,0,0,426855,0,3521,0
6443,元晶         ,20170307,0,0,0,0,0,0,426855,0,3542,0
6443,元晶         ,20170308,0,0,0,0,0,0,426855,0,3537,0
6443,元晶         ,20170309,0,0,0,0,0,0,426855,0,3502,0
6443,元晶         ,20170310,0,0,0,0,0,0,426855,0,3499,0
6443,元晶         ,20170313,0,0,0,0,0,0,426855,0,3706,0
6443,元晶         ,20170314,0,0,0,0,0,0,426855,0,3553,0
6443,元晶         ,20170315,0,0,0,0,0,0,426855,0,3774,0
6443,元晶         ,20170316,0,0,0,0,0,0,426855,0,3576,0
6443,元晶         ,20170317,0,0,0,0,0,0,426855,0,3619,0
6443,元晶         ,20170320,0,0,0,0,0,0,426855,0,3861,0
6443,元晶         ,20170321,0,0,0,0,0,0,426855,0,3861,0
6443,元晶         ,20170322,0,0,0,0,0,0,426855,0,3964,0
6443,元晶         ,20170323,0,0,0,0,0,0,426855,0,3892,0
6443,元晶         ,20170324,0,0,0,0,0,0,426855,0,3967,0
6443,元晶         ,20170327,0,0,0,0,0,0,426855,0,4008,0
6443,元晶         ,20170328,0,0,0,0,0,0,426855,0,4194,0
6443,元晶         ,20170329,0,0,0,0,0,0,426855,0,4350,0
6443,元晶         ,20170330,0,0,0,0,0,0,426855,0,4221,0
6443,元晶         ,20170331,0,0,0,0,0,0,426855,0,4237,0
6443,元晶         ,20170405,0,0,0,0,0,0,426855,0,4427,0
6443,元晶         ,20170406,0,0,0,0,0,0,426855,0,5396,0
6443,元晶         ,20170407,0,0,0,0,0,0,426855,0,5541,0
6443,元晶         ,20170410,0,0,0,0,0,0,426855,0,4752,0
6443,元晶         ,20170411,0,0,0,0,0,0,426855,0,4815,0
6443,元晶         ,20170412,0,0,0,0,0,0,426855,0,4794,0
6443,元晶         ,20170413,0,0,0,0,0,0,426855,0,4775,0
6443,元晶         ,20170414,0,0,0,0,0,0,426855,0,4715,0
6443,元晶         ,20170417,0,0,0,0,0,0,426855,0,4790,0
6443,元晶         ,20170418,0,0,0,0,0,0,426855,0,5034,0
6443,元晶         ,20170419,0,0,0,0,0,0,426855,0,4952,0
6443,元晶         ,20170420,0,0,0,0,0,0,426855,0,4893,0
6443,元晶         ,20170421,0,0,0,0,0,0,426855,0,4965,0
6443,元晶         ,20170424,0,0,0,0,0,0,426855,0,5054,0
6443,元晶         ,20170425,0,0,0,0,0,0,426855,0,5076,0
6443,元晶         ,20170426,0,0,0,0,0,0,426855,0,5410,0
6443,元晶         ,20170427,0,0,0,0,0,0,426855,0,5436,0
6443,元晶         ,20170428,0,0,0,0,0,0,426855,0,5208,0
6443,元晶         ,20170502,0,0,0,0,0,0,426855,0,5326,0
6443,元晶         ,20170503,0,0,0,0,0,0,426855,0,5362,0
6443,元晶         ,20170504,0,0,0,0,0,0,426855,0,5454,0
6443,元晶         ,20170505,0,0,0,0,0,0,426855,0,5695,0
6443,元晶         ,20170508,0,0,0,0,0,0,426855,0,5834,0
6443,元晶         ,20170509,0,0,0,0,0,0,426855,0,6271,0
6443,元晶         ,20170510,0,0,0,0,0,0,426855,0,5825,0
6443,元晶         ,20170511,0,0,0,0,0,0,426855,0,6018,0
6443,元晶         ,20170512,0,0,0,0,0,0,426855,0,5793,0
6443,元晶         ,20170515,0,0,0,0,0,0,426855,0,5695,0
6443,元晶         ,20170516,0,0,0,0,0,0,426855,0,5730,0
6443,元晶         ,20170517,0,0,0,0,0,0,426855,0,5780,0
6443,元晶         ,20170518,0,0,0,0,0,0,426855,0,6033,0
6443,元晶         ,20170519,0,0,0,0,0,0,426855,0,6057,0
6443,元晶         ,20170522,0,0,0,0,0,0,426855,0,6792,0
6443,元晶         ,20170523,0,0,0,0,0,0,426855,0,6670,0
6443,元晶         ,20170524,0,0,0,0,0,0,426855,0,6723,0
6443,元晶         ,20170525,0,0,0,0,0,0,426855,0,7572,0
6443,元晶         ,20170526,0,0,0,0,0,0,426855,0,7161,0
6443,元晶         ,20170531,0,0,0,0,0,0,426855,0,7120,0
6443,元晶         ,20170601,0,0,0,0,0,0,426855,0,7188,0
6443,元晶         ,20170602,0,0,0,0,0,0,426855,0,7178,0
6443,元晶         ,20170603,0,0,0,0,0,0,426855,0,7178,0
6443,元晶         ,20170605,0,0,0,0,0,0,426855,0,7503,0
6443,元晶         ,20170606,0,0,0,0,0,0,426855,0,7352,0
6443,元晶         ,20170607,0,0,0,0,0,0,426855,0,7217,0
6443,元晶         ,20170608,0,0,0,0,0,0,426855,0,8157,0
6443,元晶         ,20170609,0,0,0,0,0,0,426855,0,8564,0
6443,元晶         ,20170612,0,0,0,0,0,0,426855,0,8878,0
6443,元晶         ,20170613,0,0,0,0,0,0,426855,0,5732,0
6443,元晶         ,20170614,0,0,0,0,0,0,426855,0,5696,0
6443,元晶         ,20170615,0,0,0,0,0,0,426855,0,5718,0
6443,元晶         ,20170616,0,0,0,0,0,0,426855,0,5873,0
6443,元晶         ,20170619,0,0,0,0,0,0,426855,0,5692,0
6443,元晶         ,20170620,0,0,0,0,0,0,426855,0,5286,0
6443,元晶         ,20170621,0,0,0,0,0,0,426855,0,5427,0
6443,元晶         ,20170622,0,0,0,0,0,0,426855,0,5576,0
6443,元晶         ,20170623,0,0,0,0,0,0,426855,0,4988,0
6443,元晶         ,20170626,0,0,0,0,0,0,426855,0,4696,0
6443,元晶         ,20170627,0,0,0,0,0,0,426855,0,4650,0
6443,元晶         ,20170628,0,0,0,0,0,0,426855,0,4586,0
6443,元晶         ,20170629,0,0,0,0,0,0,426855,0,4733,0
6443,元晶         ,20170630,0,0,0,0,0,0,426855,0,4784,0
6443,元晶         ,20170703,0,0,0,0,0,0,426855,0,4903,0
6443,元晶         ,20170704,0,0,0,0,0,0,426855,0,4740,0
6443,元晶         ,20170705,0,0,0,0,0,0,426855,0,4784,0
6443,元晶         ,20170706,0,0,0,0,0,0,426855,0,4862,0
6443,元晶         ,20170707,0,0,0,0,0,0,426855,0,4909,0
6443,元晶         ,20170710,0,0,0,0,0,0,426855,0,4911,0
6443,元晶         ,20170711,0,0,0,0,0,0,426855,0,4961,0
6443,元晶         ,20170712,0,0,0,0,0,0,426855,0,5202,0
6443,元晶         ,20170713,0,0,0,0,0,0,426855,0,5314,0
6443,元晶         ,20170714,0,0,0,0,0,0,426855,0,5202,0
6443,元晶         ,20170717,0,0,0,0,0,0,426855,0,5308,0
6443,元晶         ,20170718,0,0,0,0,0,0,426855,0,5263,0
6443,元晶         ,20170719,0,0,0,0,0,0,426855,0,5202,0
6443,元晶         ,20170720,0,0,0,0,0,0,426855,0,5206,0
6443,元晶         ,20170721,0,0,0,0,0,0,426855,0,5232,0
6443,元晶         ,20170724,0,0,0,0,0,0,426855,0,5085,0
6443,元晶         ,20170725,0,0,0,0,0,0,426855,0,5151,0
6443,元晶         ,20170726,0,0,0,0,0,0,426855,0,5490,0
6443,元晶         ,20170727,0,0,0,0,0,0,426855,0,5460,0
6443,元晶         ,20170728,0,0,0,0,0,0,426855,0,5324,0
6443,元晶         ,20170731,0,0,0,0,0,0,426855,0,5590,0
6443,元晶         ,20170801,0,0,0,0,0,0,426855,0,5769,0
6443,元晶         ,20170802,0,0,0,0,0,0,426855,0,5799,0
6443,元晶         ,20170803,0,0,0,0,0,0,426855,0,5462,0
6443,元晶         ,20170804,0,0,0,0,0,0,426855,0,5468,0
6443,元晶         ,20170807,0,0,0,0,0,0,426855,0,5502,0
6443,元晶         ,20170808,0,0,0,0,0,0,426855,0,5546,0
6443,元晶         ,20170809,0,0,0,0,0,0,426855,0,5629,0
6443,元晶         ,20170810,0,0,0,0,0,0,426855,0,5628,0
6443,元晶         ,20170811,0,0,0,0,0,0,426855,0,5615,0
6443,元晶         ,20170814,0,0,0,0,0,0,426855,0,5915,0
6443,元晶         ,20170815,0,0,0,0,0,0,426855,0,6034,0
6443,元晶         ,20170816,0,0,0,0,0,0,426855,0,5965,0
6443,元晶         ,20170817,0,0,0,0,0,0,426855,0,5922,0
6443,元晶         ,20170818,0,0,0,0,0,0,426855,0,5801,0
6443,元晶         ,20170821,0,0,0,0,0,0,426855,0,5788,0
6443,元晶         ,20170822,0,0,0,0,0,0,426855,0,5776,0
6443,元晶         ,20170823,0,0,0,0,0,0,426855,0,5768,0
6443,元晶         ,20170824,0,0,0,0,0,0,426855,0,5604,0
6443,元晶         ,20170825,0,0,0,0,0,0,426855,0,5675,0
6443,元晶         ,20170828,0,0,0,0,0,0,426855,0,5727,0
6443,元晶         ,20170829,0,0,0,0,0,0,426855,0,5771,0
6443,元晶         ,20170830,0,0,0,0,0,0,426855,0,5460,0
6443,元晶         ,20170831,0,0,0,0,0,0,426855,0,5711,0
6443,元晶         ,20170901,0,0,0,0,0,0,426855,0,5852,0
6443,元晶         ,20170904,0,0,0,0,0,0,426855,0,5777,0
6443,元晶         ,20170905,0,0,0,0,0,0,426855,0,5945,0
6443,元晶         ,20170906,0,0,0,0,0,0,426855,0,5617,0
6443,元晶         ,20170907,0,0,0,0,0,0,426855,0,5513,0
6443,元晶         ,20170908,0,0,0,0,0,0,426855,0,5453,0
6443,元晶         ,20170911,0,0,0,0,0,0,426855,0,5471,0
6443,元晶         ,20170912,0,0,0,0,0,0,426855,0,5280,0
6443,元晶         ,20170913,0,0,0,0,0,0,426855,0,5461,0
6443,元晶         ,20170914,0,0,0,0,0,0,426855,0,5555,0
6443,元晶         ,20170915,0,0,0,0,0,0,426855,0,5678,0
6443,元晶         ,20170918,0,0,0,0,0,0,426855,0,5883,0
6443,元晶         ,20170919,0,0,0,0,0,0,426855,0,6069,0
6443,元晶         ,20170920,0,0,0,0,0,0,426855,0,6142,0
6443,元晶         ,20170921,0,0,0,0,0,0,426855,0,6157,0
6443,元晶         ,20170922,0,0,0,0,0,0,426855,0,6215,0
6443,元晶         ,20170925,0,0,0,0,0,0,426855,0,6187,0
6443,元晶         ,20170926,0,0,0,0,0,0,426855,0,6238,0
6443,元晶         ,20170927,0,0,0,0,0,0,426855,0,5924,0
6443,元晶         ,20170928,0,0,0,0,0,0,426855,0,5766,0
6443,元晶         ,20170929,0,0,0,0,0,0,426855,0,5944,0
6443,元晶         ,20170930,0,0,0,0,0,0,426855,0,5799,0
6443,元晶         ,20171002,0,0,0,0,0,0,426855,0,5859,0
6443,元晶         ,20171003,0,0,0,0,0,0,426855,0,5927,0
6443,元晶         ,20171005,0,0,0,0,0,0,426855,0,6551,0
6443,元晶         ,20171006,0,0,0,0,0,0,426855,0,7782,0
6443,元晶         ,20171011,0,0,0,0,0,0,426855,0,8308,0
6443,元晶         ,20171012,0,0,0,0,0,0,426855,0,7801,0
6443,元晶         ,20171013,0,0,0,0,0,0,426855,0,7579,0
6443,元晶         ,20171016,0,0,0,0,0,0,426855,0,7298,0
6443,元晶         ,20171017,0,0,0,0,0,0,426855,0,10287,0
6443,元晶         ,20171018,0,0,0,0,0,0,426855,0,11407,0
6443,元晶         ,20171019,0,0,0,0,0,0,426855,0,11396,0
6443,元晶         ,20171020,0,0,0,0,0,0,426855,0,9940,0
6443,元晶         ,20171023,0,0,0,0,0,0,426855,0,9798,0
6443,元晶         ,20171024,0,0,0,0,0,0,426855,0,9322,0
6443,元晶         ,20171025,0,0,0,0,0,0,426855,0,9181,0
6443,元晶         ,20171026,0,0,0,0,0,0,426855,0,8864,0
6443,元晶         ,20171027,0,0,0,0,0,0,426855,0,8820,0
6443,元晶         ,20171030,0,0,0,0,0,0,426855,0,8924,0
6443,元晶         ,20171031,0,0,0,0,0,0,426855,0,8254,0
6443,元晶         ,20171101,0,0,0,0,0,0,426855,0,8629,0
6443,元晶         ,20171102,0,0,0,0,0,0,426855,0,8823,0
6443,元晶         ,20171103,0,0,0,0,0,0,426855,0,8941,0
6443,元晶         ,20171106,0,0,0,0,0,0,426855,0,9057,0
6443,元晶         ,20171107,0,0,0,0,0,0,426855,0,8427,0
6443,元晶         ,20171108,0,0,0,0,0,0,426855,0,8414,0
6443,元晶         ,20171109,0,0,0,0,0,0,426855,0,8410,0
6443,元晶         ,20171110,0,0,0,0,0,0,426855,0,8815,0
6443,元晶         ,20171113,0,0,0,0,0,0,426855,0,8260,0
6443,元晶         ,20171114,0,0,0,0,0,0,426855,0,8304,0
6443,元晶         ,20171115,0,0,0,0,0,0,426855,0,8492,0
6443,元晶         ,20171116,0,0,0,0,0,0,426855,0,8543,0
6443,元晶         ,20171117,0,0,0,0,0,0,426855,0,8200,0
6443,元晶         ,20171120,0,0,0,0,0,0,426855,0,8751,0
6443,元晶         ,20171121,0,0,0,0,0,0,426855,0,9307,0
6443,元晶         ,20171122,0,0,0,0,0,0,426855,0,8345,0
6443,元晶         ,20171123,0,0,0,0,0,0,426855,0,8559,0
6443,元晶         ,20171124,0,0,0,0,0,0,476855,0,10152,0
6443,元晶         ,20171127,0,0,0,0,0,0,476855,0,9404,0
6443,元晶         ,20171128,0,0,0,0,0,0,476855,0,9510,0
6443,元晶         ,20171129,0,0,0,0,0,0,476855,0,9373,0
6443,元晶         ,20171130,0,0,0,0,0,0,476855,0,9319,0
6443,元晶         ,20171201,0,0,0,0,0,0,476855,0,9300,0
6443,元晶         ,20171204,0,0,0,0,0,0,476855,0,9461,0
6443,元晶         ,20171205,0,0,0,0,0,0,476855,0,9498,0
6443,元晶         ,20171206,0,0,0,0,0,0,476855,0,9586,0
6443,元晶         ,20171207,0,0,0,0,0,0,476855,0,9261,0
6443,元晶         ,20171208,0,0,0,0,0,0,476855,0,9405,0
6443,元晶         ,20171211,0,0,0,0,0,0,476855,0,9464,0
6443,元晶         ,20171212,0,0,0,0,0,0,476855,0,9429,0
6443,元晶         ,20171213,0,0,0,0,0,0,476855,0,10024,0
6443,元晶         ,20171214,0,0,0,0,0,0,476855,0,10179,0
6443,元晶         ,20171215,0,0,0,0,0,0,476855,0,10293,0
6443,元晶         ,20171218,0,0,0,0,0,0,476855,0,10545,0
6443,元晶         ,20171219,0,0,0,0,0,0,476855,0,10728,0
6443,元晶         ,20171220,0,0,0,0,0,0,476855,0,10873,0
6443,元晶         ,20171221,0,0,0,0,0,0,476855,0,10926,0
6443,元晶         ,20171222,0,0,0,0,0,0,476855,0,10751,0
6443,元晶         ,20171225,0,0,0,0,0,0,476855,0,10749,0
6443,元晶         ,20171226,0,0,0,0,0,0,476855,0,10746,0
6443,元晶         ,20171227,0,0,0,0,0,0,476855,0,10718,0
6443,元晶         ,20171228,0,0,0,0,0,0,476855,0,10742,0
6443,元晶         ,20171229,0,0,0,0,0,0,476855,0,10798,0
6443,元晶         ,20180102,0,0,0,0,0,0,476855,0,10931,0
6443,元晶         ,20180103,0,0,0,0,0,0,476855,0,10993,0
6443,元晶         ,20180104,0,0,0,0,0,0,476855,0,11263,0
6443,元晶         ,20180105,0,0,0,0,0,0,476855,0,11385,0
6443,元晶         ,20180108,0,0,0,0,0,0,476855,0,11301,0
6443,元晶         ,20180109,0,0,0,0,0,0,476855,0,11315,0
6443,元晶         ,20180110,0,0,0,0,0,0,476855,0,11261,0
6443,元晶         ,20180111,0,0,0,0,0,0,476855,0,11234,0
6443,元晶         ,20180112,0,0,0,0,0,0,476855,0,11297,0
6443,元晶         ,20180115,0,0,0,0,0,0,476855,0,11348,0
6443,元晶         ,20180116,0,0,0,0,0,0,476855,0,11489,0
6443,元晶         ,20180117,0,0,0,0,0,0,476855,0,11679,0
6443,元晶         ,20180118,0,0,0,0,0,0,476855,0,11729,0
6443,元晶         ,20180119,0,0,0,0,0,0,476855,0,11986,0
6443,元晶         ,20180122,0,0,0,0,0,0,476855,0,12161,0
6443,元晶         ,20180123,0,0,0,0,0,0,476855,0,12061,0
6443,元晶         ,20180124,0,0,0,0,0,0,476855,0,12169,0
6443,元晶         ,20180125,0,0,0,0,0,0,476855,0,12187,0
6443,元晶         ,20180126,0,0,0,0,0,0,476855,0,12091,0
6443,元晶         ,20180129,0,0,0,0,0,0,476855,0,11931,0
6443,元晶         ,20180130,0,0,0,0,0,0,476855,0,11829,0
6443,元晶         ,20180131,0,0,0,0,0,0,476855,0,11561,0
6443,元晶         ,20180201,0,0,0,0,0,0,476855,0,11614,0
6443,元晶         ,20180202,0,0,0,0,0,0,476855,0,11556,0
6443,元晶         ,20180205,0,0,0,0,0,0,476855,0,11630,0
6443,元晶         ,20180206,0,0,0,0,0,0,476855,0,11657,0
6443,元晶         ,20180207,0,0,0,0,0,0,476855,0,11789,0
6443,元晶         ,20180208,0,0,0,0,0,0,476855,0,11888,0
6443,元晶         ,20180209,0,0,0,0,0,0,476855,0,12217,0
6443,元晶         ,20180212,0,0,0,0,0,0,476855,0,12210,0
6443,元晶         ,20180221,0,0,0,0,0,0,476855,0,12281,0
6443,元晶         ,20180222,0,0,0,0,0,0,476855,0,12254,0
6443,元晶         ,20180223,0,0,0,0,0,0,476855,0,12250,0
6443,元晶         ,20180226,0,0,0,0,0,0,476855,0,12229,0
6443,元晶         ,20180227,0,0,0,0,0,0,476855,0,12202,0
6443,元晶         ,20180301,0,0,0,0,0,0,476855,0,12238,0
6443,元晶         ,20180302,0,0,0,0,0,0,476855,0,12211,0
6443,元晶         ,20180305,0,0,0,0,0,0,476855,0,12128,0
6443,元晶         ,20180306,0,0,0,0,0,0,476855,0,12184,0
6443,元晶         ,20180307,0,0,0,0,0,0,476855,0,12213,0
6443,元晶         ,20180308,0,0,0,0,0,0,476855,0,12344,0
6443,元晶         ,20180309,0,0,0,0,0,0,476855,0,12413,0
6443,元晶         ,20180312,0,0,0,0,0,0,476855,0,12547,0
6443,元晶         ,20180313,0,0,0,0,0,0,476855,0,12790,0
6443,元晶         ,20180314,0,0,0,0,0,0,476855,0,12629,0
6443,元晶         ,20180315,0,0,0,0,0,0,476855,0,12582,0
6443,元晶         ,20180316,0,0,0,0,0,0,476855,0,12468,0
6443,元晶         ,20180319,0,0,0,0,0,0,476855,0,12541,0
6443,元晶         ,20180320,0,0,0,0,0,0,476855,0,12431,0
6443,元晶         ,20180321,0,0,0,0,0,0,476855,0,12425,0
6443,元晶         ,20180322,0,0,0,0,0,0,476855,0,12394,0
6443,元晶         ,20180323,0,0,0,0,0,0,476855,0,12101,0
6443,元晶         ,20180326,0,0,0,0,0,0,476855,0,12110,0
6443,元晶         ,20180327,0,0,0,0,0,0,476855,0,12091,0
6443,元晶         ,20180328,0,0,0,0,0,0,476855,0,12076,0
6443,元晶         ,20180329,0,0,0,0,0,0,476855,0,12074,0
6443,元晶         ,20180330,0,0,0,0,0,0,476855,0,12058,0
6443,元晶         ,20180331,0,0,0,0,0,0,476855,0,12058,0
6443,元晶         ,20180402,0,0,0,0,0,0,476855,0,12100,0
6443,元晶         ,20180403,0,0,0,0,0,0,476855,0,12084,0
6443,元晶         ,20180409,0,0,0,0,0,0,476855,0,12067,0
6443,元晶         ,20180410,0,0,0,0,0,0,476855,0,12065,0
6443,元晶         ,20180411,0,0,0,0,0,0,476855,0,12123,0
6443,元晶         ,20180412,0,0,0,0,0,0,476855,0,12297,0
6443,元晶         ,20180413,0,0,0,0,0,0,476855,0,12284,0
6443,元晶         ,20180416,0,0,0,0,0,0,476855,0,12237,0
6443,元晶         ,20180417,0,0,0,0,0,0,476855,0,12292,0
6443,元晶         ,20180418,0,0,0,0,0,0,476855,0,12362,0
6443,元晶         ,20180419,0,0,0,0,0,0,476855,0,12504,0
6443,元晶         ,20180420,0,0,0,0,0,0,476855,0,12434,0
6443,元晶         ,20180423,0,0,0,0,0,0,476855,0,12438,0
6443,元晶         ,20180424,0,0,0,0,0,0,476855,0,12513,0
6443,元晶         ,20180425,0,0,0,0,0,0,476855,0,12518,0
6443,元晶         ,20180426,0,0,0,0,0,0,476855,0,12970,0
6443,元晶         ,20180427,0,0,0,0,0,0,476855,0,13021,0
6443,元晶         ,20180430,0,0,0,0,0,0,476855,0,13121,0
6443,元晶         ,20180502,0,0,0,0,0,0,476855,0,13098,0
6443,元晶         ,20180503,0,0,0,0,0,0,476855,0,14688,0
6443,元晶         ,20180504,0,0,0,0,0,0,476855,0,13491,0
6443,元晶         ,20180507,0,0,0,0,0,0,476855,0,13433,0
6443,元晶         ,20180508,0,0,0,0,0,0,476855,0,13011,0
6443,元晶         ,20180509,0,0,0,0,0,0,476855,0,12848,0
6443,元晶         ,20180510,0,0,0,0,0,0,476855,0,14710,0
6443,元晶         ,20180511,0,0,0,0,0,0,476855,0,14724,0
6443,元晶         ,20180514,0,0,0,0,0,0,476855,0,15116,0
6443,元晶         ,20180515,0,0,0,0,0,0,476855,0,14707,0
6443,元晶         ,20180516,0,0,0,0,0,0,476855,0,14730,0
6443,元晶         ,20180517,0,0,0,0,0,0,476855,0,14730,0
6443,元晶         ,20180518,0,0,0,0,0,0,476855,0,14692,0
6443,元晶         ,20180521,0,0,0,0,0,0,476855,0,14590,0
6443,元晶         ,20180522,0,0,0,0,0,0,476855,0,14591,0
6443,元晶         ,20180523,0,0,0,0,0,0,476855,0,14596,0
6443,元晶         ,20180524,0,0,0,0,0,0,476855,0,14658,0
6443,元晶         ,20180525,0,0,0,0,0,0,476855,0,14658,0
6443,元晶         ,20180528,0,0,0,0,0,0,476855,0,14661,0
6443,元晶         ,20180529,0,0,0,0,0,0,476855,0,14616,0
6443,元晶         ,20180530,0,0,0,0,0,0,476855,0,14614,0
6443,元晶         ,20180531,0,0,0,0,0,0,476855,0,14679,0
6443,元晶         ,20180601,0,0,0,0,0,0,476855,0,14686,0
6443,元晶         ,20180604,0,0,0,0,0,0,476855,0,14813,0
6443,元晶         ,20180605,0,0,0,0,0,0,476855,0,14690,0
6443,元晶         ,20180606,0,0,0,0,0,0,476855,0,14713,0
6443,元晶         ,20180607,0,0,0,0,0,0,476855,0,14830,0
6443,元晶         ,20180608,0,0,0,0,0,0,476855,0,14916,0
6443,元晶         ,20180611,0,0,0,0,0,0,476855,0,15055,0
6443,元晶         ,20180612,0,0,0,0,0,0,476855,0,15194,0
6443,元晶         ,20180613,0,0,0,0,0,0,476855,0,15241,0
6443,元晶         ,20180614,0,0,0,0,0,0,476855,0,15215,0
6443,元晶         ,20180615,0,0,0,0,0,0,476855,0,15186,0
6443,元晶         ,20180619,0,0,0,0,0,0,476855,0,15131,0
6443,元晶         ,20180620,0,0,0,0,0,0,476855,0,15112,0
6443,元晶         ,20180621,0,0,0,0,0,0,476855,0,15041,0
6443,元晶         ,20180622,0,0,0,0,0,0,476855,0,15076,0
6443,元晶         ,20180625,0,0,0,0,0,0,476855,0,15075,0
6443,元晶         ,20180626,0,0,0,0,0,0,476855,0,15076,0
6443,元晶         ,20180627,0,0,0,0,0,0,476855,0,15074,0
6443,元晶         ,20180628,0,0,0,0,0,0,476855,0,15630,0
6443,元晶         ,20180629,0,0,0,0,0,0,476855,0,15135,0
6443,元晶         ,20180702,0,0,0,0,0,0,476855,0,15095,0
6443,元晶         ,20180703,0,0,0,0,0,0,476855,0,15112,0
6443,元晶         ,20180704,0,0,0,0,0,0,476855,0,15101,0
6443,元晶         ,20180705,0,0,0,0,0,0,476855,0,15099,0
6443,元晶         ,20180706,0,0,0,0,0,0,476855,0,15083,0
6443,元晶         ,20180709,0,0,0,0,0,0,476855,0,15095,0
6443,元晶         ,20180710,0,0,0,0,0,0,476855,0,15170,0
6443,元晶         ,20180711,0,0,0,0,0,0,476855,0,15242,0
6443,元晶         ,20180712,0,0,0,0,0,0,476855,0,15257,0
6443,元晶         ,20180713,0,0,0,0,0,0,476855,0,15408,0
6443,元晶         ,20180716,0,0,0,0,0,0,476855,0,15514,0
6443,元晶         ,20180717,0,0,0,0,0,0,476855,0,15423,0
6443,元晶         ,20180718,0,0,0,0,0,0,476855,0,15372,0
6443,元晶         ,20180719,0,0,0,0,0,0,476855,0,15410,0
6443,元晶         ,20180720,0,0,0,0,0,0,476855,0,15304,0
6443,元晶         ,20180723,0,0,0,0,0,0,476855,0,15237,0
6443,元晶         ,20180724,0,0,0,0,0,0,476855,0,15505,0
6443,元晶         ,20180725,0,0,0,0,0,0,476855,0,15452,0
6443,元晶         ,20180726,0,0,0,0,0,0,476855,0,16240,0
6443,元晶         ,20180727,0,0,0,0,0,0,476855,0,15156,0
6443,元晶         ,20180730,0,0,0,0,0,0,476855,0,15013,0
6443,元晶         ,20180731,0,0,0,0,0,0,476855,0,14968,0
6443,元晶         ,20180801,0,0,0,0,0,0,476855,0,14830,0
6443,元晶         ,20180802,0,0,0,0,0,0,476855,0,14724,0
6443,元晶         ,20180803,0,0,0,0,0,0,476855,0,14717,0
6443,元晶         ,20180806,0,0,0,0,0,0,476855,0,14725,0
6443,元晶         ,20180807,0,0,0,0,0,0,476855,0,14742,0
6443,元晶         ,20180808,0,0,0,0,0,0,476855,0,14747,0
6443,元晶         ,20180809,0,0,0,0,0,0,476855,0,14743,0
6443,元晶         ,20180810,0,0,0,0,0,0,476855,0,14747,0
6443,元晶         ,20180813,0,0,0,0,0,0,476855,0,14629,0
6443,元晶         ,20180814,0,0,0,0,0,0,476855,0,14702,0
6443,元晶         ,20180815,0,0,0,0,0,0,476855,0,14788,0
6443,元晶         ,20180816,0,0,0,0,0,0,476855,0,14805,0
6443,元晶         ,20180817,0,0,0,0,0,0,476855,0,14800,0
6443,元晶         ,20180820,0,0,0,0,0,0,476855,0,14857,0
6443,元晶         ,20180821,0,0,0,0,0,0,476855,0,14909,0
6443,元晶         ,20180822,0,0,0,0,0,0,476855,0,14906,0
6443,元晶         ,20180823,0,0,0,0,0,0,476855,0,14922,0
6443,元晶         ,20180824,0,0,0,0,0,0,476855,0,14884,0
6443,元晶         ,20180827,0,0,0,0,0,0,476855,0,14897,0
6443,元晶         ,20180828,0,0,0,0,0,0,476855,0,14899,0
6443,元晶         ,20180829,0,0,0,0,0,0,476855,0,14894,0
6443,元晶         ,20180830,0,0,0,0,0,0,476855,0,15065,0
6443,元晶         ,20180831,0,0,0,0,0,0,476855,0,15254,0
6443,元晶         ,20180903,0,0,0,0,0,0,476855,0,14706,0
6443,元晶         ,20180904,0,0,0,0,0,0,476855,0,14850,0
6443,元晶         ,20180905,0,0,0,0,0,0,476855,0,14822,0
6443,元晶         ,20180906,0,0,0,0,0,0,476855,0,14838,0
6443,元晶         ,20180907,0,0,0,0,0,0,476855,0,14740,0
6443,元晶         ,20180910,0,0,0,0,0,0,476855,0,14741,0
6443,元晶         ,20180911,0,0,0,0,0,0,476855,0,15018,0
6443,元晶         ,20180912,0,0,0,0,0,0,476855,0,15057,0
6443,元晶         ,20180913,0,0,0,0,0,0,476855,0,15581,0
6443,元晶         ,20180914,0,0,0,0,0,0,476855,0,15541,0
6443,元晶         ,20180917,0,0,0,0,0,0,476855,0,15589,0
6443,元晶         ,20180918,0,0,0,0,0,0,476855,0,15592,0
6443,元晶         ,20180919,0,0,0,0,0,0,476855,0,16025,0
6443,元晶         ,20180920,0,0,0,0,0,0,476855,0,15827,0
6443,元晶         ,20180921,0,0,0,0,0,0,476855,0,15728,0
6443,元晶         ,20180925,0,0,0,0,0,0,476855,0,15705,0
6443,元晶         ,20180926,0,0,0,0,0,0,476855,0,15718,0
6443,元晶         ,20180927,0,0,0,0,0,0,476855,0,15662,0
6443,元晶         ,20180928,0,0,0,0,0,0,476855,0,15595,0
6443,元晶         ,20181001,0,0,0,0,0,0,476855,0,15688,0
6443,元晶         ,20181002,0,0,0,0,0,0,476855,0,15584,0
6443,元晶         ,20181003,0,0,0,0,0,0,476855,0,15573,0
6443,元晶         ,20181004,0,0,0,0,0,0,476855,0,15527,0
6443,元晶         ,20181005,0,0,0,0,0,0,476855,0,15494,0
6443,元晶         ,20181008,0,0,0,0,0,0,476855,0,15295,0
6443,元晶         ,20181009,0,0,0,0,0,0,476855,0,15029,0
6443,元晶         ,20181011,0,0,0,0,0,0,476855,0,14988,0
6443,元晶         ,20181012,0,0,0,0,0,0,476855,0,14870,0
6443,元晶         ,20181015,0,0,0,0,0,0,476855,0,14863,0
6443,元晶         ,20181016,0,0,0,0,0,0,476855,0,14842,0
6443,元晶         ,20181017,0,0,0,0,0,0,476855,0,14343,0
6443,元晶         ,20181018,0,0,0,0,0,0,476855,0,14422,0
6443,元晶         ,20181019,0,0,0,0,0,0,476855,0,14451,0
6443,元晶         ,20181022,0,0,0,0,0,0,476855,0,14533,0
6443,元晶         ,20181023,0,0,0,0,0,0,476855,0,14454,0
6443,元晶         ,20181024,0,0,0,0,0,0,476855,0,14453,0
6443,元晶         ,20181025,0,0,0,0,0,0,476855,0,13648,0
6443,元晶         ,20181026,0,0,0,0,0,0,476855,0,13744,0
6443,元晶         ,20181029,0,0,0,0,0,0,476855,0,13743,0
6443,元晶         ,20181030,0,0,0,0,0,0,476855,0,13670,0
6443,元晶         ,20181031,0,0,0,0,0,0,476855,0,13794,0
6443,元晶         ,20181101,0,0,0,0,0,0,476855,0,13844,0
6443,元晶         ,20181102,0,0,0,0,0,0,476855,0,13844,0
6443,元晶         ,20181105,0,0,0,0,0,0,476855,0,13935,0
6443,元晶         ,20181106,0,0,0,0,0,0,476855,0,13572,0
6443,元晶         ,20181107,0,0,0,0,0,0,476855,0,13670,0
6443,元晶         ,20181108,0,0,0,0,0,0,476855,0,13577,0
6443,元晶         ,20181109,0,0,0,0,0,0,476855,0,13562,0
6443,元晶         ,20181112,0,0,0,0,0,0,476855,0,13539,0
6443,元晶         ,20181113,0,0,0,0,0,0,476855,0,13486,0
6443,元晶         ,20181114,0,0,0,0,0,0,476855,0,13575,0
6443,元晶         ,20181115,0,0,0,0,0,0,476855,0,13535,0
6443,元晶         ,20181116,0,0,0,0,0,0,476855,0,13550,0
6443,元晶         ,20181119,0,0,0,0,0,0,476855,0,13835,0
6443,元晶         ,20181120,0,0,0,0,0,0,476855,0,13700,0
6443,元晶         ,20181121,0,0,0,0,0,0,476855,0,13924,0
6443,元晶         ,20181122,0,0,0,0,0,0,476855,0,13712,0
6443,元晶         ,20181123,0,0,0,0,0,0,476855,0,13633,0
6443,元晶         ,20181126,0,0,0,0,0,0,476855,0,13738,0
6443,元晶         ,20181127,0,0,0,0,0,0,476855,0,13606,0
6443,元晶         ,20181128,0,0,0,0,0,0,476855,0,13734,0
6443,元晶         ,20181129,0,0,0,0,0,0,476855,0,13709,0
6443,元晶         ,20181130,0,0,0,0,0,0,476855,0,13823,0
6443,元晶         ,20181203,0,0,0,0,0,0,476855,0,14084,0
6443,元晶         ,20181204,0,0,0,0,0,0,476855,0,14290,0
6443,元晶         ,20181205,0,0,0,0,0,0,476855,0,14245,0
6443,元晶         ,20181206,0,0,0,0,0,0,476855,0,14111,0
6443,元晶         ,20181207,0,0,0,0,0,0,476855,0,14193,0
6443,元晶         ,20181210,0,0,0,0,0,0,476855,0,14223,0
6443,元晶         ,20181211,0,0,0,0,0,0,476855,0,14195,0
6443,元晶         ,20181212,0,0,0,0,0,0,476855,0,14442,0
6443,元晶         ,20181213,0,0,0,0,0,0,476855,0,14346,0
6443,元晶         ,20181214,0,0,0,0,0,0,476855,0,14117,0
6443,元晶         ,20181217,0,0,0,0,0,0,476855,0,14023,0
6443,元晶         ,20181218,0,0,0,0,0,0,476855,0,13879,0
6443,元晶         ,20181219,0,0,0,0,0,0,476855,0,13828,0
6443,元晶         ,20181220,0,0,0,0,0,0,476855,0,13889,0
6443,元晶         ,20181221,0,0,0,0,0,0,476855,0,13927,0
6443,元晶         ,20181222,0,0,0,0,0,0,476855,0,13927,0
6443,元晶         ,20181224,0,0,0,0,0,0,476855,0,13937,0
6443,元晶         ,20181225,0,0,0,0,0,0,476855,0,13849,0
6443,元晶         ,20181226,0,0,0,0,0,0,476855,0,13847,0
6443,元晶         ,20181227,0,0,0,0,0,0,476855,0,13682,0
6443,元晶         ,20181228,0,0,0,0,0,0,476855,0,13697,0
6443,元晶         ,20190102,0,0,0,0,0,0,476855,0,13686,0
6443,元晶         ,20190103,0,0,0,0,0,0,476855,0,13691,0
6443,元晶         ,20190104,0,0,0,0,0,0,476855,0,13743,0
6443,元晶         ,20190107,0,0,0,0,0,0,476855,0,13708,0
6443,元晶         ,20190108,0,0,0,0,0,0,476855,0,13667,0
6443,元晶         ,20190109,0,0,0,0,0,0,476855,0,13728,0
6443,元晶         ,20190110,0,0,0,0,0,0,476855,0,13679,0
6443,元晶         ,20190111,0,0,0,0,0,0,476855,0,13648,0
6443,元晶         ,20190114,0,0,0,0,0,0,476855,0,13712,0
6443,元晶         ,20190115,0,0,0,0,0,0,476855,0,13664,0
6443,元晶         ,20190116,0,0,0,0,0,0,476855,0,13724,0
6443,元晶         ,20190117,0,0,0,0,0,0,476855,0,13596,0
6443,元晶         ,20190118,0,0,0,0,0,0,476855,0,13593,0
6443,元晶         ,20190121,0,0,0,0,0,0,476855,0,13599,0
6443,元晶         ,20190122,0,0,0,0,0,0,476855,0,13588,0
6443,元晶         ,20190123,0,0,0,0,0,0,476855,0,13585,0
6443,元晶         ,20190124,0,0,0,0,0,0,476855,0,13608,0
6443,元晶         ,20190125,0,0,0,0,0,0,476855,0,13638,0
6443,元晶         ,20190128,0,0,0,0,0,0,476855,0,13695,0
6443,元晶         ,20190129,0,0,0,0,0,0,476855,0,13655,0
6443,元晶         ,20190130,0,0,0,0,0,0,476855,0,13589,0
6443,元晶         ,20190211,0,0,0,0,0,0,476855,0,13586,0
6443,元晶         ,20190212,0,0,0,0,0,0,476855,0,13599,0
6443,元晶         ,20190213,0,0,0,0,0,0,476855,0,13563,0
6443,元晶         ,20190214,0,0,0,0,0,0,476855,0,13721,0
6443,元晶         ,20190215,0,0,0,0,0,0,476855,0,13605,0
6443,元晶         ,20190218,0,0,0,0,0,0,476855,0,13731,0
6443,元晶         ,20190219,0,0,0,0,0,0,476855,0,13723,0
6443,元晶         ,20190220,0,0,0,0,0,0,476855,0,13821,0
6443,元晶         ,20190221,0,0,0,0,0,0,476855,0,13877,0
6443,元晶         ,20190222,0,0,0,0,0,0,476855,0,13792,0
6443,元晶         ,20190225,0,0,0,0,0,0,476855,0,13997,0
6443,元晶         ,20190226,0,0,0,0,0,0,476855,0,14000,0
6443,元晶         ,20190227,0,0,0,0,0,0,476855,0,13922,0
6443,元晶         ,20190304,0,0,0,0,0,0,476855,0,13793,0
6443,元晶         ,20190305,0,0,0,0,0,0,476855,0,13763,0
6443,元晶         ,20190306,0,0,0,0,0,0,476855,0,13670,0
6443,元晶         ,20190307,0,0,0,0,0,0,476855,0,13624,0
6443,元晶         ,20190308,0,0,0,0,0,0,476855,0,13644,0
6443,元晶         ,20190311,0,0,0,0,0,0,476855,0,13666,0
6443,元晶         ,20190312,0,0,0,0,0,0,476855,0,13717,0
6443,元晶         ,20190313,0,0,0,0,0,0,476855,0,13922,0
6443,元晶         ,20190314,0,0,0,0,0,0,476855,0,13964,0
6443,元晶         ,20190315,0,0,0,0,0,0,476855,0,13978,0
6443,元晶         ,20190318,0,0,0,0,0,0,476855,0,13951,0
6443,元晶         ,20190319,0,0,0,0,0,0,476855,0,14164,0
6443,元晶         ,20190320,0,0,0,0,0,0,476855,0,14285,0
6443,元晶         ,20190321,0,0,0,0,0,0,476855,0,14272,0
6443,元晶         ,20190322,0,0,0,0,0,0,476855,0,14275,0
6443,元晶         ,20190325,0,0,0,0,0,0,476855,0,14091,0
6443,元晶         ,20190326,0,0,0,0,0,0,476855,0,14029,0
6443,元晶         ,20190327,0,0,0,0,0,0,476855,0,14014,0
6443,元晶         ,20190328,0,0,0,0,0,0,476855,0,13958,0
6443,元晶         ,20190329,0,0,0,0,0,0,476855,0,14028,0
6443,元晶         ,20190401,0,0,0,0,0,0,476855,0,13967,0
6443,元晶         ,20190402,0,0,0,0,0,0,476855,0,13934,0
6443,元晶         ,20190403,0,0,0,0,0,0,476855,0,14097,0
6443,元晶         ,20190408,0,0,0,0,0,0,476855,0,14034,0
6443,元晶         ,20190409,0,0,0,0,0,0,476855,0,14074,0
6443,元晶         ,20190410,0,0,0,0,0,0,476855,0,14242,0
6443,元晶         ,20190411,0,0,0,0,0,0,476855,0,14341,0
6443,元晶         ,20190412,0,0,0,0,0,0,476855,0,14417,0
6443,元晶         ,20190415,0,0,0,0,0,0,476855,0,14906,0
6443,元晶         ,20190416,0,0,0,0,0,0,476855,0,14575,0
6443,元晶         ,20190417,0,0,0,0,0,0,476855,0,14719,0
6443,元晶         ,20190418,0,0,0,0,0,0,476855,0,14475,0
6443,元晶         ,20190419,0,0,0,0,0,0,476855,0,15283,0
6443,元晶         ,20190422,0,0,0,0,0,0,476855,0,14889,0
6443,元晶         ,20190423,0,0,0,0,0,0,476855,0,14816,0
6443,元晶         ,20190424,0,0,0,0,0,0,476855,0,14703,0
6443,元晶         ,20190425,0,0,0,0,0,0,476855,0,14773,0
6443,元晶         ,20190426,0,0,0,0,0,0,476855,0,14984,0
6443,元晶         ,20190429,0,0,0,0,0,0,476855,0,14808,0
6443,元晶         ,20190430,0,0,0,0,0,0,476855,0,14396,0
6443,元晶         ,20190502,0,0,0,0,0,0,476855,0,14544,0
6443,元晶         ,20190503,0,0,0,0,0,0,476855,0,14468,0
6443,元晶         ,20190506,0,0,0,0,0,0,476855,0,14346,0
6443,元晶         ,20190507,0,0,0,0,0,0,476855,0,14597,0
6443,元晶         ,20190508,0,0,0,0,0,0,476855,0,15682,0
6443,元晶         ,20190509,0,0,0,0,0,0,476855,0,15462,0
6443,元晶         ,20190510,0,0,0,0,0,0,476855,0,15298,0
6443,元晶         ,20190513,0,0,0,0,0,0,476855,0,15134,0
6443,元晶         ,20190514,0,0,0,0,0,0,476855,0,14956,0
6443,元晶         ,20190515,0,0,0,0,0,0,476855,0,15039,0
6443,元晶         ,20190516,0,0,0,0,0,0,476855,0,15160,0
6443,元晶         ,20190517,0,0,0,0,0,0,476855,0,14833,0
6443,元晶         ,20190520,0,0,0,0,0,0,476855,0,14775,0
6443,元晶         ,20190521,0,0,0,0,0,0,476855,0,14733,0
6443,元晶         ,20190522,0,0,0,0,0,0,476855,0,14764,0
6443,元晶         ,20190523,0,0,0,0,0,0,476855,0,14773,0
6443,元晶         ,20190524,0,0,0,0,0,0,476855,0,14809,0
6443,元晶         ,20190527,0,0,0,0,0,0,476855,0,14843,0
6443,元晶         ,20190528,0,0,0,0,0,0,476855,0,14732,0
6443,元晶         ,20190529,0,0,0,0,0,0,476855,0,14722,0
6443,元晶         ,20190530,0,0,0,0,0,0,476855,0,14728,0
6443,元晶         ,20190531,0,0,0,0,0,0,476855,0,14681,0
6443,元晶         ,20190603,0,0,0,0,0,0,476855,0,14687,0
6443,元晶         ,20190604,0,0,0,0,0,0,476855,0,14711,0
6443,元晶         ,20190605,0,0,0,0,0,0,476855,0,14760,0
6443,元晶         ,20190606,0,0,0,0,0,0,476855,0,14752,0
6443,元晶         ,20190610,0,0,0,0,0,0,476855,0,14742,0
6443,元晶         ,20190611,0,0,0,0,0,0,476855,0,14815,0
6443,元晶         ,20190612,0,0,0,0,0,0,476855,0,14867,0
6443,元晶         ,20190613,0,0,0,0,0,0,476855,0,14789,0
6443,元晶         ,20190614,0,0,0,0,0,0,476855,0,15015,0
6443,元晶         ,20190617,0,0,0,0,0,0,476855,0,14819,0
6443,元晶         ,20190618,0,0,0,0,0,0,476855,0,14791,0
6443,元晶         ,20190619,0,0,0,0,0,0,476855,0,14809,0
6443,元晶         ,20190620,0,0,0,0,0,0,476855,0,14913,0
6443,元晶         ,20190621,0,0,0,0,0,0,476855,0,14913,0
6443,元晶         ,20190624,0,0,0,0,0,0,476855,0,14913,0
6443,元晶         ,20190625,0,0,0,0,0,0,476855,0,14913,0
6443,元晶         ,20190626,0,0,0,0,0,0,476855,0,14913,0
6443,元晶         ,20190627,0,0,0,0,0,0,314017,0,9818,0
6443,元晶         ,20190628,0,0,0,0,0,0,314017,0,9818,0
6443,元晶         ,20190701,0,0,0,0,0,0,314017,0,9856,0
6443,元晶         ,20190702,0,0,0,0,0,0,314017,0,9564,0
6443,元晶         ,20190703,0,0,0,0,0,0,314017,0,9590,0
6443,元晶         ,20190704,0,0,0,0,0,0,314017,0,9663,0
6443,元晶         ,20190705,0,0,0,0,0,0,314017,0,9707,0
6443,元晶         ,20190708,0,0,0,0,0,0,314017,0,9728,0
6443,元晶         ,20190709,0,0,0,0,0,0,314017,0,9768,0
6443,元晶         ,20190710,0,0,0,0,0,0,314017,0,9770,0
6443,元晶         ,20190711,0,0,0,0,0,0,314017,0,9771,0
6443,元晶         ,20190712,0,0,0,0,0,0,314017,0,9761,0
6443,元晶         ,20190715,0,0,0,0,0,0,314017,0,9739,0
6443,元晶         ,20190716,0,0,0,0,0,0,314017,0,9817,0
6443,元晶         ,20190717,0,0,0,0,0,0,314017,0,9742,0
6443,元晶         ,20190718,0,0,0,0,0,0,314017,0,9738,0
6443,元晶         ,20190719,0,0,0,0,0,0,314017,0,9730,0
6443,元晶         ,20190722,0,0,0,0,0,0,314017,0,9620,0
6443,元晶         ,20190723,0,0,0,0,0,0,314017,0,9362,0
6443,元晶         ,20190724,0,0,0,0,0,0,314017,0,9374,0
6443,元晶         ,20190725,0,0,0,0,0,0,314017,0,9413,0
6443,元晶         ,20190726,0,0,0,0,0,0,314017,0,9334,0
6443,元晶         ,20190729,0,0,0,0,0,0,314017,0,9433,0
6443,元晶         ,20190730,0,0,0,0,0,0,314017,0,9349,0
6443,元晶         ,20190731,0,0,0,0,0,0,314017,0,9412,0
6443,元晶         ,20190801,0,0,0,0,0,0,314017,0,9432,0
6443,元晶         ,20190802,0,0,0,0,0,0,314017,0,9415,0
6443,元晶         ,20190805,0,0,0,0,0,0,314017,0,9372,0
6443,元晶         ,20190806,0,0,0,0,0,0,314017,0,9612,0
6443,元晶         ,20190807,0,0,0,0,0,0,314017,0,9398,0
6443,元晶         ,20190808,0,0,0,0,0,0,314017,0,9369,0
6443,元晶         ,20190812,0,0,0,0,0,0,314017,0,9490,0
6443,元晶         ,20190813,0,0,0,0,0,0,314017,0,9413,0
6443,元晶         ,20190814,0,0,0,0,0,0,314017,0,9293,0
6443,元晶         ,20190815,0,0,0,0,0,0,314017,0,9180,0
6443,元晶         ,20190816,0,0,0,0,0,0,314017,0,9193,0
6443,元晶         ,20190819,0,0,0,0,0,0,314017,0,9186,0
6443,元晶         ,20190820,0,0,0,0,0,0,314017,0,9218,0
6443,元晶         ,20190821,0,0,0,0,0,0,314017,0,9388,0
6443,元晶         ,20190822,0,0,0,0,0,0,314017,0,9282,0
6443,元晶         ,20190823,0,0,0,0,0,0,314017,0,9302,0
6443,元晶         ,20190826,0,0,0,0,0,0,314017,0,9327,0
6443,元晶         ,20190827,0,0,0,0,0,0,314017,0,9278,0
6443,元晶         ,20190828,0,0,0,0,0,0,314017,0,9229,0
6443,元晶         ,20190829,0,0,0,0,0,0,314017,0,9221,0
6443,元晶         ,20190830,0,0,0,0,0,0,314017,0,9721,0
6443,元晶         ,20190902,0,0,0,0,0,0,314017,0,9934,0
6443,元晶         ,20190903,0,0,0,0,0,0,314017,0,9839,0
6443,元晶         ,20190904,0,0,0,0,0,0,314017,0,9866,0
6443,元晶         ,20190905,0,0,0,0,0,0,314017,0,9968,0
6443,元晶         ,20190906,0,0,0,0,0,0,314017,0,9845,0
6443,元晶         ,20190909,0,0,0,0,0,0,314017,0,9858,0
6443,元晶         ,20190910,0,0,0,0,0,0,314017,0,9867,0
6443,元晶         ,20190911,0,0,0,0,0,0,314017,0,10025,0
6443,元晶         ,20190912,0,0,0,0,0,0,314017,0,10320,0
6443,元晶         ,20190916,0,0,0,0,0,0,314017,0,10266,0
6443,元晶         ,20190917,0,0,0,0,0,0,314017,0,10287,0
6443,元晶         ,20190918,0,0,0,0,0,0,379017,0,11963,0
6443,元晶         ,20190919,0,0,0,0,0,0,379017,0,11900,0
6443,元晶         ,20190920,0,0,0,0,0,0,379017,0,11992,0
6443,元晶         ,20190923,0,0,0,0,0,0,379017,0,12238,0
6443,元晶         ,20190924,0,0,0,0,0,0,379017,0,12260,0
6443,元晶         ,20190925,0,0,0,0,0,0,379017,0,12092,0
6443,元晶         ,20190926,0,0,0,0,0,0,379017,0,11889,0
6443,元晶         ,20190927,0,0,0,0,0,0,379017,0,11858,0
6443,元晶         ,20191001,0,0,0,0,0,0,379017,0,11863,0
6443,元晶         ,20191002,0,0,0,0,0,0,379017,0,11851,0
6443,元晶         ,20191003,0,0,0,0,0,0,379017,0,11903,0
6443,元晶         ,20191004,0,0,0,0,0,0,379017,0,11941,0
6443,元晶         ,20191007,0,0,0,0,0,0,379017,0,11970,0
6443,元晶         ,20191008,0,0,0,0,0,0,379017,0,11993,0
6443,元晶         ,20191009,0,0,0,0,0,0,379017,0,11968,0
6443,元晶         ,20191014,0,0,0,0,0,0,379017,0,12007,0
6443,元晶         ,20191015,0,0,0,0,0,0,379017,0,12060,0
6443,元晶         ,20191016,0,0,0,0,0,0,379017,0,11939,0
6443,元晶         ,20191017,0,0,0,0,0,0,379017,0,11663,0
6443,元晶         ,20191018,0,0,0,0,0,0,379017,0,11677,0
6443,元晶         ,20191021,0,0,0,0,0,0,379017,0,11881,0
6443,元晶         ,20191022,0,0,0,0,0,0,379017,0,11920,0
6443,元晶         ,20191023,0,0,0,0,0,0,379017,0,11839,0
6443,元晶         ,20191024,0,0,0,0,0,0,379017,0,12191,0
6443,元晶         ,20191025,0,0,0,0,0,0,379017,0,11975,0
6443,元晶         ,20191028,0,0,0,0,0,0,379017,0,11975,0
6443,元晶         ,20191029,0,0,0,0,0,0,379017,0,12096,0
6443,元晶         ,20191030,0,0,0,0,0,0,379017,0,12470,0
6443,元晶         ,20191031,0,0,0,0,0,0,379017,0,12252,0
6443,元晶         ,20191101,0,0,0,0,0,0,379017,0,11764,0
6443,元晶         ,20191104,0,0,0,0,0,0,379017,0,11394,0
6443,元晶         ,20191105,0,0,0,0,0,0,379017,0,11156,0
6443,元晶         ,20191106,0,0,0,0,0,0,379017,0,11178,0
6443,元晶         ,20191107,0,0,0,0,0,0,379017,0,11216,0
6443,元晶         ,20191108,0,0,0,0,0,0,379017,0,11220,0
6443,元晶         ,20191111,0,0,0,0,0,0,379017,0,11058,0
6443,元晶         ,20191112,0,0,0,0,0,0,379017,0,11065,0
6443,元晶         ,20191113,0,0,0,0,0,0,379017,0,11007,0
6443,元晶         ,20191114,0,0,0,0,0,0,379017,0,10933,0
6443,元晶         ,20191115,0,0,0,0,0,0,379017,0,11156,0
6443,元晶         ,20191118,0,0,0,0,0,0,379017,0,11140,0
6443,元晶         ,20191119,0,0,0,0,0,0,379017,0,11192,0
6443,元晶         ,20191120,0,0,0,0,0,0,379017,0,11225,0
6443,元晶         ,20191121,0,0,0,0,0,0,379017,0,11280,0
6443,元晶         ,20191122,0,0,0,0,0,0,379017,0,11282,0
6443,元晶         ,20191125,0,0,0,0,0,0,379017,0,11340,0
6443,元晶         ,20191126,0,0,0,0,0,0,379017,0,11054,0
6443,元晶         ,20191127,0,0,0,0,0,0,379017,0,10819,0
6443,元晶         ,20191128,0,0,0,0,0,0,379017,0,10785,0
6443,元晶         ,20191129,0,0,0,0,0,0,379017,0,10714,0
6443,元晶         ,20191202,0,0,0,0,0,0,379017,0,10607,0
6443,元晶         ,20191203,0,0,0,0,0,0,379017,0,10639,0
6443,元晶         ,20191204,0,0,0,0,0,0,379017,0,10520,0
6443,元晶         ,20191205,0,0,0,0,0,0,379017,0,10281,0
6443,元晶         ,20191206,0,0,0,0,0,0,379017,0,10302,0
6443,元晶         ,20191209,0,0,0,0,0,0,379017,0,10287,0
6443,元晶         ,20191210,0,0,0,0,0,0,379017,0,10349,0
6443,元晶         ,20191211,0,0,0,0,0,0,379017,0,10338,0
6443,元晶         ,20191212,0,0,0,0,0,0,379017,0,10291,0
6443,元晶         ,20191213,0,0,0,0,0,0,379017,0,10238,0
6443,元晶         ,20191216,0,0,0,0,0,0,379017,0,10396,0
6443,元晶         ,20191217,0,0,0,0,0,0,379017,0,10443,0
6443,元晶         ,20191218,0,0,0,0,0,0,379017,0,10496,0
6443,元晶         ,20191219,0,0,0,0,0,0,379017,0,10543,0
6443,元晶         ,20191220,0,0,0,0,0,0,379017,0,10725,0
6443,元晶         ,20191223,0,0,0,0,0,0,379017,0,10545,0
6443,元晶         ,20191224,0,0,0,0,0,0,379017,0,10520,0
6443,元晶         ,20191225,0,0,0,0,0,0,379017,0,10588,0
6443,元晶         ,20191226,0,0,0,0,0,0,379017,0,10744,0
6443,元晶         ,20191227,0,0,0,0,0,0,379017,0,10738,0
6443,元晶         ,20191230,0,0,0,0,0,0,379017,0,10967,0
6443,元晶         ,20191231,0,0,0,0,0,0,379017,0,10869,0
6443,元晶         ,20200102,0,0,0,0,0,0,379017,0,11437,0
6443,元晶         ,20200103,0,0,0,0,0,0,379017,0,11149,0
6443,元晶         ,20200106,0,0,0,0,0,0,379017,0,11070,0
6443,元晶         ,20200107,0,0,0,0,0,0,379017,0,10839,0
6443,元晶         ,20200108,0,0,0,0,0,0,379017,0,10840,0
6443,元晶         ,20200109,0,0,0,0,0,0,379017,0,10797,0
6443,元晶         ,20200110,0,0,0,0,0,0,379017,0,10808,0
6443,元晶         ,20200113,0,0,0,0,0,0,379017,0,11268,0
6443,元晶         ,20200114,0,0,0,0,0,0,379017,0,11504,0
6443,元晶         ,20200115,0,0,0,0,0,0,379017,0,11981,0
6443,元晶         ,20200116,0,0,0,0,0,0,379017,0,11897,0
6443,元晶         ,20200117,0,0,0,0,0,0,379017,0,11740,0
6443,元晶         ,20200120,0,0,0,0,0,0,379017,0,11812,0
6443,元晶         ,20200130,0,0,0,0,0,0,379017,0,11316,0
6443,元晶         ,20200131,0,0,0,0,0,0,379017,0,10593,0
6443,元晶         ,20200203,0,0,0,0,0,0,379017,0,10600,0
6443,元晶         ,20200204,0,0,0,0,0,0,379017,0,10770,0
6443,元晶         ,20200205,0,0,0,0,0,0,379017,0,10695,0
6443,元晶         ,20200206,0,0,0,0,0,0,379017,0,10892,0
6443,元晶         ,20200207,0,0,0,0,0,0,379017,0,10579,0
6443,元晶         ,20200210,0,0,0,0,0,0,379017,0,10814,0
6443,元晶         ,20200211,0,0,0,0,0,0,379017,0,10700,0
6443,元晶         ,20200212,0,0,0,0,0,0,379017,0,10699,0
6443,元晶         ,20200213,0,0,0,0,0,0,379017,0,11047,0
6443,元晶         ,20200214,0,0,0,0,0,0,379017,0,11300,0
6443,元晶         ,20200217,0,0,0,0,0,0,379017,0,11692,0
6443,元晶         ,20200218,0,0,0,0,0,0,379017,0,11615,0
6443,元晶         ,20200219,0,0,0,0,0,0,379017,0,11748,0
6443,元晶         ,20200220,0,0,0,0,0,0,379017,0,11943,0
6443,元晶         ,20200221,0,0,0,0,0,0,379017,0,11934,0
6443,元晶         ,20200224,0,0,0,0,0,0,379017,0,11770,0
6443,元晶         ,20200225,0,0,0,0,0,0,379017,0,11551,0
6443,元晶         ,20200226,0,0,0,0,0,0,379017,0,11268,0
6443,元晶         ,20200227,0,0,0,0,0,0,379017,0,10538,0
6443,元晶         ,20200302,0,0,0,0,0,0,379017,0,10782,0
6443,元晶         ,20200303,0,0,0,0,0,0,379017,0,10713,0
6443,元晶         ,20200304,0,0,0,0,0,0,379017,0,10681,0
6443,元晶         ,20200305,0,0,0,0,0,0,379017,0,10724,0
6443,元晶         ,20200306,0,0,0,0,0,0,379017,0,10568,0
6443,元晶         ,20200309,0,0,0,0,0,0,379017,0,10395,0
6443,元晶         ,20200310,0,0,0,0,0,0,379017,0,10406,0
6443,元晶         ,20200311,0,0,0,0,0,0,379017,0,10214,0
6443,元晶         ,20200312,0,0,0,0,0,0,379017,0,10320,0
6443,元晶         ,20200313,0,0,0,0,0,0,379017,0,10354,0
6443,元晶         ,20200316,0,0,0,0,0,0,379017,0,10164,0
6443,元晶         ,20200317,0,0,0,0,0,0,379017,0,10118,0
6443,元晶         ,20200318,0,0,0,0,0,0,379017,0,10044,0
6443,元晶         ,20200319,0,0,0,0,0,0,379017,0,10073,0
6443,元晶         ,20200320,0,0,0,0,0,0,379017,0,10353,0
6443,元晶         ,20200323,0,0,0,0,0,0,379017,0,10167,0
6443,元晶         ,20200324,0,0,0,0,0,0,379017,0,10505,0
6443,元晶         ,20200325,0,0,0,0,0,0,379017,0,10728,0
6443,元晶         ,20200326,0,0,0,0,0,0,379017,0,10555,0
6443,元晶         ,20200327,0,0,0,0,0,0,379017,0,10098,0
6443,元晶         ,20200330,0,0,0,0,0,0,379017,0,10122,0
6443,元晶         ,20200331,0,0,0,0,0,0,379017,0,9904,0
6443,元晶         ,20200401,0,0,0,0,0,0,379017,0,9832,0
6443,元晶         ,20200406,0,0,0,0,0,0,379017,0,9856,0
6443,元晶         ,20200407,0,0,0,0,0,0,379017,0,10093,0
6443,元晶         ,20200408,0,0,0,0,0,0,379017,0,10605,0
6443,元晶         ,20200409,0,0,0,0,0,0,379017,0,10485,0
6443,元晶         ,20200410,0,0,0,0,0,0,379017,0,10480,0
6443,元晶         ,20200413,0,0,0,0,0,0,379017,0,10596,0
6443,元晶         ,20200414,0,0,0,0,0,0,379017,0,10956,0
6443,元晶         ,20200415,0,0,0,0,0,0,379017,0,10988,0
6443,元晶         ,20200416,0,0,0,0,0,0,379017,0,11098,0
6443,元晶         ,20200417,0,0,0,0,0,0,379017,0,10952,0
6443,元晶         ,20200420,0,0,0,0,0,0,379017,0,11063,0
6443,元晶         ,20200421,0,0,0,0,0,0,379017,0,10502,0
6443,元晶         ,20200422,0,0,0,0,0,0,379017,0,10574,0
6443,元晶         ,20200423,0,0,0,0,0,0,379017,0,10608,0
6443,元晶         ,20200424,0,0,0,0,0,0,379017,0,10696,0
6443,元晶         ,20200427,0,0,0,0,0,0,379017,0,11207,0
6443,元晶         ,20200428,0,0,0,0,0,0,379017,0,10969,0
6443,元晶         ,20200429,0,0,0,0,0,0,379017,0,11287,0
6443,元晶         ,20200430,0,0,0,0,0,0,379017,0,11525,0
6443,元晶         ,20200504,0,0,0,0,0,0,379017,0,11275,0
6443,元晶         ,20200505,0,0,0,0,0,0,379017,0,11542,0
6443,元晶         ,20200506,0,0,0,0,0,0,379017,0,11396,0
6443,元晶         ,20200507,0,0,0,0,0,0,379017,0,11772,0
6443,元晶         ,20200508,0,0,0,0,0,0,379017,0,11455,0
6443,元晶         ,20200511,0,0,0,0,0,0,379017,0,11111,0
6443,元晶         ,20200512,0,0,0,0,0,0,379017,0,10481,0
6443,元晶         ,20200513,0,0,0,0,0,0,379017,0,10248,0
6443,元晶         ,20200514,0,0,0,0,0,0,379017,0,9927,0
6443,元晶         ,20200515,0,0,0,0,0,0,379017,0,9811,0
6443,元晶         ,20200518,0,0,0,0,0,0,379017,0,9842,0
6443,元晶         ,20200519,0,0,0,0,0,0,379017,0,9851,0
6443,元晶         ,20200520,0,0,0,0,0,0,379017,0,9993,0
6443,元晶         ,20200521,0,0,0,0,0,0,379017,0,9959,0
6443,元晶         ,20200522,0,0,0,0,0,0,379017,0,9825,0
6443,元晶         ,20200525,0,0,0,0,0,0,379017,0,9803,0
6443,元晶         ,20200526,0,0,0,0,0,0,379017,0,9892,0
6443,元晶         ,20200527,0,0,0,0,0,0,379017,0,9952,0
6443,元晶         ,20200528,0,0,0,0,0,0,379017,0,9896,0
6443,元晶         ,20200529,0,0,0,0,0,0,379017,0,10087,0
6443,元晶         ,20200601,0,0,0,0,0,0,379017,0,10659,0
6443,元晶         ,20200602,0,0,0,0,0,0,379017,0,10754,0
6443,元晶         ,20200603,0,0,0,0,0,0,379017,0,9906,0
6443,元晶         ,20200604,0,0,0,0,0,0,379017,0,9810,0
6443,元晶         ,20200605,0,0,0,0,0,0,379017,0,9985,0
6443,元晶         ,20200608,0,0,0,0,0,0,379017,0,9999,0
6443,元晶         ,20200609,0,0,0,0,0,0,379017,0,10076,0
6443,元晶         ,20200610,0,0,0,0,0,0,379017,0,10129,0
6443,元晶         ,20200611,0,0,0,0,0,0,379017,0,9753,0
6443,元晶         ,20200612,0,0,0,0,0,0,379017,0,9783,0
6443,元晶         ,20200615,0,0,0,0,0,0,379017,0,9575,0
6443,元晶         ,20200616,0,0,0,0,0,0,379017,0,9548,0
6443,元晶         ,20200617,0,0,0,0,0,0,379017,0,9594,0
6443,元晶         ,20200618,0,0,0,0,0,0,379017,0,9630,0
6443,元晶         ,20200619,0,0,0,0,0,0,379017,0,9984,0
6443,元晶         ,20200622,0,0,0,0,0,0,379017,0,9972,0
6443,元晶         ,20200623,0,0,0,0,0,0,379017,0,9798,0
6443,元晶         ,20200624,0,0,0,0,0,0,379017,0,9837,0
6443,元晶         ,20200629,0,0,0,0,0,0,379017,0,10229,0
6443,元晶         ,20200630,0,0,0,0,0,0,379017,0,10160,0
6443,元晶         ,20200701,0,0,0,0,0,0,379017,0,11093,0
6443,元晶         ,20200702,0,0,0,0,0,0,379017,0,11815,0
6443,元晶         ,20200703,0,0,0,0,0,0,379017,0,11019,0
6443,元晶         ,20200706,0,0,0,0,0,0,379017,0,11437,0
6443,元晶         ,20200707,0,0,0,0,0,0,379017,0,12035,0
6443,元晶         ,20200708,0,0,0,0,0,0,379017,0,13391,0
6443,元晶         ,20200709,0,0,0,0,0,0,379017,0,14270,0
6443,元晶         ,20200710,0,0,0,0,0,0,379017,0,16428,0
6443,元晶         ,20200713,0,0,0,0,0,0,379017,0,17497,0
6443,元晶         ,20200714,0,0,0,0,0,0,379017,0,17389,0
6443,元晶         ,20200715,0,0,0,0,0,0,379017,0,17798,0
6443,元晶         ,20200716,0.02,93,93,93,1.3,0,379017,1.3,19738,0.01
6443,元晶         ,20200717,0.02,93,0,0,1.26,0,379017,0,20383,0
6443,元晶         ,20200720,0.02,93,0,0,1.28,0,379017,0,20239,0
6443,元晶         ,20200721,0.02,93,0,0,1.35,0,379017,0,20193,0
6443,元晶         ,20200722,0.02,93,0,0,1.32,0,379017,0,20225,0
6443,元晶         ,20200723,0.02,93,0,0,1.26,0,379017,0,19787,0
6443,元晶         ,20200724,0.02,93,0,0,1.22,0,379017,0,18505,0
6443,元晶         ,20200727,0.02,93,0,0,1.17,0,379017,0,19502,0
6443,元晶         ,20200728,0.02,93,0,0,1.15,0,379017,0,20305,0
6443,元晶         ,20200729,0.02,93,0,0,1.26,0,379017,0,20317,0
6443,元晶         ,20200730,0.07,261,168,168,3.85,0,379017,2.48,20288,0.02
6443,元晶         ,20200731,1.06,4005,3744,3744,64.48,0,379017,60.28,20816,0.49
6443,元晶         ,20200803,1.06,4005,0,0,69.49,0,379017,0,20338,0
6443,元晶         ,20200804,1.06,4005,0,0,67.88,0,379017,0,19295,0
6443,元晶         ,20200805,1.06,4005,0,0,69.89,0,379017,0,18779,0
6443,元晶         ,20200806,1.06,4005,0,0,68.29,0,379017,0,18775,0
6443,元晶         ,20200807,1.06,4005,0,0,74.09,0,379017,0,19284,0
6443,元晶         ,20200810,1.06,4005,0,0,79.5,0,379017,0,21492,0
6443,元晶         ,20200811,1.06,4005,0,0,71.69,0,379017,0,18183,0
6443,元晶         ,20200812,1.06,4005,0,0,73.89,0,379017,0,19745,0
6443,元晶         ,20200813,1.06,4005,0,0,71.09,0,379017,0,18554,0
6443,元晶         ,20200814,1.06,4005,0,0,76.1,0,379017,0,19369,0
6443,元晶         ,20200817,1.06,4005,0,0,75.49,0,379017,0,20010,0
6443,元晶         ,20200818,1.06,4005,0,0,74.89,0,379017,0,18995,0
6443,元晶         ,20200819,1.06,4005,0,0,70.09,0,379017,0,19644,0
6443,元晶         ,20200820,1.06,4005,0,0,72.89,0,379017,0,20070,0
6443,元晶         ,20200821,1.06,4005,0,0,71.29,0,379017,0,18105,0
6443,元晶         ,20200824,1.06,4005,0,0,70.89,0,379017,0,17701,0
6443,元晶         ,20200825,1.06,4005,0,0,74.09,0,379017,0,18279,0
6443,元晶         ,20200826,1.06,4005,0,0,73.09,0,379017,0,17945,0
6443,元晶         ,20200827,1.06,4005,0,0,71.69,0,379017,0,17338,0
6443,元晶         ,20200828,1.06,4005,0,0,70.49,0,379017,0,16983,0
6443,元晶         ,20200831,1.91,7257,3252,3252,140.42,0,379017,62.93,22445,0.43
6443,元晶         ,20200901,2,7574,317,317,157.54,0,379017,6.59,26217,0.04
6443,元晶         ,20200902,4.09,15494,7920,7920,354.04,0,379017,180.97,31081,1.04
6443,元晶         ,20200903,4.09,15494,0,0,388.9,0,379017,0,31477,0
6443,元晶         ,20200904,4.09,15494,0,0,381.93,0,379017,0,30351,0
6443,元晶         ,20200907,4.52,17142,1648,1648,389.98,0,379017,37.49,30977,0.22
6443,元晶         ,20200908,4.96,18783,1641,1641,424.5,0,379017,37.09,32698,0.22
6443,元晶         ,20200909,4.98,18879,96,96,469.14,0,379017,2.39,32538,0.01
6443,元晶         ,20200910,6.52,24721,5842,5842,669.94,0,379017,158.32,38583,0.77
6443,元晶         ,20200911,6.52,24721,0,0,666.23,0,379017,0,35370,0
6443,元晶         ,20200914,6.52,24721,0,0,655.11,0,379017,0,35792,0
6443,元晶         ,20200915,6.52,24721,0,0,672.41,0,379017,0,34112,0
6443,元晶         ,20200916,6.52,24721,0,0,664.99,0,379017,0,33876,0
6443,元晶         ,20200917,6.52,24721,0,0,672.41,0,379017,0,33922,0
6443,元晶         ,20200918,6.52,24721,0,0,667.47,0,379017,0,33977,0
6443,元晶         ,20200921,6.52,24721,0,0,646.45,0,379017,0,32992,0
6443,元晶         ,20200922,6.67,25271,550,550,641.88,0,379017,13.97,36827,0.07
6443,元晶         ,20200923,6.7,25381,110,110,708.13,0,379017,3.07,38354,0.01
6443,元晶         ,20200924,6.9,26161,780,780,771.75,0,379017,23.01,32769,0.1
6443,元晶         ,20200925,6.9,26161,0,0,758.67,0,379017,0,32298,0
6443,元晶         ,20200928,6.97,26418,257,257,733.1,0,379017,7.13,31392,0.03
6443,元晶         ,20200929,6.97,26418,0,0,709.32,0,379017,0,30899,0
6443,元晶         ,20200930,6.97,26400,0,0,745.8,0,379017,0,32648,0
6443,元晶         ,20201005,7.01,26584,184,184,739.04,0,379017,5.12,32830,0.02
6443,元晶         ,20201006,7.09,26891,307,307,821.52,0,379017,9.38,33742,0.04
6443,元晶         ,20201007,7.45,28222,1331,1331,884.76,0,379017,41.73,38555,0.18
6443,元晶         ,20201008,7.81,29618,1396,1396,986.28,0,379017,46.49,39503,0.18
6443,元晶         ,20201012,8.39,31795,2177,2177,1163.7,0,379017,79.68,43826,0.29
6443,元晶         ,20201013,8.39,31795,0,0,1254.31,0,379017,0,40378,0
6443,元晶         ,20201014,6.92,26220,0,-5575,1016.03,5575,379017,-216.03,30378,0.74
6443,元晶         ,20201015,6.72,25470,0,-750,944.94,750,379017,-27.83,30160,0.1
6443,元晶         ,20201016,6.12,23179,0,-2291,812.42,2291,379017,-80.3,28037,0.3
6443,元晶         ,20201019,5.94,22504,0,-675,820.27,675,379017,-24.6,27953,0.09
6443,元晶         ,20201020,5.94,22504,0,0,818.02,0,379017,0,28125,0
6443,元晶         ,20201021,5.9,22360,0,-144,813.9,144,379017,-5.24,28584,0.02
6443,元晶         ,20201022,5.86,22224,0,-136,782.28,136,379017,-4.79,28966,0.02
6443,元晶         ,20201023,5.86,22224,0,0,795.62,0,379017,0,29387,0
6443,元晶         ,20201026,5.86,22224,0,0,822.29,0,379017,0,29578,0
6443,元晶         ,20201027,5.81,22024,0,-200,869.95,200,379017,-7.9,31022,0.03
6443,元晶         ,20201028,5.66,21467,0,-557,851.17,557,379017,-22.09,30530,0.07
6443,元晶         ,20201029,5.61,21267,0,-200,857.06,200,379017,-8.06,29963,0.03
6443,元晶         ,20201030,5.39,20418,0,-849,755.47,849,379017,-31.41,26578,0.11
6443,元晶         ,20201102,5.22,19795,0,-623,702.72,623,379017,-22.12,28535,0.08
6443,元晶         ,20201103,4.82,18276,0,-1519,644.23,1519,379017,-53.54,25853,0.2
6443,元晶         ,20201104,3.98,15092,0,-3184,504.07,3184,379017,-106.35,25212,0.42
6443,元晶         ,20201105,3.21,12152,0,-2940,445.98,2940,379017,-107.9,21214,0.39
6443,元晶         ,20201106,3.21,12152,0,0,425.32,0,379017,0,19203,0
6443,元晶         ,20201109,3.21,12152,0,0,448.41,0,379017,0,20295,0
6443,元晶         ,20201110,3.21,12152,0,0,443.55,0,379017,0,20433,0
6443,元晶         ,20201111,3.66,13865,0,0,485.28,0,379017,0,21115,0
6443,元晶         ,20201112,0.88,3321,0,-10544,114.57,10544,379017,-363.77,10707,1.39
6443,元晶         ,20201113,0.88,3321,0,0,109.93,0,379017,0,11069,0
6443,元晶         ,20201116,0.88,3321,0,0,104.94,0,379017,0,10875,0
6443,元晶         ,20201117,0.88,3321,0,0,111.59,0,379017,0,13038,0
6443,元晶         ,20201118,0.88,3321,0,0,110.42,0,379017,0,11001,0
6443,元晶         ,20201119,2.35,8917,5596,5596,325.92,0,379017,204.53,20271,0.74
6443,元晶         ,20201120,5.04,19100,10183,10183,751.59,0,379017,400.7,33402,1.34
6443,元晶         ,20201123,5.34,20228,1128,1128,807.1,0,379017,45.01,35562,0.15
6443,元晶         ,20201124,6.14,23271,3043,3043,977.38,0,379017,127.81,39742,0.4
6443,元晶         ,20201125,7.08,26818,3547,3547,1202.79,0,379017,159.08,42702,0.47
6443,元晶         ,20201126,7.42,28139,1321,1321,1195.91,0,379017,56.14,42247,0.17
6443,元晶         ,20201127,7.42,28139,0,0,1186.06,0,379017,0,42236,0
6443,元晶         ,20201130,7.48,28339,200,200,1261.09,0,379017,8.9,49541,0.03
6443,元晶         ,20201201,7.48,28339,0,0,1263.92,0,379017,0,49200,0
6443,元晶         ,20201202,7.72,29258,919,919,1240.54,0,379017,38.97,48909,0.12
6443,元晶         ,20201203,7.88,29877,619,619,1233.92,0,379017,25.56,49681,0.08
6443,元晶         ,20201204,6.68,29796,0,-81,1196.31,81,445797,-3.25,49759,0.01
6443,元晶         ,20201207,6.71,29896,100,100,1224.24,0,445797,4.1,51220,0.01
6443,元晶         ,20201208,6.71,29896,0,0,1195.84,0,445797,0,51319,0
6443,元晶         ,20201209,6.71,29896,0,0,1197.33,0,445797,0,51278,0
6443,元晶         ,20201210,6.62,29514,0,-382,1158.42,382,445797,-14.99,50625,0.04
6443,元晶         ,20201211,6.22,27731,0,-1783,1044.07,1783,445797,-67.13,47979,0.2
6443,元晶         ,20201214,6.18,27538,0,-193,1073.98,193,445797,-7.53,49108,0.02
6443,元晶         ,20201215,6.18,27538,0,0,1087.75,0,445797,0,47134,0
6443,元晶         ,20201216,6.18,27538,0,0,1096.01,0,445797,0,47266,0
6443,元晶         ,20201217,6.18,27538,0,0,1086.37,0,445797,0,46886,0
6443,元晶         ,20201218,6.18,27538,0,0,1115.29,0,445797,-0.02,47270,0
6443,元晶         ,20201221,6.18,27538,0,0,1098.77,0,445797,0,46991,0
6443,元晶         ,20201222,6.18,27538,0,0,1046.44,0,445797,0,43237,0
6443,元晶         ,20201223,6.54,29161,1623,1623,1218.93,0,445797,67.84,48630,0.18
6443,元晶         ,20201224,6.65,29644,483,483,1252.46,0,445797,20.41,45071,0.05
6443,元晶         ,20201225,7.04,31401,1757,1757,1295.29,0,445797,72.48,46590,0.2
6443,元晶         ,20201228,7.31,32599,1198,1198,1341.45,0,445797,49.3,47578,0.13
6443,元晶         ,20201229,7.14,31832,0,-767,1400.61,767,445797,-33.75,49710,0.09
6443,元晶         ,20201230,6.98,31114,0,-718,1325.46,718,445797,-30.59,47266,0.08
6443,元晶         ,20201231,6.56,29241,105,-828,1220.81,933,445797,-34.57,45548,0.12
6443,元晶         ,20210104,6.66,29683,602,442,1225.91,160,445797,18.25,46311,0.09
6443,元晶         ,20210105,6.66,29683,0,0,1231.84,0,445797,0,46180,0
6443,元晶         ,20210106,6.59,29398,0,-285,1162.69,285,445797,-11.27,45820,0.03
6443,元晶         ,20210107,6.59,29398,0,0,1242.07,0,445797,0,44574,0
6443,元晶         ,20210108,6.57,29291,0,-107,1177.5,107,445797,-4.3,43973,0.01
6443,元晶         ,20210111,6.21,27691,0,-1600,1095.18,1600,445797,-63.28,42356,0.18
6443,元晶         ,20210112,6.08,27085,0,-606,1023.81,606,445797,-22.91,41840,0.07
6443,元晶         ,20210113,5.69,25381,0,-1704,945.44,1704,445797,-63.47,40612,0.19
6443,元晶         ,20210114,5.38,23986,0,-1395,898.28,1395,445797,-52.24,39396,0.16
6443,元晶         ,20210115,4.76,21216,0,-2770,765.9,2770,445797,-100,36222,0.31
6443,元晶         ,20210118,4.5,20066,0,-1150,692.28,1150,445797,-39.68,35539,0.13
6443,元晶         ,20210119,4.5,20066,0,0,729.4,0,445797,0,36783,0
6443,元晶         ,20210120,4.5,20066,0,0,677.23,0,445797,0,35014,0
6443,元晶         ,20210121,4.5,20066,0,0,665.19,0,445797,0,37921,0
6443,元晶         ,20210122,4.04,18016,0,-2050,617.95,2050,445797,-70.32,35564,0.23
6443,元晶         ,20210125,3.91,17416,0,-600,590.4,600,445797,-20.34,36257,0.07
6443,元晶         ,20210126,3.79,16916,0,-500,567.53,500,445797,-16.78,34528,0.06
6443,元晶         ,20210127,3.79,16916,0,0,561.61,0,445797,0,34222,0
6443,元晶         ,20210128,3.54,15774,0,-1142,496.09,1142,445797,-35.92,34851,0.13
6443,元晶         ,20210129,3.54,15774,0,0,481.11,0,445797,0,36737,0
6443,元晶         ,20210201,3.54,15773,0,-1,487.39,1,445797,-0.02,38997,0
6443,元晶         ,20210202,3.54,15773,0,0,492.91,0,445797,0,37704,0
6443,元晶         ,20210203,3.9,17405,1632,1632,597.86,0,445797,56.06,37622,0.18
6443,元晶         ,20210204,4.39,19561,2156,2156,656.27,0,445797,72.33,37312,0.24
6443,元晶         ,20210205,4.39,19561,0,0,655.29,0,445797,0,35908,0
6443,元晶         ,20210217,4.39,19561,0,0,688.55,0,445797,0,38140,0
6443,元晶         ,20210218,4.39,19561,0,0,689.53,0,445797,0,38580,0
6443,元晶         ,20210219,4.39,19561,0,0,721.8,0,445797,0,38679,0
6443,元晶         ,20210222,4.39,19561,0,0,741.36,0,445797,0,38613,0
6443,元晶         ,20210223,4.39,19561,0,0,724.74,0,445797,0,39189,0
6443,元晶         ,20210224,4.39,19561,0,0,739.41,0,445797,-0.01,40086,0
6443,元晶         ,20210225,4.39,19561,0,0,731.58,0,445797,0,40109,0
6443,元晶         ,20210226,4.39,19561,0,0,716.91,0,445797,0,39914,0
6443,元晶         ,20210302,4.39,19561,0,0,695.39,0,445797,0,40944,0
6443,元晶         ,20210303,4.39,19561,0,0,723.76,0,445797,0,43723,0
6443,元晶         ,20210304,4.39,19561,0,0,707.13,0,445797,0,42070,0
6443,元晶         ,20210305,4.39,19561,0,0,687.57,0,445797,0,41159,0
6443,元晶         ,20210308,4.39,19561,0,0,696.37,0,445797,0,42173,0
6443,元晶         ,20210309,4.08,18194,0,-1367,642.25,1367,445797,-48.26,40906,0.15
6443,元晶         ,20210310,4.16,18561,367,367,701.61,0,445797,13.87,44064,0.04
6443,元晶         ,20210311,4.16,18561,0,0,701.61,0,445797,0,45323,0
6443,元晶         ,20210312,5.38,24001,5440,5440,960.04,0,445797,217.6,57047,0.61
6443,元晶         ,20210315,5.57,24851,850,850,1053.68,0,445797,36.04,59055,0.1
6443,元晶         ,20210316,6.43,28659,3808,3808,1215.14,0,445797,161.46,64814,0.43
6443,元晶         ,20210317,6.43,28659,0,0,1232.34,0,445797,0,70075,0
6443,元晶         ,20210318,6.43,28659,0,0,1229.47,0,445797,0,72166,0
6443,元晶         ,20210319,6.43,28659,0,0,1220.87,0,445797,0,76093,0
6443,元晶         ,20210322,6.43,28659,0,0,1242.37,0,445797,0,79207,0
6443,元晶         ,20210323,6.43,28659,0,0,1218.01,0,445797,0,84385,0
6443,元晶         ,20210324,6.44,28719,60,60,1221.99,0,445797,2.55,84774,0.01
6443,元晶         ,20210325,6.47,28839,120,120,1242.96,0,445797,5.17,86534,0.01
6443,元晶         ,20210326,6.56,29255,416,416,1263.82,0,445797,17.97,88527,0.05
6443,元晶         ,20210329,7.13,31793,2538,2538,1510.17,0,445797,120.56,96871,0.28
6443,元晶         ,20210330,7.41,33047,1254,1254,1564.78,0,445797,59.38,96490,0.14
6443,元晶         ,20210331,7.55,33654,0,0,1563.23,0,445797,0,92734,0
6443,元晶         ,20210401,7.55,33654,0,0,1504.33,0,445797,0,92691,0
6443,元晶         ,20210406,7.55,33654,0,0,1502.65,0,445797,0,92955,0
6443,元晶         ,20210407,7.62,33954,300,300,1629.79,0,445797,14.4,94810,0.03
6443,元晶         ,20210408,7.62,33954,0,0,1595.84,0,445797,0,93530,0
6443,元晶         ,20210409,7.62,33954,0,0,1538.12,0,445797,0,93599,0
6443,元晶         ,20210412,7.39,32954,0,-1000,1479.63,1000,445797,-44.9,92183,0.11
6443,元晶         ,20210413,7.34,32704,0,-250,1445.52,250,445797,-11.05,93617,0.03
6443,元晶         ,20210414,6.75,30113,0,-2591,1261.73,2591,445797,-108.56,88414,0.29
6443,元晶         ,20210415,6.73,30007,0,-106,1273.8,106,445797,-4.5,86753,0.01
6443,元晶         ,20210416,6.33,28237,0,-1770,1242.43,1770,445797,-77.88,82957,0.2
6443,元晶         ,20210419,3.89,17358,0,-10879,731.64,10879,445797,-458.55,71660,1.22
6443,元晶         ,20210420,3.89,17358,0,0,733.38,0,445797,0,69984,0
6443,元晶         ,20210421,1.46,6500,0,-10858,268.45,10858,445797,-448.44,58452,1.22
6443,元晶         ,20210422,0.09,411,0,-6089,16.01,6089,445797,-237.17,52774,0.68
6443,元晶         ,20210423,0.09,411,0,0,16.54,0,445797,-0.01,53191,0
6443,元晶         ,20210426,0.09,411,0,0,16.5,0,445797,0,52980,0
6443,元晶         ,20210427,0.09,389,0,-22,15.77,22,445797,-0.89,53244,0
6443,元晶         ,20210428,0.05,231,0,-158,9.46,158,445797,-6.47,52821,0.02
6443,元晶         ,20210429,0.03,115,0,-116,4.68,116,445797,-4.72,52996,0.01
6443,元晶         ,20210503,0.03,115,0,0,4.79,0,445797,0,52686,0
6443,元晶         ,20210504,0,0,0,-297,0,297,445797,-11.36,50893,0.03
6443,元晶         ,20210505,0,0,0,0,0,0,445797,0,50280,0
6443,元晶         ,20210506,0,0,0,0,0,0,445797,0,50176,0
6443,元晶         ,20210507,0,0,0,0,0,0,445797,0,50919,0
6443,元晶         ,20210510,0,0,0,-251,0,251,445797,-9.68,50709,0.03
6443,元晶         ,20210511,0,0,0,0,0,0,445797,0,50732,0
6443,元晶         ,20210512,0,0,0,0,0,0,445797,0,53591,0
6443,元晶         ,20210513,0,0,0,0,0,0,445797,0,57693,0
6443,元晶         ,20210514,0,0,0,0,0,0,445797,0,53542,0
6443,元晶         ,20210517,0,0,0,0,0,0,445797,0,53167,0
6443,元晶         ,20210518,0,0,0,0,0,0,445797,0,56696,0
6443,元晶         ,20210519,0,0,0,0,0,0,445797,0,54399,0
6443,元晶         ,20210520,0,0,0,0,0,0,445797,0,52683,0
6443,元晶         ,20210521,0,0,0,0,0,0,445797,0,54076,0
6443,元晶         ,20210524,0,0,0,0,0,0,445797,0,56865,0
6443,元晶         ,20210525,0,0,0,0,0,0,445797,0,52059,0
6443,元晶         ,20210526,0,0,0,0,0,0,445797,0,53500,0
6443,元晶         ,20210527,0,0,0,0,0,0,445797,0,55593,0
6443,元晶         ,20210528,0,0,0,0,0,0,445797,0,55099,0
6443,元晶         ,20210531,0,0,0,0,0,0,445797,0,55924,0
6443,元晶         ,20210601,0,0,0,0,0,0,445797,0,57767,0
6443,元晶         ,20210602,0,0,0,0,0,0,445797,0,52216,0
6443,元晶         ,20210603,0,0,0,0,0,0,445797,0,52147,0
6443,元晶         ,20210604,0,0,0,0,0,0,445797,0,51142,0
6443,元晶         ,20210607,0,0,0,0,0,0,445797,0,51784,0
6443,元晶         ,20210608,0,0,0,0,0,0,445797,0,52291,0
6443,元晶         ,20210609,0,0,0,0,0,0,445797,0,51605,0
6443,元晶         ,20210610,0,0,0,0,0,0,445797,0,51987,0
6443,元晶         ,20210611,0,0,0,0,0,0,445797,0,48211,0
6443,元晶         ,20210615,0,0,0,0,0,0,445797,0,50348,0
6443,元晶         ,20210616,0,0,0,0,0,0,445797,0,47638,0
6443,元晶         ,20210617,0,0,0,0,0,0,445797,0,46727,0
6443,元晶         ,20210618,0,0,0,0,0,0,445797,0,47753,0
6443,元晶         ,20210621,0,0,0,0,0,0,445797,0,47611,0
6443,元晶         ,20210622,0,0,0,0,0,0,445797,0,47827,0
6443,元晶         ,20210623,0,0,0,0,0,0,445797,0,50150,0
6443,元晶         ,20210624,0,0,0,0,0,0,445797,0,49726,0
6443,元晶         ,20210625,0,0,0,0,0,0,445797,0,49948,0
6443,元晶         ,20210628,0,0,0,0,0,0,445797,0,50247,0
6443,元晶         ,20210629,0,0,0,0,0,0,445797,0,50635,0
6443,元晶         ,20210630,0,0,0,0,0,0,445797,0,51369,0
6443,元晶         ,20210701,0,0,0,0,0,0,445797,0,50955,0
6443,元晶         ,20210702,0,0,0,0,0,0,445797,0,51052,0
6443,元晶         ,20210705,0,0,0,0,0,0,445797,0,52657,0
6443,元晶         ,20210706,0,0,0,0,0,0,445797,0,50769,0
6443,元晶         ,20210707,0,0,0,0,0,0,445797,0,50552,0
6443,元晶         ,20210708,0,0,0,0,0,0,445797,0,50850,0
6443,元晶         ,20210709,0,0,0,0,0,0,445797,0,51199,0
6443,元晶         ,20210712,0,0,0,0,0,0,445797,0,51496,0
6443,元晶         ,20210713,0,0,0,0,0,0,445797,0,50929,0
6443,元晶         ,20210714,0,0,0,0,0,0,445797,0,51243,0
6443,元晶         ,20210715,0,0,0,0,0,0,445797,0,50936,0
6443,元晶         ,20210716,0,0,0,0,0,0,445797,0,50616,0
6443,元晶         ,20210719,0,0,0,0,0,0,445797,0,53332,0
6443,元晶         ,20210720,0,0,0,0,0,0,445797,0,49973,0
6443,元晶         ,20210721,0,0,0,0,0,0,445797,0,49127,0
6443,元晶         ,20210722,0,0,0,0,0,0,445797,0,49452,0
6443,元晶         ,20210723,0,0,0,0,0,0,445797,0,49436,0
6443,元晶         ,20210726,0,0,0,0,0,0,445797,0,49406,0
6443,元晶         ,20210727,0,0,0,0,0,0,445797,0,50068,0
6443,元晶         ,20210728,0,0,0,0,0,0,445797,0,49609,0
6443,元晶         ,20210729,0,0,0,0,0,0,445797,0,50057,0
6443,元晶         ,20210730,0,0,0,0,0,0,445797,0,49419,0
6443,元晶         ,20210802,0,0,0,0,0,0,445797,0,49979,0
6443,元晶         ,20210803,0,0,0,0,0,0,445797,0,50216,0
6443,元晶         ,20210804,0,0,0,0,0,0,445797,0,52037,0
6443,元晶         ,20210805,0,0,0,0,0,0,445797,0,50875,0
6443,元晶         ,20210806,0,0,0,0,0,0,445797,0,49928,0
6443,元晶         ,20210809,0,0,0,0,0,0,445797,0,49938,0
6443,元晶         ,20210810,0,0,0,0,0,0,445797,0,49840,0
6443,元晶         ,20210811,0,0,0,0,0,0,445797,0,50335,0
6443,元晶         ,20210812,0,0,0,0,0,0,445797,0,50806,0
6443,元晶         ,20210813,0,0,0,0,0,0,445797,0,50582,0
6443,元晶         ,20210816,0,0,0,0,0,0,445797,0,51775,0
6443,元晶         ,20210817,0,0,0,0,0,0,445797,0,52136,0
6443,元晶         ,20210818,0,0,0,0,0,0,445797,0,53950,0
6443,元晶         ,20210819,0,0,0,0,0,0,445797,0,53244,0
6443,元晶         ,20210820,0,0,0,0,0,0,445797,0,52220,0
6443,元晶         ,20210823,0,0,0,0,0,0,445797,0,53631,0
6443,元晶         ,20210824,0,0,0,0,0,0,445797,0,53121,0
6443,元晶         ,20210825,0,0,0,0,0,0,445797,0,54459,0
6443,元晶         ,20210826,0,0,0,0,0,0,445797,0,55365,0
6443,元晶         ,20210827,0,0,0,0,0,0,445797,0,52201,0
6443,元晶         ,20210830,0,0,0,0,0,0,445797,0,53116,0
6443,元晶         ,20210831,0,0,0,0,0,0,445797,0,54833,0
6443,元晶         ,20210901,0,0,0,0,0,0,445797,0,54843,0
6443,元晶         ,20210902,0,0,0,0,0,0,445797,0,53904,0
6443,元晶         ,20210903,0,0,0,0,0,0,445797,0,53582,0
6443,元晶         ,20210906,0,0,0,0,0,0,445797,0,54370,0
6443,元晶         ,20210907,0,0,0,0,0,0,445797,0,55785,0
6443,元晶         ,20210908,0,0,0,0,0,0,445797,0,55969,0
6443,元晶         ,20210909,0,0,0,0,0,0,445797,0,56221,0
6443,元晶         ,20210910,0,0,0,0,0,0,445797,0,56053,0
6443,元晶         ,20210913,0,0,0,0,0,0,445797,0,54817,0
6443,元晶         ,20210914,0,0,0,0,0,0,445797,0,54728,0
6443,元晶         ,20210915,0,0,0,0,0,0,445797,0,55053,0
6443,元晶         ,20210916,0,0,0,0,0,0,445797,0,55324,0
6443,元晶         ,20210917,0,0,0,0,0,0,445797,0,55900,0
6443,元晶         ,20210922,0,0,0,0,0,0,445797,0,55333,0
6443,元晶         ,20210923,0,0,0,0,0,0,445797,0,54568,0
6443,元晶         ,20210924,0,0,0,0,0,0,445797,0,54734,0
6443,元晶         ,20210927,0,0,0,0,0,0,445797,0,55056,0
6443,元晶         ,20210928,0,0,0,0,0,0,445797,0,54694,0
6443,元晶         ,20210929,0,0,0,0,0,0,445797,0,54204,0
6443,元晶         ,20210930,0,0,0,0,0,0,445797,0,54643,0
6443,元晶         ,20211001,0,0,0,0,0,0,445797,0,56381,0
6443,元晶         ,20211004,0,0,0,0,0,0,445797,0,55388,0
6443,元晶         ,20211005,0,0,0,0,0,0,445797,0,55624,0
6443,元晶         ,20211006,0,0,0,0,0,0,445797,0,54486,0
6443,元晶         ,20211007,0,0,0,0,0,0,445797,0,54760,0
6443,元晶         ,20211008,0,0,0,0,0,0,445797,0,54477,0
6443,元晶         ,20211012,0,0,0,0,0,0,445797,0,55974,0
6443,元晶         ,20211013,0,0,0,0,0,0,445797,0,56489,0
6443,元晶         ,20211014,0,0,0,0,0,0,445797,0,56054,0
6443,元晶         ,20211015,0,0,0,0,0,0,445797,0,56370,0
6443,元晶         ,20211018,0,0,0,0,0,0,445797,0,56472,0
6443,元晶         ,20211019,0,0,0,0,0,0,445797,0,58955,0
6443,元晶         ,20211020,0,0,0,0,0,0,445797,0,58847,0
6443,元晶         ,20211021,0,0,0,0,0,0,445797,0,58539,0
6443,元晶         ,20211022,0,0,0,0,0,0,445797,0,58588,0
6443,元晶         ,20211025,0,0,0,0,0,0,445797,0,59030,0
6443,元晶         ,20211026,0,0,0,0,0,0,445797,0,58794,0
6443,元晶         ,20211027,0,0,0,0,0,0,445797,0,60211,0
6443,元晶         ,20211028,0,0,0,0,0,0,445797,0,62727,0
6443,元晶         ,20211029,0,0,0,0,0,0,445797,0,61966,0
6443,元晶         ,20211101,0,0,0,0,0,0,445797,0,62292,0
6443,元晶         ,20211102,0,0,0,0,0,0,445797,0,66934,0
6443,元晶         ,20211103,0.01,50,50,50,1.86,0,445797,1.86,64782,0.01
6443,元晶         ,20211104,0.01,50,0,0,1.93,0,445797,0,70423,0
6443,元晶         ,20211105,0.07,300,250,250,11.28,0,445797,9.4,65152,0.03
6443,元晶         ,20211108,0.24,1050,750,750,39.48,0,445797,28.2,65551,0.08
6443,元晶         ,20211109,0.24,1050,0,0,42.11,0,445797,0,69919,0
6443,元晶         ,20211110,0.34,1533,483,483,59.56,0,445797,18.76,66059,0.05
6443,元晶         ,20211111,0.34,1533,0,0,57.56,0,445797,0,67460,0
6443,元晶         ,20211112,0.18,783,0,-750,27.44,750,445797,-26.29,64412,0.08
6443,元晶         ,20211115,0.21,952,358,169,34.99,189,445797,6.21,63749,0.06
6443,元晶         ,20211116,0.21,952,0,0,36.18,0,445797,0,64684,0
6443,元晶         ,20211117,0.21,952,0,0,37.51,0,445797,0,63732,0
6443,元晶         ,20211118,0.13,589,0,-363,21.85,363,445797,-13.47,61353,0.04
6443,元晶         ,20211119,0.13,589,0,0,21.56,0,445797,0,62695,0
6443,元晶         ,20211122,0.33,1488,1094,899,55.58,195,445797,33.58,65610,0.14
6443,元晶         ,20211123,0.33,1488,0,0,55.95,0,445797,0,63604,0
