ID,iso_code,洲名,國家,日期,總確診數,新增確診數,七天移動平均新增確診數,總死亡數,新增死亡數,七天移動平均新增死亡數,每百萬人確診數,每百萬人死亡數,傳染率,新增檢驗件數,總檢驗件數,每千人檢驗件數,七天移動平均新增檢驗件數,陽性率,每確診案例相對檢驗數量,疫苗總接種總劑數,疫苗總接種人數,疫苗新增接種劑數,每百人接種疫苗劑數,每百人接種疫苗人數,疫情控管指數,解除隔離數,解封指數
6327,OWID_ASI,亞洲,亞洲,2020/1/22,556,0,0,17,0,0,0.119,0.004,0,0,0,0,0,0,0,0,0,0,0,0,0,0,99999
6328,OWID_ASI,亞洲,亞洲,2020/1/23,654,98,0,18,1,0,0.14,0.004,0,0,0,0,0,0,0,0,0,0,0,0,0,0,99999
6329,OWID_ASI,亞洲,亞洲,2020/1/24,937,283,0,26,8,0,0.2,0.006,0,0,0,0,0,0,0,0,0,0,0,0,0,0,99999
6330,OWID_ASI,亞洲,亞洲,2020/1/25,1429,492,0,42,16,0,0.305,0.009,0,0,0,0,0,0,0,0,0,0,0,0,0,0,99999
6331,OWID_ASI,亞洲,亞洲,2020/1/26,2105,676,0,56,14,0,0.45,0.012,0,0,0,0,0,0,0,0,0,0,0,0,0,0,99999
6332,OWID_ASI,亞洲,亞洲,2020/1/27,2912,807,0,82,26,0,0.622,0.018,0,0,0,0,0,0,0,0,0,0,0,0,0,0,99999
6333,OWID_ASI,亞洲,亞洲,2020/1/28,5558,2646,714.571,131,49,16.286,1.188,0.028,0,0,0,0,0,0,0,0,0,0,0,0,0,0,99999
6334,OWID_ASI,亞洲,亞洲,2020/1/29,6143,585,798.143,133,2,16.571,1.313,0.028,0,0,0,0,0,0,0,0,0,0,0,0,0,0,99999
6335,OWID_ASI,亞洲,亞洲,2020/1/30,8208,2065,1079.143,171,38,21.857,1.754,0.037,0,0,0,0,0,0,0,0,0,0,0,0,0,0,99999
6336,OWID_ASI,亞洲,亞洲,2020/1/31,9889,1681,1278.857,213,42,26.714,2.114,0.046,0,0,0,0,0,0,0,0,0,0,0,0,0,0,99999
6337,OWID_ASI,亞洲,亞洲,2020/2/1,11991,2102,1508.857,259,46,31,2.563,0.055,0,0,0,0,0,0,0,0,0,0,0,0,0,0,99999
6338,OWID_ASI,亞洲,亞洲,2020/2/2,16738,4747,2090.429,362,103,43.714,3.578,0.077,0,0,0,0,0,0,0,0,0,0,0,0,0,0,99999
6339,OWID_ASI,亞洲,亞洲,2020/2/3,19827,3089,2416.429,426,64,49.143,4.238,0.091,0,0,0,0,0,0,0,0,0,0,0,0,0,0,99999
6340,OWID_ASI,亞洲,亞洲,2020/2/4,23836,4009,2611.143,492,66,51.571,5.095,0.105,0,0,0,0,0,0,0,0,0,0,0,0,0,0,99999
6341,OWID_ASI,亞洲,亞洲,2020/2/5,27579,3743,3062.286,564,72,61.571,5.895,0.121,0,0,0,0,0,0,0,0,0,0,0,0,0,0,99999
6342,OWID_ASI,亞洲,亞洲,2020/2/6,30739,3160,3218.714,634,70,66.143,6.57,0.136,0,0,0,0,0,0,0,0,0,0,0,0,0,0,99999
6343,OWID_ASI,亞洲,亞洲,2020/2/7,34267,3528,3482.571,719,85,72.286,7.324,0.154,0,0,0,0,0,0,0,0,0,0,0,0,0,0,99999
6344,OWID_ASI,亞洲,亞洲,2020/2/8,36989,2722,3571.143,806,87,78.143,7.906,0.172,0,0,0,0,0,0,0,0,0,0,0,0,0,0,99999
6345,OWID_ASI,亞洲,亞洲,2020/2/9,40014,3025,3325.143,906,100,77.714,8.553,0.194,0,0,0,0,0,0,0,0,0,0,0,0,0,0,99999
6346,OWID_ASI,亞洲,亞洲,2020/2/10,42551,2537,3246.286,1013,107,83.857,9.095,0.217,0,0,0,0,0,0,0,0,0,0,0,0,0,0,99999
6347,OWID_ASI,亞洲,亞洲,2020/2/11,44589,2038,2964.714,1113,100,88.714,9.531,0.238,0,0,0,0,0,0,0,0,0,0,0,0,0,0,99999
6348,OWID_ASI,亞洲,亞洲,2020/2/12,44966,377,2483.857,1118,5,79.143,9.611,0.239,0,0,0,0,0,0,0,0,0,0,0,0,0,0,99999
6349,OWID_ASI,亞洲,亞洲,2020/2/13,60116,15150,4196.714,1371,253,105.286,12.85,0.293,0,0,0,0,0,0,0,0,0,0,0,0,0,0,99999
6350,OWID_ASI,亞洲,亞洲,2020/2/14,66599,6483,4618.857,1523,152,114.857,14.235,0.326,0,0,0,0,0,0,0,0,0,0,0,0,0,0,99999
6351,OWID_ASI,亞洲,亞洲,2020/2/15,68674,2075,4526.429,1665,142,122.714,14.679,0.356,0,0,0,0,0,0,0,0,0,0,0,0,0,0,99999
6352,OWID_ASI,亞洲,亞洲,2020/2/16,70787,2113,4396.143,1769,104,123.286,15.13,0.378,0,0,0,0,0,0,0,0,0,0,0,0,0,0,99999
6353,OWID_ASI,亞洲,亞洲,2020/2/17,72721,1934,4310,1867,98,122,15.544,0.399,0,0,0,0,0,0,0,0,0,0,0,0,0,0,99999
6354,OWID_ASI,亞洲,亞洲,2020/2/18,74515,1794,4275.143,2007,140,127.714,15.927,0.429,0,0,0,0,0,0,0,0,0,0,0,0,0,0,99999
6355,OWID_ASI,亞洲,亞洲,2020/2/19,74935,420,4281.286,2122,115,143.429,16.017,0.454,0,0,0,0,0,0,0,0,0,0,0,0,0,0,99999
6356,OWID_ASI,亞洲,亞洲,2020/2/20,75480,545,2194.857,2245,123,124.857,16.134,0.48,0,0,0,0,0,0,0,0,0,0,0,0,0,0,99999
6357,OWID_ASI,亞洲,亞洲,2020/2/21,76088,608,1355.571,2248,3,103.571,16.264,0.481,0,0,0,0,0,0,0,0,0,0,0,0,0,0,99999
6358,OWID_ASI,亞洲,亞洲,2020/2/22,77807,1719,1304.714,2454,206,112.714,16.631,0.525,0,0,0,0,0,0,0,0,0,0,0,0,0,0,99999
6359,OWID_ASI,亞洲,亞洲,2020/2/23,78030,223,1034.714,2463,9,99.143,16.679,0.526,0,0,0,0,0,0,0,0,0,0,0,0,0,0,99999
6360,OWID_ASI,亞洲,亞洲,2020/2/24,78521,491,828.571,2619,156,107.429,16.784,0.56,0,0,0,0,0,0,0,0,0,0,0,0,0,0,99999
6361,OWID_ASI,亞洲,亞洲,2020/2/25,79264,743,678.429,2696,77,98.429,16.942,0.576,0,0,0,0,0,0,0,0,0,0,0,0,0,0,99999
6362,OWID_ASI,亞洲,亞洲,2020/2/26,80063,799,732.571,2753,57,90.143,17.113,0.588,0,0,0,0,0,0,0,0,0,0,0,0,0,0,99999
6363,OWID_ASI,亞洲,亞洲,2020/2/27,81155,1092,810.714,2791,38,78,17.347,0.597,0,0,0,0,0,0,0,0,0,0,0,0,0,0,99999
6364,OWID_ASI,亞洲,亞洲,2020/2/28,82236,1081,878.286,2844,53,85.143,17.578,0.608,0,0,0,0,0,0,0,0,0,0,0,0,0,0,99999
6365,OWID_ASI,亞洲,亞洲,2020/2/29,83728,1492,845.857,2904,60,64.286,17.897,0.621,0,0,0,0,0,0,0,0,0,0,0,0,0,0,99999
6366,OWID_ASI,亞洲,亞洲,2020/3/1,85321,1593,1041.571,2952,48,69.857,18.237,0.631,0,0,0,0,0,0,0,0,0,0,0,0,0,0,99999
6367,OWID_ASI,亞洲,亞洲,2020/3/2,86704,1383,1169,3017,65,56.857,18.533,0.645,0,0,0,0,0,0,0,0,0,0,0,0,0,0,99999
6368,OWID_ASI,亞洲,亞洲,2020/3/3,88571,1867,1329.571,3061,44,52.143,18.932,0.654,0,0,0,0,0,0,0,0,0,0,0,0,0,0,99999
6369,OWID_ASI,亞洲,亞洲,2020/3/4,89799,1228,1390.857,3122,61,52.714,19.194,0.667,0,0,0,0,0,0,0,0,0,0,0,0,0,0,99999
6370,OWID_ASI,亞洲,亞洲,2020/3/5,91090,1291,1419.286,3169,47,54,19.47,0.677,0,0,0,0,0,0,0,0,0,0,0,0,0,0,99999
6371,OWID_ASI,亞洲,亞洲,2020/3/6,93121,2031,1555,3223,54,54.143,19.904,0.689,0,0,0,0,0,0,0,0,0,0,0,0,0,0,99999
6372,OWID_ASI,亞洲,亞洲,2020/3/7,94880,1759,1593.143,3275,52,53,20.28,0.7,0,0,0,0,0,0,0,0,0,0,0,0,0,0,99999
6373,OWID_ASI,亞洲,亞洲,2020/3/8,96081,1201,1537.143,3361,86,58.429,20.537,0.718,0,0,0,0,0,0,0,0,0,0,0,0,0,0,99999
6374,OWID_ASI,亞洲,亞洲,2020/3/9,96987,906,1469,3432,71,59.286,20.731,0.734,0,0,0,0,0,0,0,0,0,0,0,0,0,0,99999
6375,OWID_ASI,亞洲,亞洲,2020/3/10,98175,1188,1372,3508,76,63.857,20.985,0.75,0,0,0,0,0,0,0,0,0,0,0,0,0,0,99999
6376,OWID_ASI,亞洲,亞洲,2020/3/11,99896,1721,1442.429,3605,97,69,21.352,0.771,0,0,0,0,0,0,0,0,0,0,0,0,0,0,99999
6377,OWID_ASI,亞洲,亞洲,2020/3/12,101263,1367,1453.286,3703,98,76.286,21.645,0.792,0,0,0,0,0,0,0,0,0,0,0,0,0,0,99999
6378,OWID_ASI,亞洲,亞洲,2020/3/13,103074,1811,1421.857,3807,104,83.429,22.032,0.814,0,0,0,0,0,0,0,0,0,0,0,0,0,0,99999
6379,OWID_ASI,亞洲,亞洲,2020/3/14,104983,1909,1443.286,3929,122,93.429,22.44,0.84,0,0,0,0,0,0,0,0,0,0,0,0,0,0,99999
6380,OWID_ASI,亞洲,亞洲,2020/3/15,106931,1948,1550,4060,131,99.857,22.856,0.868,0,0,0,0,0,0,0,0,0,0,0,0,0,0,99999
6381,OWID_ASI,亞洲,亞洲,2020/3/16,108644,1713,1665.286,4211,151,111.286,23.222,0.9,0,0,0,0,0,0,0,0,0,0,0,0,0,0,99999
6382,OWID_ASI,亞洲,亞洲,2020/3/17,110650,2006,1782.143,4370,159,123.143,23.651,0.934,0,0,0,0,0,0,0,0,0,0,0,0,0,0,99999
6383,OWID_ASI,亞洲,亞洲,2020/3/18,112783,2133,1841,4558,188,136.143,24.107,0.974,0,0,0,0,0,0,0,0,0,0,0,0,0,0,99999
6384,OWID_ASI,亞洲,亞洲,2020/3/19,114922,2139,1951.286,4733,175,147.143,24.564,1.012,0,0,0,0,0,0,0,0,0,0,0,0,0,0,99999
6385,OWID_ASI,亞洲,亞洲,2020/3/20,117619,2697,2077.857,4909,176,157.429,25.141,1.049,0,0,0,0,0,0,0,0,0,0,0,0,0,0,99999
6386,OWID_ASI,亞洲,亞洲,2020/3/21,120175,2556,2170.286,5068,159,162.714,25.687,1.083,0,0,0,0,0,0,0,0,0,0,0,0,0,0,99999
6387,OWID_ASI,亞洲,亞洲,2020/3/22,123415,3240,2354.857,5274,206,173.429,26.379,1.127,0,0,0,0,0,0,0,0,0,0,0,0,0,0,99999
6388,OWID_ASI,亞洲,亞洲,2020/3/23,126489,3074,2549.286,5432,158,174.429,27.037,1.161,0,0,0,0,0,0,0,0,0,0,0,0,0,0,99999
6389,OWID_ASI,亞洲,亞洲,2020/3/24,130108,3619,2779.714,5602,170,176,27.81,1.197,0,0,0,0,0,0,0,0,0,0,0,0,0,0,99999
6390,OWID_ASI,亞洲,亞洲,2020/3/25,135519,5411,3248,5794,192,176.571,28.967,1.238,0,0,0,0,0,0,0,0,0,0,0,0,0,0,99999
6391,OWID_ASI,亞洲,亞洲,2020/3/26,141243,5724,3760.143,6039,245,186.571,30.19,1.291,0,0,0,0,0,0,0,0,0,0,0,0,0,0,99999
6392,OWID_ASI,亞洲,亞洲,2020/3/27,148354,7111,4390.714,6252,213,191.857,31.71,1.336,0,0,0,0,0,0,0,0,0,0,0,0,0,0,99999
6393,OWID_ASI,亞洲,亞洲,2020/3/28,155553,7199,5054,6469,217,200.143,33.249,1.383,0,0,0,0,0,0,0,0,0,0,0,0,0,0,99999
6394,OWID_ASI,亞洲,亞洲,2020/3/29,162790,7237,5625,6684,215,201.429,34.796,1.429,0,0,0,0,0,0,0,0,0,0,0,0,0,0,99999
6395,OWID_ASI,亞洲,亞洲,2020/3/30,170018,7228,6218.429,6896,212,209.143,36.341,1.474,0,0,0,0,0,0,0,0,0,0,0,0,0,0,99999
6396,OWID_ASI,亞洲,亞洲,2020/3/31,179024,9006,6988,7141,245,219.857,38.266,1.526,0,0,0,0,0,0,0,0,0,0,0,0,0,0,99999
6397,OWID_ASI,亞洲,亞洲,2020/4/1,187614,8590,7442.143,7444,303,235.714,40.102,1.591,0,0,0,0,0,0,0,0,0,0,0,0,0,0,99999
6398,OWID_ASI,亞洲,亞洲,2020/4/2,196754,9140,7930.143,7733,289,242,42.055,1.653,0,0,0,0,0,0,0,0,0,0,0,0,0,0,99999
6399,OWID_ASI,亞洲,亞洲,2020/4/3,205493,8739,8162.714,8015,282,251.857,43.923,1.713,0,0,0,0,0,0,0,0,0,0,0,0,0,0,99999
6400,OWID_ASI,亞洲,亞洲,2020/4/4,214452,8959,8414.143,8326,311,265.286,45.838,1.78,0,0,0,0,0,0,0,0,0,0,0,0,0,0,99999
6401,OWID_ASI,亞洲,亞洲,2020/4/5,224360,9908,8795.714,8629,303,277.857,47.956,1.844,0,0,0,0,0,0,0,0,0,0,0,0,0,0,99999
6402,OWID_ASI,亞洲,亞洲,2020/4/6,234363,10003,9192.143,8942,313,292.286,50.094,1.911,0,0,0,0,0,0,0,0,0,0,0,0,0,0,99999
6403,OWID_ASI,亞洲,亞洲,2020/4/7,243904,9541,9268.571,9233,291,298.857,52.134,1.974,0,0,0,0,0,0,0,0,0,0,0,0,0,0,99999
6404,OWID_ASI,亞洲,亞洲,2020/4/8,253844,9940,9461.429,9542,309,299.714,54.258,2.04,0,0,0,0,0,0,0,0,0,0,0,0,0,0,99999
6405,OWID_ASI,亞洲,亞洲,2020/4/9,264046,10202,9613.143,9905,363,310.286,56.439,2.117,0,0,0,0,0,0,0,0,0,0,0,0,0,0,99999
6406,OWID_ASI,亞洲,亞洲,2020/4/10,275203,11157,9958.571,10260,355,320.714,58.824,2.193,0,0,0,0,0,0,0,0,0,0,0,0,0,0,99999
6407,OWID_ASI,亞洲,亞洲,2020/4/11,287180,11977,10389.714,10622,362,328,61.384,2.27,0,0,0,0,0,0,0,0,0,0,0,0,0,0,99999
6408,OWID_ASI,亞洲,亞洲,2020/4/12,298792,11612,10633.143,11028,406,342.714,63.866,2.357,0,0,0,0,0,0,0,0,0,0,0,0,0,0,99999
6409,OWID_ASI,亞洲,亞洲,2020/4/13,310335,11543,10853.143,11358,330,345.143,66.333,2.428,0,0,0,0,0,0,0,0,0,0,0,0,0,0,99999
6410,OWID_ASI,亞洲,亞洲,2020/4/14,321815,11480,11130.143,11752,394,359.857,68.787,2.512,0,0,0,0,0,0,0,0,0,0,0,0,0,0,99999
6411,OWID_ASI,亞洲,亞洲,2020/4/15,333231,11416,11341,12075,323,361.857,71.227,2.581,0,0,0,0,0,0,0,0,0,0,0,0,0,0,99999
6412,OWID_ASI,亞洲,亞洲,2020/4/16,345571,12340,11646.429,12440,365,362.143,73.864,2.659,0,0,0,0,0,0,0,0,0,0,0,0,0,0,99999
6413,OWID_ASI,亞洲,亞洲,2020/4/17,358326,12755,11874.714,14095,1655,547.857,76.591,3.013,0,0,0,0,0,0,0,0,0,0,0,0,0,0,99999
6414,OWID_ASI,亞洲,亞洲,2020/4/18,370483,12157,11900.429,14432,337,544.286,79.189,3.085,0,0,0,0,0,0,0,0,0,0,0,0,0,0,99999
6415,OWID_ASI,亞洲,亞洲,2020/4/19,382715,12232,11989,14801,369,539,81.804,3.164,0,0,0,0,0,0,0,0,0,0,0,0,0,0,99999
6416,OWID_ASI,亞洲,亞洲,2020/4/20,396741,14026,12343.714,15157,356,542.714,84.802,3.24,0,0,0,0,0,0,0,0,0,0,0,0,0,0,99999
6417,OWID_ASI,亞洲,亞洲,2020/4/21,410383,13642,12652.571,15533,376,540.143,87.718,3.32,0,0,0,0,0,0,0,0,0,0,0,0,0,0,99999
6418,OWID_ASI,亞洲,亞洲,2020/4/22,422561,12178,12761.429,15888,355,544.714,90.321,3.396,0,0,0,0,0,0,0,0,0,0,0,0,0,0,99999
6419,OWID_ASI,亞洲,亞洲,2020/4/23,435367,12806,12828,16239,351,542.714,93.058,3.471,0,0,0,0,0,0,0,0,0,0,0,0,0,0,99999
6420,OWID_ASI,亞洲,亞洲,2020/4/24,448339,12972,12859,16620,381,360.714,95.831,3.552,0,0,0,0,0,0,0,0,0,0,0,0,0,0,99999
6421,OWID_ASI,亞洲,亞洲,2020/4/25,460315,11976,12833.143,16969,349,362.429,98.391,3.627,0,0,0,0,0,0,0,0,0,0,0,0,0,0,99999
6422,OWID_ASI,亞洲,亞洲,2020/4/26,471887,11572,12738.857,17267,298,352.286,100.864,3.691,0,0,0,0,0,0,0,0,0,0,0,0,0,0,99999
6423,OWID_ASI,亞洲,亞洲,2020/4/27,482868,10981,12303.857,17623,356,352.286,103.211,3.767,0,0,0,0,0,0,0,0,0,0,0,0,0,0,99999
6424,OWID_ASI,亞洲,亞洲,2020/4/28,494823,11955,12062.857,17975,352,348.857,105.767,3.842,0,0,0,0,0,0,0,0,0,0,0,0,0,0,99999
6425,OWID_ASI,亞洲,亞洲,2020/4/29,507773,12950,12173.143,18351,376,351.857,108.535,3.922,0,0,0,0,0,0,0,0,0,0,0,0,0,0,99999
6426,OWID_ASI,亞洲,亞洲,2020/4/30,520649,12876,12183.143,18703,352,352,111.287,3.998,0,0,0,0,0,0,0,0,0,0,0,0,0,0,99999
6427,OWID_ASI,亞洲,亞洲,2020/5/1,534001,13352,12237.429,19026,323,343.714,114.141,4.067,0,0,0,0,0,0,0,0,0,0,0,0,0,0,99999
6428,OWID_ASI,亞洲,亞洲,2020/5/2,546153,12152,12262.571,19409,383,348.571,116.738,4.149,0,0,0,0,0,0,0,0,0,0,0,0,0,0,99999
6429,OWID_ASI,亞洲,亞洲,2020/5/3,558586,12433,12385.571,19686,277,345.571,119.396,4.208,0,0,0,0,0,0,0,0,0,0,0,0,0,0,99999
6430,OWID_ASI,亞洲,亞洲,2020/5/4,572603,14017,12819.286,20135,449,358.857,122.392,4.304,0,0,0,0,0,0,0,0,0,0,0,0,0,0,99999
6431,OWID_ASI,亞洲,亞洲,2020/5/5,587515,14912,13241.714,20504,369,361.286,125.579,4.383,0,0,0,0,0,0,0,0,0,0,0,0,0,0,99999
6432,OWID_ASI,亞洲,亞洲,2020/5/6,603501,15986,13675.429,20874,370,360.429,128.996,4.462,0,0,0,0,0,0,0,0,0,0,0,0,0,0,99999
6433,OWID_ASI,亞洲,亞洲,2020/5/7,619168,15667,14074.143,21242,368,362.714,132.345,4.54,0,0,0,0,0,0,0,0,0,0,0,0,0,0,99999
6434,OWID_ASI,亞洲,亞洲,2020/5/8,635952,16784,14564.429,21569,327,363.286,135.932,4.61,0,0,0,0,0,0,0,0,0,0,0,0,0,0,99999
6435,OWID_ASI,亞洲,亞洲,2020/5/9,651075,15123,14988.857,21899,330,355.714,139.165,4.681,0,0,0,0,0,0,0,0,0,0,0,0,0,0,99999
6436,OWID_ASI,亞洲,亞洲,2020/5/10,669547,18472,15851.571,22265,366,368.429,143.113,4.759,0,0,0,0,0,0,0,0,0,0,0,0,0,0,99999
6437,OWID_ASI,亞洲,亞洲,2020/5/11,686097,16550,16213.429,22568,303,347.571,146.651,4.824,0,0,0,0,0,0,0,0,0,0,0,0,0,0,99999
6438,OWID_ASI,亞洲,亞洲,2020/5/12,703122,17025,16515.286,22928,360,346.286,150.29,4.901,0,0,0,0,0,0,0,0,0,0,0,0,0,0,99999
6439,OWID_ASI,亞洲,亞洲,2020/5/13,720091,16969,16655.714,23300,372,346.571,153.917,4.98,0,0,0,0,0,0,0,0,0,0,0,0,0,0,99999
6440,OWID_ASI,亞洲,亞洲,2020/5/14,740737,20646,17367,23693,393,350.143,158.33,5.064,0,0,0,0,0,0,0,0,0,0,0,0,0,0,99999
6441,OWID_ASI,亞洲,亞洲,2020/5/15,758468,17731,17502.286,24032,339,351.857,162.12,5.137,0,0,0,0,0,0,0,0,0,0,0,0,0,0,99999
6442,OWID_ASI,亞洲,亞洲,2020/5/16,778231,19763,18165.143,24381,349,354.571,166.344,5.211,0,0,0,0,0,0,0,0,0,0,0,0,0,0,99999
6443,OWID_ASI,亞洲,亞洲,2020/5/17,799023,20792,18496.571,24794,413,361.286,170.788,5.3,0,0,0,0,0,0,0,0,0,0,0,0,0,0,99999
6444,OWID_ASI,亞洲,亞洲,2020/5/18,819668,20645,19081.571,25178,384,372.857,175.201,5.382,0,0,0,0,0,0,0,0,0,0,0,0,0,0,99999
6445,OWID_ASI,亞洲,亞洲,2020/5/19,841822,22154,19814.286,25570,392,377.429,179.936,5.465,0,0,0,0,0,0,0,0,0,0,0,0,0,0,99999
6446,OWID_ASI,亞洲,亞洲,2020/5/20,864406,22584,20616.429,25920,350,374.286,184.764,5.54,0,0,0,0,0,0,0,0,0,0,0,0,0,0,99999
6447,OWID_ASI,亞洲,亞洲,2020/5/21,888615,24209,21125.429,26329,409,376.571,189.938,5.628,0,0,0,0,0,0,0,0,0,0,0,0,0,0,99999
6448,OWID_ASI,亞洲,亞洲,2020/5/22,912816,24201,22049.714,26735,406,386.143,195.111,5.715,0,0,0,0,0,0,0,0,0,0,0,0,0,0,99999
6449,OWID_ASI,亞洲,亞洲,2020/5/23,937175,24359,22706.286,27121,386,391.429,200.318,5.797,0,0,0,0,0,0,0,0,0,0,0,0,0,0,99999
6450,OWID_ASI,亞洲,亞洲,2020/5/24,961206,24031,23169,27510,389,388,205.454,5.88,0,0,0,0,0,0,0,0,0,0,0,0,0,0,99999
6451,OWID_ASI,亞洲,亞洲,2020/5/25,982967,21761,23328.429,27850,340,381.714,210.105,5.953,0,0,0,0,0,0,0,0,0,0,0,0,0,0,99999
6452,OWID_ASI,亞洲,亞洲,2020/5/26,1003240,20273,23059.714,28249,399,382.714,214.439,6.038,0,0,0,0,0,0,0,0,0,0,0,0,0,0,99999
6453,OWID_ASI,亞洲,亞洲,2020/5/27,1027079,23839,23239,28719,470,399.857,219.534,6.139,0,0,0,0,0,0,0,0,0,0,0,0,0,0,99999
6454,OWID_ASI,亞洲,亞洲,2020/5/28,1052993,25914,23482.571,29184,465,407.857,225.073,6.238,0,0,0,0,0,0,0,0,0,0,0,0,0,0,99999
6455,OWID_ASI,亞洲,亞洲,2020/5/29,1081845,28852,24147,29749,565,430.571,231.24,6.359,0,0,0,0,0,0,0,0,0,0,0,0,0,0,99999
6456,OWID_ASI,亞洲,亞洲,2020/5/30,1109416,27571,24605.857,30294,545,453.286,237.133,6.475,0,0,0,0,0,0,0,0,0,0,0,0,0,0,99999
6457,OWID_ASI,亞洲,亞洲,2020/5/31,1138617,29201,25344.429,30828,534,474,243.375,6.589,0,0,0,0,0,0,0,0,0,0,0,0,0,0,99999
6458,OWID_ASI,亞洲,亞洲,2020/6/1,1166733,28116,26252.286,31349,521,499.857,249.385,6.701,0,0,0,0,0,0,0,0,0,0,0,0,0,0,99999
6459,OWID_ASI,亞洲,亞洲,2020/6/2,1197286,30553,27720.857,31897,548,521.143,255.915,6.818,0,0,0,0,0,0,0,0,0,0,0,0,0,0,99999
6460,OWID_ASI,亞洲,亞洲,2020/6/3,1230684,33398,29086.429,32543,646,546.286,263.054,6.956,0,0,0,0,0,0,0,0,0,0,0,0,0,0,99999
6461,OWID_ASI,亞洲,亞洲,2020/6/4,1262825,32141,29976,33121,578,562.429,269.924,7.079,0,0,0,0,0,0,0,0,0,0,0,0,0,0,99999
6462,OWID_ASI,亞洲,亞洲,2020/6/5,1295944,33119,30585.571,33773,652,574.857,277.003,7.219,0,0,0,0,0,0,0,0,0,0,0,0,0,0,99999
6463,OWID_ASI,亞洲,亞洲,2020/6/6,1330378,34434,31566,34429,656,590.714,284.363,7.359,0,0,0,0,0,0,0,0,0,0,0,0,0,0,99999
6464,OWID_ASI,亞洲,亞洲,2020/6/7,1364970,34592,32336.143,35084,655,608,291.757,7.499,0,0,0,0,0,0,0,0,0,0,0,0,0,0,99999
6465,OWID_ASI,亞洲,亞洲,2020/6/8,1396115,31145,32768.857,35741,657,627.429,298.414,7.64,0,0,0,0,0,0,0,0,0,0,0,0,0,0,99999
6466,OWID_ASI,亞洲,亞洲,2020/6/9,1429814,33699,33218.286,36400,659,643.286,305.617,7.78,0,0,0,0,0,0,0,0,0,0,0,0,0,0,99999
6467,OWID_ASI,亞洲,亞洲,2020/6/10,1466579,36765,33699.286,37172,772,661.286,313.476,7.945,0,0,0,0,0,0,0,0,0,0,0,0,0,0,99999
6468,OWID_ASI,亞洲,亞洲,2020/6/11,1504426,37847,34514.429,37998,826,696.714,321.565,8.122,0,0,0,0,0,0,0,0,0,0,0,0,0,0,99999
6469,OWID_ASI,亞洲,亞洲,2020/6/12,1537115,32689,34453,38728,730,707.857,328.553,8.278,0,0,0,0,0,0,0,0,0,0,0,0,0,0,99999
6470,OWID_ASI,亞洲,亞洲,2020/6/13,1576032,38917,35093.429,39468,740,719.857,336.871,8.436,0,0,0,0,0,0,0,0,0,0,0,0,0,0,99999
6471,OWID_ASI,亞洲,亞洲,2020/6/14,1620986,44954,36573.714,40342,874,751.143,346.48,8.623,0,0,0,0,0,0,0,0,0,0,0,0,0,0,99999
6472,OWID_ASI,亞洲,亞洲,2020/6/15,1658250,37264,37447.857,41250,908,787,354.445,8.817,0,0,0,0,0,0,0,0,0,0,0,0,0,0,99999
6473,OWID_ASI,亞洲,亞洲,2020/6/16,1696105,37855,38041.571,43774,2524,1053.429,362.536,9.357,0,0,0,0,0,0,0,0,0,0,0,0,0,0,99999
6474,OWID_ASI,亞洲,亞洲,2020/6/17,1737807,41702,38746.857,44652,878,1068.571,371.45,9.544,0,0,0,0,0,0,0,0,0,0,0,0,0,0,99999
6475,OWID_ASI,亞洲,亞洲,2020/6/18,1778734,40927,39186.857,45558,906,1080,380.198,9.738,0,0,0,0,0,0,0,0,0,0,0,0,0,0,99999
6476,OWID_ASI,亞洲,亞洲,2020/6/19,1821779,43045,40666.286,46506,948,1111.143,389.398,9.94,0,0,0,0,0,0,0,0,0,0,0,0,0,0,99999
6477,OWID_ASI,亞洲,亞洲,2020/6/20,1863557,41778,41075,47360,854,1127.429,398.328,10.123,0,0,0,0,0,0,0,0,0,0,0,0,0,0,99999
6478,OWID_ASI,亞洲,亞洲,2020/6/21,1903438,39881,40350.286,48338,978,1142.286,406.853,10.332,0,0,0,0,0,0,0,0,0,0,0,0,0,0,99999
6479,OWID_ASI,亞洲,亞洲,2020/6/22,1943991,40553,40820.143,49145,807,1127.857,415.521,10.505,0,0,0,0,0,0,0,0,0,0,0,0,0,0,99999
6480,OWID_ASI,亞洲,亞洲,2020/6/23,1986380,42389,41467.857,50098,953,903.429,424.581,10.708,0,0,0,0,0,0,0,0,0,0,0,0,0,0,99999
6481,OWID_ASI,亞洲,亞洲,2020/6/24,2030199,43819,41770.286,51115,1017,923.286,433.947,10.926,0,0,0,0,0,0,0,0,0,0,0,0,0,0,99999
6482,OWID_ASI,亞洲,亞洲,2020/6/25,2074532,44333,42256.857,52075,960,931,443.423,11.131,0,0,0,0,0,0,0,0,0,0,0,0,0,0,99999
6483,OWID_ASI,亞洲,亞洲,2020/6/26,2120702,46170,42703.286,53010,935,929.143,453.292,11.331,0,0,0,0,0,0,0,0,0,0,0,0,0,0,99999
6484,OWID_ASI,亞洲,亞洲,2020/6/27,2167157,46455,43371.429,53947,937,941,463.222,11.531,0,0,0,0,0,0,0,0,0,0,0,0,0,0,99999
6485,OWID_ASI,亞洲,亞洲,2020/6/28,2214130,46973,44384.571,54833,886,927.857,473.262,11.72,0,0,0,0,0,0,0,0,0,0,0,0,0,0,99999
6486,OWID_ASI,亞洲,亞洲,2020/6/29,2258587,44457,44942.286,55857,1024,958.857,482.764,11.939,0,0,0,0,0,0,0,0,0,0,0,0,0,0,99999
6487,OWID_ASI,亞洲,亞洲,2020/6/30,2305132,46545,45536,56972,1115,982,492.713,12.178,0,0,0,0,0,0,0,0,0,0,0,0,0,0,99999
6488,OWID_ASI,亞洲,亞洲,2020/7/1,2371852,66720,48807.571,58007,1035,984.571,506.974,12.399,0,0,0,0,0,0,0,0,0,0,0,0,0,0,99999
6489,OWID_ASI,亞洲,亞洲,2020/7/2,2422479,50627,49706.714,58981,974,986.571,517.796,12.607,0,0,0,0,0,0,0,0,0,0,0,0,0,0,99999
6490,OWID_ASI,亞洲,亞洲,2020/7/3,2473277,50798,50367.857,59920,939,987.143,528.654,12.808,0,0,0,0,0,0,0,0,0,0,0,0,0,0,99999
6491,OWID_ASI,亞洲,亞洲,2020/7/4,2527001,53724,51406.286,61098,1178,1021.571,540.137,13.059,0,0,0,0,0,0,0,0,0,0,0,0,0,0,99999
6492,OWID_ASI,亞洲,亞洲,2020/7/5,2583181,56180,52721.571,62273,1175,1062.857,552.145,13.311,0,0,0,0,0,0,0,0,0,0,0,0,0,0,99999
6493,OWID_ASI,亞洲,亞洲,2020/7/6,2633238,50057,53521.571,63353,1080,1070.857,562.845,13.541,0,0,0,0,0,0,0,0,0,0,0,0,0,0,99999
6494,OWID_ASI,亞洲,亞洲,2020/7/7,2683468,50230,54048,64522,1169,1078.571,573.581,13.791,0,0,0,0,0,0,0,0,0,0,0,0,0,0,99999
6495,OWID_ASI,亞洲,亞洲,2020/7/8,2737351,53883,52214.143,65601,1079,1084.857,585.098,14.022,0,0,0,0,0,0,0,0,0,0,0,0,0,0,99999
6496,OWID_ASI,亞洲,亞洲,2020/7/9,2794975,57624,53213.714,66724,1123,1106.143,597.415,14.262,0,0,0,0,0,0,0,0,0,0,0,0,0,0,99999
6497,OWID_ASI,亞洲,亞洲,2020/7/10,2851382,56407,54015,67844,1120,1132,609.472,14.501,0,0,0,0,0,0,0,0,0,0,0,0,0,0,99999
6498,OWID_ASI,亞洲,亞洲,2020/7/11,2906770,55388,54252.714,68986,1142,1126.857,621.311,14.745,0,0,0,0,0,0,0,0,0,0,0,0,0,0,99999
6499,OWID_ASI,亞洲,亞洲,2020/7/12,2961616,54846,54062.143,70361,1375,1155.429,633.034,15.039,0,0,0,0,0,0,0,0,0,0,0,0,0,0,99999
6500,OWID_ASI,亞洲,亞洲,2020/7/13,3017984,56368,54963.714,71514,1153,1165.857,645.083,15.286,0,0,0,0,0,0,0,0,0,0,0,0,0,0,99999
6501,OWID_ASI,亞洲,亞洲,2020/7/14,3073036,55052,55652.571,72681,1167,1165.571,656.85,15.535,0,0,0,0,0,0,0,0,0,0,0,0,0,0,99999
6502,OWID_ASI,亞洲,亞洲,2020/7/15,3133507,60471,56593.714,73926,1245,1189.286,669.775,15.801,0,0,0,0,0,0,0,0,0,0,0,0,0,0,99999
6503,OWID_ASI,亞洲,亞洲,2020/7/16,3194414,60907,57062.714,75203,1277,1211.286,682.794,16.074,0,0,0,0,0,0,0,0,0,0,0,0,0,0,99999
6504,OWID_ASI,亞洲,亞洲,2020/7/17,3258505,64091,58160.429,76557,1354,1244.714,696.493,16.364,0,0,0,0,0,0,0,0,0,0,0,0,0,0,99999
6505,OWID_ASI,亞洲,亞洲,2020/7/18,3332605,74100,60833.571,78458,1901,1353.143,712.332,16.77,0,0,0,0,0,0,0,0,0,0,0,0,0,0,99999
6506,OWID_ASI,亞洲,亞洲,2020/7/19,3401086,68481,62781.429,80180,1722,1402.714,726.969,17.138,0,0,0,0,0,0,0,0,0,0,0,0,0,0,99999
6507,OWID_ASI,亞洲,亞洲,2020/7/20,3462590,61504,63515.143,81373,1193,1408.429,740.116,17.393,0,0,0,0,0,0,0,0,0,0,0,0,0,0,99999
6508,OWID_ASI,亞洲,亞洲,2020/7/21,3528031,65441,64999.286,82663,1290,1426,754.103,17.669,0,0,0,0,0,0,0,0,0,0,0,0,0,0,99999
6509,OWID_ASI,亞洲,亞洲,2020/7/22,3599766,71735,66608.429,84489,1826,1509,769.436,18.059,0,0,0,0,0,0,0,0,0,0,0,0,0,0,99999
6510,OWID_ASI,亞洲,亞洲,2020/7/23,3679598,79832,69312,86017,1528,1544.857,786.5,18.386,0,0,0,0,0,0,0,0,0,0,0,0,0,0,99999
6511,OWID_ASI,亞洲,亞洲,2020/7/24,3754646,75048,70877.286,87357,1340,1542.857,802.541,18.672,0,0,0,0,0,0,0,0,0,0,0,0,0,0,99999
6512,OWID_ASI,亞洲,亞洲,2020/7/25,3828992,74346,70912.429,88635,1278,1453.857,818.433,18.945,0,0,0,0,0,0,0,0,0,0,0,0,0,0,99999
6513,OWID_ASI,亞洲,亞洲,2020/7/26,3901840,72848,71536.286,89951,1316,1395.857,834.004,19.227,0,0,0,0,0,0,0,0,0,0,0,0,0,0,99999
6514,OWID_ASI,亞洲,亞洲,2020/7/27,3971082,69242,72641.714,91158,1207,1397.857,848.804,19.485,0,0,0,0,0,0,0,0,0,0,0,0,0,0,99999
6515,OWID_ASI,亞洲,亞洲,2020/7/28,4049062,77980,74433,92713,1555,1435.714,865.472,19.817,0,0,0,0,0,0,0,0,0,0,0,0,0,0,99999
6516,OWID_ASI,亞洲,亞洲,2020/7/29,4126976,77914,75315.714,94011,1298,1360.286,882.126,20.094,0,0,0,0,0,0,0,0,0,0,0,0,0,0,99999
6517,OWID_ASI,亞洲,亞洲,2020/7/30,4207882,80906,75469.143,95367,1356,1335.714,899.419,20.384,0,0,0,0,0,0,0,0,0,0,0,0,0,0,99999
6518,OWID_ASI,亞洲,亞洲,2020/7/31,4296460,88578,77402,96722,1355,1337.857,918.352,20.674,0,0,0,0,0,0,0,0,0,0,0,0,0,0,99999
6519,OWID_ASI,亞洲,亞洲,2020/8/1,4373996,77536,77857.714,98107,1385,1353.143,934.925,20.97,0,0,0,0,0,0,0,0,0,0,0,0,0,0,99999
6520,OWID_ASI,亞洲,亞洲,2020/8/2,4455746,81750,79129.429,99653,1546,1386,952.399,21.3,0,0,0,0,0,0,0,0,0,0,0,0,0,0,99999
6521,OWID_ASI,亞洲,亞洲,2020/8/3,4530929,75183,79978.143,101022,1369,1409.143,968.469,21.593,0,0,0,0,0,0,0,0,0,0,0,0,0,0,99999
6522,OWID_ASI,亞洲,亞洲,2020/8/4,4610248,79319,80169.429,102443,1421,1390,985.423,21.897,0,0,0,0,0,0,0,0,0,0,0,0,0,0,99999
6523,OWID_ASI,亞洲,亞洲,2020/8/5,4696056,85808,81297.143,103919,1476,1415.429,1003.764,22.212,0,0,0,0,0,0,0,0,0,0,0,0,0,0,99999
6524,OWID_ASI,亞洲,亞洲,2020/8/6,4786764,90708,82697.429,105311,1392,1420.571,1023.153,22.51,0,0,0,0,0,0,0,0,0,0,0,0,0,0,99999
6525,OWID_ASI,亞洲,亞洲,2020/8/7,4877466,90702,83000.857,106733,1422,1430.143,1042.54,22.814,0,0,0,0,0,0,0,0,0,0,0,0,0,0,99999
6526,OWID_ASI,亞洲,亞洲,2020/8/8,4968531,91065,84933.571,108087,1354,1425.714,1062.005,23.103,0,0,0,0,0,0,0,0,0,0,0,0,0,0,99999
6527,OWID_ASI,亞洲,亞洲,2020/8/9,5055135,86604,85627,109958,1871,1472.143,1080.516,23.503,0,0,0,0,0,0,0,0,0,0,0,0,0,0,99999
6528,OWID_ASI,亞洲,亞洲,2020/8/10,5136445,81310,86502.286,111329,1371,1472.429,1097.896,23.796,0,0,0,0,0,0,0,0,0,0,0,0,0,0,99999
6529,OWID_ASI,亞洲,亞洲,2020/8/11,5222275,85830,87432.429,112702,1373,1465.571,1116.242,24.09,0,0,0,0,0,0,0,0,0,0,0,0,0,0,99999
6530,OWID_ASI,亞洲,亞洲,2020/8/12,5317689,95414,88804.714,114257,1555,1476.857,1136.636,24.422,0,0,0,0,0,0,0,0,0,0,0,0,0,0,99999
6531,OWID_ASI,亞洲,亞洲,2020/8/13,5410182,92493,89059.714,115766,1509,1493.571,1156.406,24.745,0,0,0,0,0,0,0,0,0,0,0,0,0,0,99999
6532,OWID_ASI,亞洲,亞洲,2020/8/14,5504935,94753,89638.429,117236,1470,1500.429,1176.659,25.059,0,0,0,0,0,0,0,0,0,0,0,0,0,0,99999
6533,OWID_ASI,亞洲,亞洲,2020/8/15,5596346,91411,89687.857,118785,1549,1528.286,1196.198,25.39,0,0,0,0,0,0,0,0,0,0,0,0,0,0,99999
6534,OWID_ASI,亞洲,亞洲,2020/8/16,5680108,83762,89281.857,120474,1689,1502.286,1214.102,25.751,0,0,0,0,0,0,0,0,0,0,0,0,0,0,99999
6535,OWID_ASI,亞洲,亞洲,2020/8/17,5757957,77849,88787.429,121841,1367,1501.714,1230.742,26.043,0,0,0,0,0,0,0,0,0,0,0,0,0,0,99999
6536,OWID_ASI,亞洲,亞洲,2020/8/18,5850991,93034,89816.571,123456,1615,1536.286,1250.627,26.388,0,0,0,0,0,0,0,0,0,0,0,0,0,0,99999
6537,OWID_ASI,亞洲,亞洲,2020/8/19,5949351,98360,90237.429,125029,1573,1538.857,1271.651,26.724,0,0,0,0,0,0,0,0,0,0,0,0,0,0,99999
6538,OWID_ASI,亞洲,亞洲,2020/8/20,6046333,96982,90878.714,126579,1550,1544.714,1292.381,27.056,0,0,0,0,0,0,0,0,0,0,0,0,0,0,99999
6539,OWID_ASI,亞洲,亞洲,2020/8/21,6143560,97227,91232.143,127582,1003,1478,1313.163,27.27,0,0,0,0,0,0,0,0,0,0,0,0,0,0,99999
6540,OWID_ASI,亞洲,亞洲,2020/8/22,6238669,95109,91760.429,128996,1414,1458.714,1333.492,27.572,0,0,0,0,0,0,0,0,0,0,0,0,0,0,99999
6541,OWID_ASI,亞洲,亞洲,2020/8/23,6322733,84064,91803.571,130471,1475,1428.143,1351.46,27.888,0,0,0,0,0,0,0,0,0,0,0,0,0,0,99999
6542,OWID_ASI,亞洲,亞洲,2020/8/24,6409009,86276,93007.429,131838,1367,1428.143,1369.902,28.18,0,0,0,0,0,0,0,0,0,0,0,0,0,0,99999
6543,OWID_ASI,亞洲,亞洲,2020/8/25,6491117,82108,91446.571,133336,1498,1411.429,1387.452,28.5,0,0,0,0,0,0,0,0,0,0,0,0,0,0,99999
6544,OWID_ASI,亞洲,亞洲,2020/8/26,6604104,112987,93536.143,135020,1684,1427.286,1411.602,28.86,0,0,0,0,0,0,0,0,0,0,0,0,0,0,99999
6545,OWID_ASI,亞洲,亞洲,2020/8/27,6707683,103579,94478.571,136661,1641,1440.286,1433.742,29.211,0,0,0,0,0,0,0,0,0,0,0,0,0,0,99999
6546,OWID_ASI,亞洲,亞洲,2020/8/28,6811620,103937,95437.143,138266,1605,1526.286,1455.958,29.554,0,0,0,0,0,0,0,0,0,0,0,0,0,0,99999
6547,OWID_ASI,亞洲,亞洲,2020/8/29,6916284,104664,96802.143,139747,1481,1535.857,1478.33,29.87,0,0,0,0,0,0,0,0,0,0,0,0,0,0,99999
6548,OWID_ASI,亞洲,亞洲,2020/8/30,7019740,103456,99572.429,141393,1646,1560.286,1500.443,30.222,0,0,0,0,0,0,0,0,0,0,0,0,0,0,99999
6549,OWID_ASI,亞洲,亞洲,2020/8/31,7113922,94182,100701.857,142709,1316,1553,1520.574,30.504,0,0,0,0,0,0,0,0,0,0,0,0,0,0,99999
6550,OWID_ASI,亞洲,亞洲,2020/9/1,7217753,103831,103805.143,144265,1556,1561.286,1542.768,30.836,0,0,0,0,0,0,0,0,0,0,0,0,0,0,99999
6551,OWID_ASI,亞洲,亞洲,2020/9/2,7328195,110442,103441.571,145862,1597,1548.857,1566.374,31.177,0,0,0,0,0,0,0,0,0,0,0,0,0,0,99999
6552,OWID_ASI,亞洲,亞洲,2020/9/3,7439726,111531,104577.571,147548,1686,1555.286,1590.213,31.538,0,0,0,0,0,0,0,0,0,0,0,0,0,0,99999
6553,OWID_ASI,亞洲,亞洲,2020/9/4,7555021,115295,106200.143,149168,1620,1557.429,1614.857,31.884,0,0,0,0,0,0,0,0,0,0,0,0,0,0,99999
6554,OWID_ASI,亞洲,亞洲,2020/9/5,7670201,115180,107702.429,150758,1590,1573,1639.477,32.224,0,0,0,0,0,0,0,0,0,0,0,0,0,0,99999
6555,OWID_ASI,亞洲,亞洲,2020/9/6,7787224,117023,109640.571,152454,1696,1580.143,1664.49,32.586,0,0,0,0,0,0,0,0,0,0,0,0,0,0,99999
6556,OWID_ASI,亞洲,亞洲,2020/9/7,7888331,101107,110629.857,154116,1662,1629.571,1686.101,32.942,0,0,0,0,0,0,0,0,0,0,0,0,0,0,99999
6557,OWID_ASI,亞洲,亞洲,2020/9/8,8006792,118461,112719.857,155783,1667,1645.429,1711.422,33.298,0,0,0,0,0,0,0,0,0,0,0,0,0,0,99999
6558,OWID_ASI,亞洲,亞洲,2020/9/9,8132391,125599,114885.143,157546,1763,1669.143,1738.268,33.675,0,0,0,0,0,0,0,0,0,0,0,0,0,0,99999
6559,OWID_ASI,亞洲,亞洲,2020/9/10,8260350,127959,117232,159377,1831,1689.857,1765.619,34.066,0,0,0,0,0,0,0,0,0,0,0,0,0,0,99999
6560,OWID_ASI,亞洲,亞洲,2020/9/11,8389412,129062,119198.714,161084,1707,1702.286,1793.205,34.431,0,0,0,0,0,0,0,0,0,0,0,0,0,0,99999
6561,OWID_ASI,亞洲,亞洲,2020/9/12,8513727,124315,120503.714,162862,1778,1729.143,1819.777,34.811,0,0,0,0,0,0,0,0,0,0,0,0,0,0,99999
6562,OWID_ASI,亞洲,亞洲,2020/9/13,8634609,120882,121055,164622,1760,1738.286,1845.615,35.187,0,0,0,0,0,0,0,0,0,0,0,0,0,0,99999
6563,OWID_ASI,亞洲,亞洲,2020/9/14,8750436,115827,123157.857,166517,1895,1771.571,1870.373,35.592,0,0,0,0,0,0,0,0,0,0,0,0,0,0,99999
6564,OWID_ASI,亞洲,亞洲,2020/9/15,8872810,122374,123716.857,168416,1899,1804.714,1896.53,35.998,0,0,0,0,0,0,0,0,0,0,0,0,0,0,99999
6565,OWID_ASI,亞洲,亞洲,2020/9/16,9003941,131131,124507.143,170254,1838,1815.429,1924.558,36.391,0,0,0,0,0,0,0,0,0,0,0,0,0,0,99999
6566,OWID_ASI,亞洲,亞洲,2020/9/17,9133529,129588,124739.857,172092,1838,1816.429,1952.257,36.784,0,0,0,0,0,0,0,0,0,0,0,0,0,0,99999
6567,OWID_ASI,亞洲,亞洲,2020/9/18,9260137,126608,124389.286,173943,1851,1837,1979.319,37.18,0,0,0,0,0,0,0,0,0,0,0,0,0,0,99999
6568,OWID_ASI,亞洲,亞洲,2020/9/19,9383962,123825,124319.286,175747,1804,1840.714,2005.787,37.565,0,0,0,0,0,0,0,0,0,0,0,0,0,0,99999
6569,OWID_ASI,亞洲,亞洲,2020/9/20,9501385,117423,123825.143,177563,1816,1848.714,2030.885,37.953,0,0,0,0,0,0,0,0,0,0,0,0,0,0,99999
6570,OWID_ASI,亞洲,亞洲,2020/9/21,9607323,105938,122412.429,179251,1688,1819.143,2053.529,38.314,0,0,0,0,0,0,0,0,0,0,0,0,0,0,99999
6571,OWID_ASI,亞洲,亞洲,2020/9/22,9725035,117712,121746.429,181009,1758,1799,2078.69,38.69,0,0,0,0,0,0,0,0,0,0,0,0,0,0,99999
6572,OWID_ASI,亞洲,亞洲,2020/9/23,9848867,123832,120703.714,182829,1820,1796.429,2105.158,39.079,0,0,0,0,0,0,0,0,0,0,0,0,0,0,99999
6573,OWID_ASI,亞洲,亞洲,2020/9/24,9972492,123625,119851.857,184609,1780,1788.143,2131.583,39.459,0,0,0,0,0,0,0,0,0,0,0,0,0,0,99999
6574,OWID_ASI,亞洲,亞洲,2020/9/25,10095015,122523,119268.286,186381,1772,1776.857,2157.771,39.838,0,0,0,0,0,0,0,0,0,0,0,0,0,0,99999
6575,OWID_ASI,亞洲,亞洲,2020/9/26,10216960,121945,118999.714,188168,1787,1774.429,2183.837,40.22,0,0,0,0,0,0,0,0,0,0,0,0,0,0,99999
6576,OWID_ASI,亞洲,亞洲,2020/9/27,10330347,113387,118423.143,189905,1737,1763.143,2208.073,40.591,0,0,0,0,0,0,0,0,0,0,0,0,0,0,99999
6577,OWID_ASI,亞洲,亞洲,2020/9/28,10428871,98524,117364,191328,1423,1725.286,2229.132,40.896,0,0,0,0,0,0,0,0,0,0,0,0,0,0,99999
6578,OWID_ASI,亞洲,亞洲,2020/9/29,10542989,114118,116850.571,193249,1921,1748.571,2253.524,41.306,0,0,0,0,0,0,0,0,0,0,0,0,0,0,99999
6579,OWID_ASI,亞洲,亞洲,2020/9/30,10668685,125696,117116.857,195115,1866,1755.143,2280.391,41.705,0,0,0,0,0,0,0,0,0,0,0,0,0,0,99999
6580,OWID_ASI,亞洲,亞洲,2020/10/1,10788136,119451,116520.571,196893,1778,1754.857,2305.923,42.085,0,0,0,0,0,0,0,0,0,0,0,0,0,0,99999
6581,OWID_ASI,亞洲,亞洲,2020/10/2,10905158,117022,115734.714,198650,1757,1752.714,2330.936,42.461,0,0,0,0,0,0,0,0,0,0,0,0,0,0,99999
6582,OWID_ASI,亞洲,亞洲,2020/10/3,11012691,107533,113675.857,200206,1556,1719.714,2353.921,42.793,0,0,0,0,0,0,0,0,0,0,0,0,0,0,99999
6583,OWID_ASI,亞洲,亞洲,2020/10/4,11120840,108149,112927.571,201874,1668,1709.857,2377.038,43.15,0,0,0,0,0,0,0,0,0,0,0,0,0,0,99999
6584,OWID_ASI,亞洲,亞洲,2020/10/5,11218175,97335,112757.714,203494,1620,1738,2397.843,43.496,0,0,0,0,0,0,0,0,0,0,0,0,0,0,99999
6585,OWID_ASI,亞洲,亞洲,2020/10/6,11326785,108610,111970.857,205202,1708,1707.571,2421.058,43.861,0,0,0,0,0,0,0,0,0,0,0,0,0,0,99999
6586,OWID_ASI,亞洲,亞洲,2020/10/7,11443580,116795,110699.286,206923,1721,1686.857,2446.022,44.229,0,0,0,0,0,0,0,0,0,0,0,0,0,0,99999
6587,OWID_ASI,亞洲,亞洲,2020/10/8,11552427,108847,109184.429,208717,1794,1689.143,2469.288,44.612,0,0,0,0,0,0,0,0,0,0,0,0,0,0,99999
6588,OWID_ASI,亞洲,亞洲,2020/10/9,11659598,107171,107777.143,210365,1648,1673.571,2492.195,44.965,0,0,0,0,0,0,0,0,0,0,0,0,0,0,99999
6589,OWID_ASI,亞洲,亞洲,2020/10/10,11767673,108075,107854.571,211980,1615,1682,2515.296,45.31,0,0,0,0,0,0,0,0,0,0,0,0,0,0,99999
6590,OWID_ASI,亞洲,亞洲,2020/10/11,11866549,98876,106529.857,213621,1641,1678.143,2536.43,45.661,0,0,0,0,0,0,0,0,0,0,0,0,0,0,99999
6591,OWID_ASI,亞洲,亞洲,2020/10/12,11957001,90452,105546.571,215028,1407,1647.714,2555.764,45.961,0,0,0,0,0,0,0,0,0,0,0,0,0,0,99999
6592,OWID_ASI,亞洲,亞洲,2020/10/13,12056780,99779,104285,216498,1470,1613.714,2577.091,46.276,0,0,0,0,0,0,0,0,0,0,0,0,0,0,99999
6593,OWID_ASI,亞洲,亞洲,2020/10/14,12161573,104793,102570.429,218018,1520,1585,2599.49,46.601,0,0,0,0,0,0,0,0,0,0,0,0,0,0,99999
6594,OWID_ASI,亞洲,亞洲,2020/10/15,12263414,101841,101569.571,219677,1659,1565.714,2621.259,46.955,0,0,0,0,0,0,0,0,0,0,0,0,0,0,99999
6595,OWID_ASI,亞洲,亞洲,2020/10/16,12364064,100650,100638,221268,1591,1557.571,2642.772,47.295,0,0,0,0,0,0,0,0,0,0,0,0,0,0,99999
6596,OWID_ASI,亞洲,亞洲,2020/10/17,12460611,96547,98991.143,223063,1795,1583.286,2663.409,47.679,0,0,0,0,0,0,0,0,0,0,0,0,0,0,99999
6597,OWID_ASI,亞洲,亞洲,2020/10/18,12551953,91342,97914.857,224438,1375,1545.286,2682.933,47.973,0,0,0,0,0,0,0,0,0,0,0,0,0,0,99999
6598,OWID_ASI,亞洲,亞洲,2020/10/19,12634294,82341,96756.143,225883,1445,1550.714,2700.533,48.282,0,0,0,0,0,0,0,0,0,0,0,0,0,0,99999
6599,OWID_ASI,亞洲,亞洲,2020/10/20,12725087,90793,95472.429,227405,1522,1558.143,2719.939,48.607,0,0,0,0,0,0,0,0,0,0,0,0,0,0,99999
6600,OWID_ASI,亞洲,亞洲,2020/10/21,12823388,98301,94545,228983,1578,1566.429,2740.951,48.944,0,0,0,0,0,0,0,0,0,0,0,0,0,0,99999
6601,OWID_ASI,亞洲,亞洲,2020/10/22,12920452,97064,93862.571,230514,1531,1548.143,2761.698,49.271,0,0,0,0,0,0,0,0,0,0,0,0,0,0,99999
6602,OWID_ASI,亞洲,亞洲,2020/10/23,13018040,97588,93425.143,232105,1591,1548.143,2782.557,49.612,0,0,0,0,0,0,0,0,0,0,0,0,0,0,99999
6603,OWID_ASI,亞洲,亞洲,2020/10/24,13106734,88694,92303.286,233495,1390,1490.286,2801.515,49.909,0,0,0,0,0,0,0,0,0,0,0,0,0,0,99999
6604,OWID_ASI,亞洲,亞洲,2020/10/25,13191873,85139,91417.143,234831,1336,1484.714,2819.713,50.194,0,0,0,0,0,0,0,0,0,0,0,0,0,0,99999
6605,OWID_ASI,亞洲,亞洲,2020/10/26,13264478,72605,90026.286,236212,1381,1475.571,2835.232,50.489,0,0,0,0,0,0,0,0,0,0,0,0,0,0,99999
6606,OWID_ASI,亞洲,亞洲,2020/10/27,13349265,84787,89168.286,237590,1378,1455,2853.355,50.784,0,0,0,0,0,0,0,0,0,0,0,0,0,0,99999
6607,OWID_ASI,亞洲,亞洲,2020/10/28,13442422,93157,88433.429,239052,1462,1438.429,2873.267,51.096,0,0,0,0,0,0,0,0,0,0,0,0,0,0,99999
6608,OWID_ASI,亞洲,亞洲,2020/10/29,13535627,93205,87882.143,240527,1475,1430.429,2893.189,51.412,0,0,0,0,0,0,0,0,0,0,0,0,0,0,99999
6609,OWID_ASI,亞洲,亞洲,2020/10/30,13627685,92058,87092.143,241924,1397,1402.714,2912.866,51.71,0,0,0,0,0,0,0,0,0,0,0,0,0,0,99999
6610,OWID_ASI,亞洲,亞洲,2020/10/31,13714492,86807,86822.571,243331,1407,1405.143,2931.421,52.011,0,0,0,0,0,0,0,0,0,0,0,0,0,0,99999
6611,OWID_ASI,亞洲,亞洲,2020/11/1,13802008,87516,87162.143,244808,1477,1425.286,2950.127,52.327,0,0,0,0,0,0,0,0,0,0,0,0,0,0,99999
6612,OWID_ASI,亞洲,亞洲,2020/11/2,13885108,83100,88661.429,246275,1467,1437.571,2967.89,52.64,0,0,0,0,0,0,0,0,0,0,0,0,0,0,99999
6613,OWID_ASI,亞洲,亞洲,2020/11/3,13978121,93013,89836.571,247802,1527,1458.857,2987.771,52.967,0,0,0,0,0,0,0,0,0,0,0,0,0,0,99999
6614,OWID_ASI,亞洲,亞洲,2020/11/4,14075367,97246,90420.714,249539,1737,1498.143,3008.557,53.338,0,0,0,0,0,0,0,0,0,0,0,0,0,0,99999
6615,OWID_ASI,亞洲,亞洲,2020/11/5,14171878,96511,90893,251158,1619,1518.714,3029.186,53.684,0,0,0,0,0,0,0,0,0,0,0,0,0,0,99999
6616,OWID_ASI,亞洲,亞洲,2020/11/6,14273495,101617,92258.571,252752,1594,1546.857,3050.906,54.025,0,0,0,0,0,0,0,0,0,0,0,0,0,0,99999
6617,OWID_ASI,亞洲,亞洲,2020/11/7,14367240,93745,93249.714,254225,1473,1556.286,3070.943,54.34,0,0,0,0,0,0,0,0,0,0,0,0,0,0,99999
6618,OWID_ASI,亞洲,亞洲,2020/11/8,14461970,94730,94280.286,255759,1534,1564.429,3091.192,54.668,0,0,0,0,0,0,0,0,0,0,0,0,0,0,99999
6619,OWID_ASI,亞洲,亞洲,2020/11/9,14547540,85570,94633.143,257288,1529,1573.286,3109.482,54.994,0,0,0,0,0,0,0,0,0,0,0,0,0,0,99999
6620,OWID_ASI,亞洲,亞洲,2020/11/10,14642963,95423,94977.429,258843,1555,1577.286,3129.878,55.327,0,0,0,0,0,0,0,0,0,0,0,0,0,0,99999
6621,OWID_ASI,亞洲,亞洲,2020/11/11,14743902,100939,95505,260467,1624,1561.143,3151.454,55.674,0,0,0,0,0,0,0,0,0,0,0,0,0,0,99999
6622,OWID_ASI,亞洲,亞洲,2020/11/12,14843036,99134,95879.714,262061,1594,1557.571,3172.643,56.015,0,0,0,0,0,0,0,0,0,0,0,0,0,0,99999
6623,OWID_ASI,亞洲,亞洲,2020/11/13,14942524,99488,95575.571,263651,1590,1557,3193.908,56.354,0,0,0,0,0,0,0,0,0,0,0,0,0,0,99999
6624,OWID_ASI,亞洲,亞洲,2020/11/14,15036686,94162,95635.143,265159,1508,1562,3214.035,56.677,0,0,0,0,0,0,0,0,0,0,0,0,0,0,99999
6625,OWID_ASI,亞洲,亞洲,2020/11/15,15118400,81714,93775.714,266675,1516,1559.429,3231.501,57.001,0,0,0,0,0,0,0,0,0,0,0,0,0,0,99999
6626,OWID_ASI,亞洲,亞洲,2020/11/16,15199094,80694,93079.143,268170,1495,1554.571,3248.749,57.32,0,0,0,0,0,0,0,0,0,0,0,0,0,0,99999
6627,OWID_ASI,亞洲,亞洲,2020/11/17,15293356,94262,92913.286,269765,1595,1560.286,3268.897,57.661,0,0,0,0,0,0,0,0,0,0,0,0,0,0,99999
6628,OWID_ASI,亞洲,亞洲,2020/11/18,15400089,106733,93741,271536,1771,1581.286,3291.711,58.04,0,0,0,0,0,0,0,0,0,0,0,0,0,0,99999
6629,OWID_ASI,亞洲,亞洲,2020/11/19,15507062,106973,94860.857,273570,2034,1644.143,3314.576,58.475,0,0,0,0,0,0,0,0,0,0,0,0,0,0,99999
6630,OWID_ASI,亞洲,亞洲,2020/11/20,15615691,108629,96166.714,275258,1688,1658.143,3337.795,58.835,0,0,0,0,0,0,0,0,0,0,0,0,0,0,99999
6631,OWID_ASI,亞洲,亞洲,2020/11/21,15719393,103702,97529.571,276887,1629,1675.429,3359.961,59.184,0,0,0,0,0,0,0,0,0,0,0,0,0,0,99999
6632,OWID_ASI,亞洲,亞洲,2020/11/22,15824243,104850,100834.714,278635,1748,1708.571,3382.372,59.557,0,0,0,0,0,0,0,0,0,0,0,0,0,0,99999
6633,OWID_ASI,亞洲,亞洲,2020/11/23,15921021,96778,103132.429,280291,1656,1731.571,3403.058,59.911,0,0,0,0,0,0,0,0,0,0,0,0,0,0,99999
6634,OWID_ASI,亞洲,亞洲,2020/11/24,16028391,107370,105005,281998,1707,1747.571,3426.008,60.276,0,0,0,0,0,0,0,0,0,0,0,0,0,0,99999
6635,OWID_ASI,亞洲,亞洲,2020/11/25,16138111,109720,105431.714,283769,1771,1747.571,3449.46,60.655,0,0,0,0,0,0,0,0,0,0,0,0,0,0,99999
6636,OWID_ASI,亞洲,亞洲,2020/11/26,16276559,138448,109928.143,285555,1786,1712.143,3479.053,61.036,0,0,0,0,0,0,0,0,0,0,0,0,0,0,99999
6637,OWID_ASI,亞洲,亞洲,2020/11/27,16422694,146135,115286.143,287216,1661,1708.286,3510.289,61.391,0,0,0,0,0,0,0,0,0,0,0,0,0,0,99999
6638,OWID_ASI,亞洲,亞洲,2020/11/28,16550272,127578,118697,288884,1668,1713.857,3537.558,61.748,0,0,0,0,0,0,0,0,0,0,0,0,0,0,99999
6639,OWID_ASI,亞洲,亞洲,2020/11/29,16675552,125280,121615.571,290614,1730,1711.286,3564.336,62.118,0,0,0,0,0,0,0,0,0,0,0,0,0,0,99999
6640,OWID_ASI,亞洲,亞洲,2020/11/30,16791052,115500,124290.143,292249,1635,1708.286,3589.024,62.467,0,0,0,0,0,0,0,0,0,0,0,0,0,0,99999
6641,OWID_ASI,亞洲,亞洲,2020/12/1,16913935,122883,126506.286,293976,1727,1711.143,3615.29,62.836,0,0,0,0,0,0,0,0,0,0,0,0,0,0,99999
6642,OWID_ASI,亞洲,亞洲,2020/12/2,17041118,127183,129001,295629,1653,1694.286,3642.475,63.19,0,0,0,0,0,0,0,0,0,0,0,0,0,0,99999
6643,OWID_ASI,亞洲,亞洲,2020/12/3,17172464,131346,127986.429,297364,1735,1687,3670.55,63.56,0,0,0,0,0,0,0,0,0,0,0,0,0,0,99999
6644,OWID_ASI,亞洲,亞洲,2020/12/4,17298995,126531,125185.857,299013,1649,1685.286,3697.595,63.913,0,0,0,0,0,0,0,0,0,0,0,0,0,0,99999
6645,OWID_ASI,亞洲,亞洲,2020/12/5,17422365,123370,124584.714,300551,1538,1666.714,3723.965,64.242,0,0,0,0,0,0,0,0,0,0,0,0,0,0,99999
6646,OWID_ASI,亞洲,亞洲,2020/12/6,17542015,119650,123780.429,302095,1544,1640.143,3749.54,64.572,0,0,0,0,0,0,0,0,0,0,0,0,0,0,99999
6647,OWID_ASI,亞洲,亞洲,2020/12/7,17650475,108460,122774.714,303596,1501,1621,3772.723,64.893,0,0,0,0,0,0,0,0,0,0,0,0,0,0,99999
6648,OWID_ASI,亞洲,亞洲,2020/12/8,17768926,118451,122141.571,305223,1627,1606.714,3798.041,65.24,0,0,0,0,0,0,0,0,0,0,0,0,0,0,99999
6649,OWID_ASI,亞洲,亞洲,2020/12/9,17887247,118321,120875.571,306765,1542,1590.857,3823.332,65.57,0,0,0,0,0,0,0,0,0,0,0,0,0,0,99999
6650,OWID_ASI,亞洲,亞洲,2020/12/10,18795784,85312,114299.286,308315,1550,1564.429,4017.528,65.901,0,0,0,0,0,0,0,0,0,0,0,0,0,0,99999
6651,OWID_ASI,亞洲,亞洲,2020/12/11,18910353,114569,112590.429,309837,1522,1546.286,4042.017,66.226,0,0,0,0,0,0,0,0,0,0,0,0,0,0,99999
6652,OWID_ASI,亞洲,亞洲,2020/12/12,19020348,109995,110679.714,311292,1455,1534.429,4065.528,66.537,0,0,0,0,0,0,0,0,0,0,0,0,0,0,99999
6653,OWID_ASI,亞洲,亞洲,2020/12/13,19119628,99280,107769.714,312717,1425,1517.429,4086.748,66.842,0,0,0,0,0,0,0,0,0,0,0,0,0,0,99999
6654,OWID_ASI,亞洲,亞洲,2020/12/14,19214087,94459,105769.571,314184,1467,1512.571,4106.939,67.156,0,0,0,0,0,0,0,0,0,0,0,0,0,0,99999
6655,OWID_ASI,亞洲,亞洲,2020/12/15,19321595,107508,104206.286,315734,1550,1501.571,4129.918,67.487,0,0,0,0,0,0,0,1500000,0,0,0,0,0,0,99999
6656,OWID_ASI,亞洲,亞洲,2020/12/16,19428256,106661,102540.571,317201,1467,1490.857,4152.717,67.801,0,0,0,0,0,0,0,0,0,0,0,0,0,0,99999
6657,OWID_ASI,亞洲,亞洲,2020/12/17,19530160,101904,104910.857,318617,1416,1471.714,4174.498,68.103,0,0,0,0,0,0,0,0,0,0,0,0,0,0,99999
6658,OWID_ASI,亞洲,亞洲,2020/12/18,19630658,100498,102900.714,319996,1379,1451.286,4195.979,68.398,0,0,0,0,0,0,0,0,0,0,0,0,0,0,99999
6659,OWID_ASI,亞洲,亞洲,2020/12/19,19726857,96199,100929.857,321376,1380,1440.571,4216.541,68.693,0,0,0,0,0,0,0,1500066,65,0,0,0,0,0,99999
6660,OWID_ASI,亞洲,亞洲,2020/12/20,19814165,87308,99219.571,322887,1511,1452.857,4235.203,69.016,0,0,0,0,0,0,0,1507451,7450,7385,0,0,0,0,99999
6661,OWID_ASI,亞洲,亞洲,2020/12/21,19893629,79464,97077.429,324332,1445,1449.714,4252.188,69.325,0,0,0,0,0,0,0,1532357,32356,24906,0,0,0,0,99999
6662,OWID_ASI,亞洲,亞洲,2020/12/22,19983203,89574,94515.429,325780,1448,1435.143,4271.334,69.634,0,0,0,0,0,0,0,1576990,76989,44633,0,0,0,0,99999
6663,OWID_ASI,亞洲,亞洲,2020/12/23,20073250,90047,92142,327190,1410,1427,4290.582,69.936,0,0,0,0,0,0,0,1678842,178841,101852,0,0,0,0,99999
6664,OWID_ASI,亞洲,亞洲,2020/12/24,20161985,88735,90260.714,328580,1390,1423.286,4309.548,70.233,0,0,0,0,0,0,0,1763335,263334,84493,0,0,0,0,99999
6665,OWID_ASI,亞洲,亞洲,2020/12/25,20248078,86093,88202.857,329897,1317,1414.429,4327.95,70.514,0,0,0,0,0,0,0,1802298,302297,38963,0,0,0,0,99999
6666,OWID_ASI,亞洲,亞洲,2020/12/26,20323968,75890,85301.571,331121,1224,1392.143,4344.172,70.776,0,0,0,0,0,0,0,1835915,335914,33617,0,0,0,0,99999
6667,OWID_ASI,亞洲,亞洲,2020/12/27,20395524,71556,83051.286,332531,1410,1377.714,4359.466,71.077,0,0,0,0,0,0,0,1942472,442471,106557,0,0,0,0,99999
6668,OWID_ASI,亞洲,亞洲,2020/12/28,20465490,69966,81694.429,333830,1299,1356.857,4374.421,71.355,0,0,0,0,0,0,0,2083048,580547,140576,0,0,0,0,99999
6669,OWID_ASI,亞洲,亞洲,2020/12/29,20547305,81815,80586,335220,1390,1348.571,4391.909,71.652,0,0,0,0,0,0,0,2241926,739425,158878,0,0,0,0,99999
6670,OWID_ASI,亞洲,亞洲,2020/12/30,20630999,83694,79678.429,336636,1416,1349.429,4409.798,71.955,0,0,0,0,0,0,0,2397916,895415,155990,0,0,0,0,99999
6671,OWID_ASI,亞洲,亞洲,2020/12/31,20716183,85184,79171.143,337854,1218,1324.857,4428.006,72.215,0,0,0,0,0,0,0,5559176,1056675,3161260,0,0,0,0,99999
6672,OWID_ASI,亞洲,亞洲,2021/1/1,20791498,75315,77631.429,338978,1124,1297.286,4444.104,72.455,0,0,0,0,0,0,0,5631252,1128751,72076,0,0,0,0,99999
6673,OWID_ASI,亞洲,亞洲,2021/1/2,20862403,70905,76919.286,340112,1134,1284.429,4459.26,72.698,0,0,0,0,0,0,0,5704410,1201909,73158,0,0,0,0,99999
6674,OWID_ASI,亞洲,亞洲,2021/1/3,20932032,69629,76644,341278,1166,1249.571,4474.143,72.947,0,0,0,0,0,0,0,5856248,1353747,151838,0,0,0,0,99999
6675,OWID_ASI,亞洲,亞洲,2021/1/4,21004214,72182,76960.571,342347,1069,1216.714,4489.572,73.175,0,0,0,0,0,0,0,6011154,1508652,154906,0,0,0,0,99999
6676,OWID_ASI,亞洲,亞洲,2021/1/5,21086712,82498,77058.143,343576,1229,1193.714,4507.205,73.438,0,0,0,0,0,0,0,6966834,1638031,955680,0,0,0,0,99999
6677,OWID_ASI,亞洲,亞洲,2021/1/6,21174391,87679,77627.429,344644,1068,1144,4525.946,73.666,0,0,0,0,0,0,0,7213796,1747129,246962,0,0,0,0,99999
6678,OWID_ASI,亞洲,亞洲,2021/1/7,21262096,87705,77987.571,345786,1142,1133.143,4544.693,73.91,0,0,0,0,0,0,0,7395847,1867779,182051,0,0,0,0,99999
6679,OWID_ASI,亞洲,亞洲,2021/1/8,21329625,67529,76875.286,346682,896,1100.571,4559.127,74.102,0,0,0,0,0,0,0,7522234,1940304,126387,0,0,0,0,99999
6680,OWID_ASI,亞洲,亞洲,2021/1/9,21434651,105026,81749.714,347982,1300,1124.286,4581.576,74.38,0,0,0,0,0,0,0,12191942,1990720,4669708,0,0,0,0,99999
6681,OWID_ASI,亞洲,亞洲,2021/1/10,21511154,76503,82731.714,348954,972,1096.571,4597.928,74.588,0,0,0,0,0,0,0,12307730,2870863,115788,0,0,0,0,99999
6682,OWID_ASI,亞洲,亞洲,2021/1/11,21585509,74355,83042.143,349950,996,1086.143,4613.821,74.8,0,0,0,0,0,0,0,12437892,2901092,130162,0,0,0,0,99999
6683,OWID_ASI,亞洲,亞洲,2021/1/12,21667513,82004,82971.571,351334,1384,1108.286,4631.349,75.096,0,0,0,0,0,0,0,12616281,2935431,178389,0,0,0,0,99999
6684,OWID_ASI,亞洲,亞洲,2021/1/13,21754659,87146,82895.429,352665,1331,1145.857,4649.976,75.381,0,0,0,0,0,0,0,13846157,2993114,1229876,0,0,0,0,99999
6685,OWID_ASI,亞洲,亞洲,2021/1/14,21841172,86513,82725.143,353828,1163,1148.857,4668.468,75.629,0,0,0,0,0,0,0,14385533,3059178,539376,0,0,0,0,99999
6686,OWID_ASI,亞洲,亞洲,2021/1/15,21923796,82624,84881.571,355031,1203,1192.714,4686.129,75.887,0,0,0,0,0,0,0,14927497,3103127,541964,0,0,0,0,99999
6687,OWID_ASI,亞洲,亞洲,2021/1/16,22009500,85704,82121.286,356139,1108,1165.286,4704.448,76.123,0,0,0,0,0,0,0,15484049,3338637,556552,0,0,0,0,99999
6688,OWID_ASI,亞洲,亞洲,2021/1/17,22084670,75170,81930.857,357186,1047,1176,4720.515,76.347,0,0,0,0,0,0,0,15785154,3444523,301105,0,0,0,0,99999
6689,OWID_ASI,亞洲,亞洲,2021/1/18,22149269,64599,80537.143,358256,1070,1186.571,4734.323,76.576,0,0,0,0,0,0,0,16420944,3745206,635790,0,0,0,0,99999
6690,OWID_ASI,亞洲,亞洲,2021/1/19,22223972,74703,79494.143,359482,1226,1164,4750.29,76.838,0,0,0,0,0,0,0,17070546,4039505,649602,0,0,0,0,99999
6691,OWID_ASI,亞洲,亞洲,2021/1/20,22305749,81777,78727.143,360670,1188,1143.571,4767.77,77.092,0,0,0,0,0,0,0,22621713,4248423,5551167,0,0,0,0,99999
6692,OWID_ASI,亞洲,亞洲,2021/1/21,22382131,76382,77279.857,361917,1247,1155.571,4784.096,77.358,0,0,0,0,0,0,0,23245581,4555314,623868,0,0,0,0,99999
6693,OWID_ASI,亞洲,亞洲,2021/1/22,22457801,75670,76286.429,362966,1049,1133.571,4800.27,77.583,0,0,0,0,0,0,0,24068292,5125983,822711,1,0,0,0,99999
6694,OWID_ASI,亞洲,亞洲,2021/1/23,22530953,73152,74493.286,364012,1046,1124.714,4815.906,77.806,0,0,0,0,0,0,0,24592979,5387503,524687,1,0,0,0,99999
6695,OWID_ASI,亞洲,亞洲,2021/1/24,22597876,66923,73315.143,365033,1021,1121,4830.211,78.024,0,0,0,0,0,0,0,24933991,5507073,341012,1,0,0,0,99999
6696,OWID_ASI,亞洲,亞洲,2021/1/25,22657569,59693,72614.286,366153,1120,1128.143,4842.97,78.264,0,0,0,0,0,0,0,25718467,6008911,784476,1,0,0,0,99999
6697,OWID_ASI,亞洲,亞洲,2021/1/26,22732776,75207,72686.286,367375,1222,1127.571,4859.045,78.525,0,0,0,0,0,0,0,26260983,6198744,542516,1,0,0,0,99999
6698,OWID_ASI,亞洲,亞洲,2021/1/27,22812789,80013,72434.286,368640,1265,1138.571,4876.148,78.795,0,0,0,0,0,0,0,34876358,6724002,8615375,1,0,0,0,99999
6699,OWID_ASI,亞洲,亞洲,2021/1/28,22895670,82881,73362.714,370000,1360,1154.714,4893.863,79.086,0,0,0,0,0,0,0,36053894,7438087,1177536,1,0,0,0,99999
6700,OWID_ASI,亞洲,亞洲,2021/1/29,22972469,76799,73524,370969,969,1143.286,4910.279,79.293,0,0,0,0,0,0,0,37143726,8089008,1089832,1,0,0,0,99999
6701,OWID_ASI,亞洲,亞洲,2021/1/30,23046766,74297,73687.571,372240,1271,1175.429,4926.159,79.565,0,0,0,0,0,0,0,37773335,8477955,629609,1,0,0,0,99999
6702,OWID_ASI,亞洲,亞洲,2021/1/31,23114261,67495,73769.286,373325,1085,1184.571,4940.586,79.797,0,0,0,0,0,0,0,39484964,8651167,1711629,1,0,0,0,99999
6703,OWID_ASI,亞洲,亞洲,2021/2/1,23180131,65870,74651.714,374310,985,1165.286,4954.666,80.007,0,0,0,0,0,0,0,40259475,9122202,774511,1,0,0,0,99999
6704,OWID_ASI,亞洲,亞洲,2021/2/2,23249429,69298,73807.571,375429,1119,1150.571,4969.478,80.247,0,0,0,0,0,0,0,40889266,9482930,629791,1,0,0,0,99999
6705,OWID_ASI,亞洲,亞洲,2021/2/3,23325782,76353,73284.714,376433,1004,1113.286,4985.798,80.461,0,0,0,0,0,0,0,48843794,9926385,7954528,1,0,0,0,99999
6706,OWID_ASI,亞洲,亞洲,2021/2/4,23398625,72843,71850.714,377453,1020,1064.714,5001.368,80.679,0,0,0,0,0,0,0,49932054,10618526,1088260,1,0,0,0,99999
6707,OWID_ASI,亞洲,亞洲,2021/2/5,23467390,68765,70703,378366,913,1056.714,5016.066,80.874,0,0,0,0,0,0,0,51125864,11543970,1193810,1,0,0,0,99999
6708,OWID_ASI,亞洲,亞洲,2021/2/6,23537097,69707,70047.286,379234,868,999.143,5030.966,81.06,0,0,0,0,0,0,0,51883314,12030640,757450,1,0,0,0,99999
6709,OWID_ASI,亞洲,亞洲,2021/2/7,23603146,66049,69840.714,380111,877,969.429,5045.084,81.247,0,0,0,0,0,0,0,52208592,12172901,325278,1,0,0,0,99999
6710,OWID_ASI,亞洲,亞洲,2021/2/8,23662564,59418,68919,381003,892,956.143,5057.784,81.438,0,0,0,0,0,0,0,53006314,12729352,797722,1,0,0,0,99999
6711,OWID_ASI,亞洲,亞洲,2021/2/9,23730579,68015,68735.714,381941,938,930.286,5072.322,81.638,0,0,0,0,0,0,0,63239115,13353750,10232801,1,0,0,0,99999
6712,OWID_ASI,亞洲,亞洲,2021/2/10,23801634,71055,67978.857,382911,970,925.429,5087.51,81.846,0,0,0,0,0,0,0,64462475,14230035,1223360,1,0,0,0,99999
6713,OWID_ASI,亞洲,亞洲,2021/2/11,23866621,64987,66856.571,383746,835,899,5101.4,82.024,0,0,0,0,0,0,0,65398316,14874307,935841,1,0,0,0,99999
6714,OWID_ASI,亞洲,亞洲,2021/2/12,23933400,66779,66572.857,384628,882,894.571,5115.674,82.213,0,0,0,0,0,0,0,66611357,18457476,1213041,1,0,0,0,99999
6715,OWID_ASI,亞洲,亞洲,2021/2/13,23996453,63053,65622.286,385486,858,893.143,5129.151,82.396,0,0,0,0,0,0,0,67690938,19212536,1079581,1,0,0,0,99999
6716,OWID_ASI,亞洲,亞洲,2021/2/14,24055139,58686,64570.429,386286,800,882.143,5141.695,82.567,0,0,0,0,0,0,0,68197636,19564610,506698,1,0,0,0,99999
6717,OWID_ASI,亞洲,亞洲,2021/2/15,24114499,59360,64562.143,386987,701,854.857,5154.383,82.717,0,0,0,0,0,0,0,69691398,20700789,1493762,1,0,0,0,99999
6718,OWID_ASI,亞洲,亞洲,2021/2/16,24183248,68749,64667,387909,922,852.571,5169.078,82.914,0,0,0,0,0,0,0,71082543,21650145,1391145,2,0,0,0,99999
6719,OWID_ASI,亞洲,亞洲,2021/2/17,24252725,69477,64441.571,388775,866,837.714,5183.929,83.099,0,0,0,0,0,0,0,72642386,22824436,1559843,2,0,0,0,99999
6720,OWID_ASI,亞洲,亞洲,2021/2/18,24319455,66730,64690.571,389636,861,841.429,5198.192,83.283,0,0,0,0,0,0,0,74749655,24300635,2107269,2,1,0,0,99999
6721,OWID_ASI,亞洲,亞洲,2021/2/19,24386687,67232,64755.286,390553,917,846.429,5212.563,83.479,0,0,0,0,0,0,0,76035846,25055162,1286191,2,1,0,0,99999
6722,OWID_ASI,亞洲,亞洲,2021/2/20,24449389,62702,64705.143,391461,908,853.571,5225.965,83.673,0,0,0,0,0,0,0,77435537,26063582,1399691,2,1,0,0,99999
6723,OWID_ASI,亞洲,亞洲,2021/2/21,24516866,67477,65961,392245,784,851.286,5240.388,83.841,0,0,0,0,0,0,0,77948938,26390756,513401,2,1,0,0,99999
6724,OWID_ASI,亞洲,亞洲,2021/2/22,24584118,67252,67088.429,392999,754,858.857,5254.763,84.002,0,0,0,0,0,0,0,79131502,27157243,1182564,2,1,0,0,99999
6725,OWID_ASI,亞洲,亞洲,2021/2/23,24657798,73680,67792.857,393944,945,862.143,5270.511,84.204,0,0,0,0,0,0,0,80641379,30782206,1509877,2,1,0,0,99999
6726,OWID_ASI,亞洲,亞洲,2021/2/24,24734242,76444,68788.143,395451,1507,953.714,5286.851,84.526,0,0,0,0,0,0,0,82063568,31721197,1422189,2,1,0,0,99999
6727,OWID_ASI,亞洲,亞洲,2021/2/25,24810217,75975,70108.857,396402,951,966.571,5303.09,84.729,0,0,0,0,0,0,0,83727129,32627129,1663561,2,1,0,0,99999
6728,OWID_ASI,亞洲,亞洲,2021/2/26,24885117,74900,71204.286,397370,968,973.857,5319.1,84.936,0,0,0,0,0,0,0,85090498,33350989,1363369,2,1,0,0,99999
6729,OWID_ASI,亞洲,亞洲,2021/2/27,24955144,70027,72250.714,398153,783,956,5334.068,85.104,0,0,0,0,0,0,0,86395901,33941894,1305403,2,1,0,0,99999
6730,OWID_ASI,亞洲,亞洲,2021/2/28,25023135,67991,72324.143,398982,829,962.429,5348.601,85.281,0,0,0,0,0,0,0,98925427,34348433,12529526,2,1,0,0,99999
6731,OWID_ASI,亞洲,亞洲,2021/3/1,25092153,69018,72576.429,399718,736,959.857,5363.353,85.438,0,0,0,0,0,0,0,100417830,35302720,1492403,2,1,0,0,99999
6732,OWID_ASI,亞洲,亞洲,2021/3/2,25168669,76516,72981.571,400599,881,950.714,5379.708,85.627,0,0,0,0,0,0,0,102534865,36842077,2117035,2,1,0,0,99999
6733,OWID_ASI,亞洲,亞洲,2021/3/3,25249380,80711,73591.143,401422,823,853,5396.96,85.802,0,0,0,0,0,0,0,104550600,38371932,2015735,2,1,0,0,99999
6734,OWID_ASI,亞洲,亞洲,2021/3/4,25330481,81101,74323.429,402230,808,832.571,5414.295,85.975,0,0,0,0,0,0,0,106987811,40042078,2437211,2,1,0,0,99999
6735,OWID_ASI,亞洲,亞洲,2021/3/5,25411543,81062,75203.714,403177,947,829.571,5431.622,86.178,0,0,0,0,0,0,0,109162429,41647363,2174618,2,1,0,0,99999
6736,OWID_ASI,亞洲,亞洲,2021/3/6,25489001,77458,76265.286,403869,692,816.571,5448.178,86.325,0,0,0,0,0,0,0,111294567,42994800,2132138,2,1,0,0,99999
6737,OWID_ASI,亞洲,亞洲,2021/3/7,25566468,77467,77619,404558,689,796.571,5464.736,86.473,0,0,0,0,0,0,0,112437089,43750393,1142522,2,1,0,0,99999
6738,OWID_ASI,亞洲,亞洲,2021/3/8,25645733,79265,79082.857,405510,952,827.429,5481.679,86.676,0,0,0,0,0,0,0,115187453,45899838,2750364,2,1,0,0,99999
6739,OWID_ASI,亞洲,亞洲,2021/3/9,25728889,83156,80031.429,406351,841,821.714,5499.453,86.856,0,0,0,0,0,0,0,117676934,47752614,2489481,3,1,0,0,99999
6740,OWID_ASI,亞洲,亞洲,2021/3/10,25818672,89783,81327.429,407152,801,818.571,5518.644,87.027,0,0,0,0,0,0,0,120524956,49905423,2848022,3,1,0,0,99999
6741,OWID_ASI,亞洲,亞洲,2021/3/11,25910537,91865,82865.143,407969,817,819.857,5538.28,87.202,0,0,0,0,0,0,0,121978468,50906320,1453512,3,1,0,0,99999
6742,OWID_ASI,亞洲,亞洲,2021/3/12,26004356,93819,84687.571,408849,880,810.286,5558.333,87.39,0,0,0,0,0,0,0,124804308,52859896,2825840,3,1,0,0,99999
6743,OWID_ASI,亞洲,亞洲,2021/3/13,26092960,88604,86279.857,409662,813,827.571,5577.272,87.564,0,0,0,0,0,0,0,127281856,54551840,2477548,3,1,0,0,99999
6744,OWID_ASI,亞洲,亞洲,2021/3/14,26183671,90711,88171.857,410468,806,844.286,5596.661,87.736,0,0,0,0,0,0,0,140829327,55294060,13547471,3,1,0,0,99999
6745,OWID_ASI,亞洲,亞洲,2021/3/15,26277451,93780,90245.429,411310,842,828.571,5616.706,87.916,0,0,0,0,0,0,0,145209414,58615134,4380087,3,1,0,0,99999
6746,OWID_ASI,亞洲,亞洲,2021/3/16,26379699,102248,92972.857,412289,979,848.286,5638.561,88.125,0,0,0,0,0,0,0,149024390,61172625,3814976,3,1,0,0,99999
6747,OWID_ASI,亞洲,亞洲,2021/3/17,26495167,115468,96642.143,413160,871,858.286,5663.242,88.311,0,0,0,0,0,0,0,152667705,63519020,3643315,3,1,0,0,99999
6748,OWID_ASI,亞洲,亞洲,2021/3/18,26615429,120262,100698.857,414123,963,879.143,5688.948,88.517,0,0,0,0,0,0,0,156031846,65824365,3364141,3,1,0,0,99999
6749,OWID_ASI,亞洲,亞洲,2021/3/19,26737082,121653,104675.143,415062,939,887.571,5714.951,88.718,0,0,0,0,0,0,0,161661838,70030002,5629992,3,2,0,0,99999
6750,OWID_ASI,亞洲,亞洲,2021/3/20,26856684,119602,109103.429,415944,882,897.429,5740.515,88.906,0,0,0,0,0,0,0,175274285,72975364,13612447,4,2,0,0,99999
6751,OWID_ASI,亞洲,亞洲,2021/3/21,26982039,125355,114052.571,419124,3180,1236.571,5767.309,89.586,0,0,0,0,0,0,0,176354377,73545624,1080092,4,2,0,0,99999
6752,OWID_ASI,亞洲,亞洲,2021/3/22,27102706,120667,117893.571,420177,1053,1266.714,5793.101,89.811,0,0,0,0,0,0,0,186937304,77512718,10582927,4,2,0,0,99999
6753,OWID_ASI,亞洲,亞洲,2021/3/23,27236973,134267,122467.714,421247,1070,1279.714,5821.8,90.04,0,0,0,0,0,0,0,193780794,80657202,6843490,4,2,0,0,99999
6754,OWID_ASI,亞洲,亞洲,2021/3/24,27383580,146607,126916.143,422368,1121,1315.429,5853.137,90.28,0,0,0,0,0,0,0,200284682,83221667,6503888,4,2,0,0,99999
6755,OWID_ASI,亞洲,亞洲,2021/3/25,27538583,155003,131879.143,423483,1115,1337.143,5886.268,90.518,0,0,0,0,0,0,0,209465367,85995868,9180685,4,2,0,0,99999
6756,OWID_ASI,亞洲,亞洲,2021/3/26,27695016,156433,136847.714,424589,1106,1361,5919.705,90.754,0,0,0,0,0,0,0,219498182,89041996,10032815,5,2,0,0,99999
6757,OWID_ASI,亞洲,亞洲,2021/3/27,27847610,152594,141560.857,425758,1169,1402,5952.322,91.004,0,0,0,0,0,0,0,227633857,91421150,8135675,5,2,0,0,99999
6758,OWID_ASI,亞洲,亞洲,2021/3/28,28010609,162999,146938.571,426924,1166,1114.286,5987.162,91.253,0,0,0,0,0,0,0,232880231,92027826,5246374,5,2,0,0,99999
6759,OWID_ASI,亞洲,亞洲,2021/3/29,28163487,152878,151540.143,428070,1146,1127.571,6019.839,91.498,0,0,0,0,0,0,0,239116340,93313071,6236109,5,2,0,0,99999
6760,OWID_ASI,亞洲,亞洲,2021/3/30,28324655,161168,155383.143,429327,1257,1154.286,6054.288,91.767,0,0,0,0,0,0,0,245965520,95796107,6849180,5,2,0,0,99999
6761,OWID_ASI,亞洲,亞洲,2021/3/31,28507984,183329,160629.143,430796,1469,1204,6093.474,92.081,0,0,0,0,0,0,0,256280474,99855967,10314954,5,2,0,0,99999
6762,OWID_ASI,亞洲,亞洲,2021/4/1,28706125,198141,166791.714,432220,1424,1248.143,6135.826,92.385,0,0,0,0,0,0,0,268572037,104086487,12291563,6,2,0,0,99999
6763,OWID_ASI,亞洲,亞洲,2021/4/2,28916587,210462,174510.143,433829,1609,1320,6180.812,92.729,0,0,0,0,0,0,0,280830556,108379681,12258519,6,2,0,0,99999
6764,OWID_ASI,亞洲,亞洲,2021/4/3,29125325,208738,182530.714,435325,1496,1366.714,6225.429,93.049,0,0,0,0,0,0,0,287590877,111536127,6760321,6,2,0,0,99999
6765,OWID_ASI,亞洲,亞洲,2021/4/4,29349878,224553,191324.143,437111,1786,1455.286,6273.426,93.431,0,0,0,0,0,0,0,294948379,115013141,7357502,6,2,0,0,99999
6766,OWID_ASI,亞洲,亞洲,2021/4/5,29559477,209599,199427.143,438600,1489,1504.286,6318.227,93.749,0,0,0,0,0,0,0,302943867,119326097,7995488,6,3,0,0,99999
6767,OWID_ASI,亞洲,亞洲,2021/4/6,29805088,245611,211490.429,440695,2095,1624,6370.725,94.197,0,0,0,0,0,0,0,312372859,124266973,9428992,7,3,0,0,99999
6768,OWID_ASI,亞洲,亞洲,2021/4/7,30073584,268496,223657.143,442690,1995,1699.143,6428.115,94.623,0,0,0,0,0,0,0,320100088,128016885,7727229,7,3,0,0,99999
6769,OWID_ASI,亞洲,亞洲,2021/4/8,30354064,280480,235419.857,444701,2011,1783,6488.067,95.053,0,0,0,0,0,0,0,332650964,132929695,12550876,7,3,0,0,99999
6770,OWID_ASI,亞洲,亞洲,2021/4/9,30647240,293176,247236.143,446941,2240,1873.143,6550.732,95.532,0,0,0,0,0,0,0,343335472,136762473,10684508,7,3,0,0,99999
6771,OWID_ASI,亞洲,亞洲,2021/4/10,30936118,288878,258684.714,449071,2130,1963.714,6612.479,95.987,0,0,0,0,0,0,0,352223465,140980583,8887993,8,3,0,0,99999
6772,OWID_ASI,亞洲,亞洲,2021/4/11,31242069,305951,270313,451377,2306,2038,6677.875,96.48,0,0,0,0,0,0,0,359008720,144136839,6785255,8,3,0,0,99999
6773,OWID_ASI,亞洲,亞洲,2021/4/12,31545206,303137,283675.571,453685,2308,2155,6742.669,96.973,0,0,0,0,0,0,0,369285891,148506032,10277171,8,3,0,0,99999
6774,OWID_ASI,亞洲,亞洲,2021/4/13,31878003,332797,296130.714,456121,2436,2203.714,6813.803,97.494,0,0,0,0,0,0,0,377024957,151626367,7739066,8,3,0,0,99999
6775,OWID_ASI,亞洲,亞洲,2021/4/14,32233681,355678,308585.286,458570,2449,2268.571,6889.828,98.018,0,0,0,0,0,0,0,385394898,155488007,8369941,8,3,0,0,99999
6776,OWID_ASI,亞洲,亞洲,2021/4/15,32605343,371662,321611.286,461263,2693,2366,6969.269,98.593,0,0,0,0,0,0,0,394239832,158500668,8844934,8,3,0,0,99999
6777,OWID_ASI,亞洲,亞洲,2021/4/16,32994058,388715,335259.714,464049,2786,2444,7052.356,99.189,0,0,0,0,0,0,0,401805070,161210888,7565238,9,3,0,0,99999
6778,OWID_ASI,亞洲,亞洲,2021/4/17,33403831,409773,352530.429,466972,2923,2557.286,7139.943,99.814,0,0,0,0,0,0,0,407858695,163669072,6053625,9,4,0,0,99999
6779,OWID_ASI,亞洲,亞洲,2021/4/18,33818577,414746,368072.571,470339,3367,2708.857,7228.593,100.533,0,0,0,0,0,0,0,413552537,165749291,5693842,9,4,0,0,99999
6780,OWID_ASI,亞洲,亞洲,2021/4/19,34218979,400402,381967.571,473680,3341,2856.429,7314.178,101.247,0,0,0,0,0,0,0,421149982,168809289,7597445,9,4,0,0,99999
6781,OWID_ASI,亞洲,亞洲,2021/4/20,34666936,447957,398419,477379,3699,3036.857,7409.927,102.038,0,0,0,0,0,0,0,426880396,171467546,5730414,9,4,0,0,99999
6782,OWID_ASI,亞洲,亞洲,2021/4/21,35138432,471496,414964.429,481178,3799,3229.714,7510.708,102.85,0,0,0,0,0,0,0,436470151,174452749,9589755,9,4,0,0,99999
6783,OWID_ASI,亞洲,亞洲,2021/4/22,35621143,482711,430828.571,485125,3947,3408.857,7613.885,103.694,0,0,0,0,0,0,0,448784667,177464474,12314516,10,4,0,0,99999
6784,OWID_ASI,亞洲,亞洲,2021/4/23,36108472,487329,444916.286,489403,4278,3622,7718.05,104.608,0,0,0,0,0,0,0,456256976,178987146,7472309,10,4,0,0,99999
6785,OWID_ASI,亞洲,亞洲,2021/4/24,36581886,473414,454007.857,493761,4358,3827,7819.24,105.54,0,0,0,0,0,0,0,461462205,179616958,5205229,10,4,0,0,99999
6786,OWID_ASI,亞洲,亞洲,2021/4/25,37054936,473050,462337,498354,4593,4002.143,7920.353,106.521,0,0,0,0,0,0,0,473686540,184261723,12224335,10,4,0,0,99999
6787,OWID_ASI,亞洲,亞洲,2021/4/26,37495959,441023,468140,502836,4482,4165.143,8014.62,107.479,0,0,0,0,0,0,0,483373635,187206055,9687095,10,4,0,0,99999
6788,OWID_ASI,亞洲,亞洲,2021/4/27,37985961,490002,474146.429,507832,4996,4350.429,8119.356,108.547,0,0,0,0,0,0,0,494693463,189694408,11319828,11,4,0,0,99999
6789,OWID_ASI,亞洲,亞洲,2021/4/28,38494625,508664,479456.143,513175,5343,4571,8228.081,109.689,0,0,0,0,0,0,0,508611894,193424135,13918431,11,4,0,0,99999
6790,OWID_ASI,亞洲,亞洲,2021/4/29,39007846,513221,483814.714,518383,5208,4751.143,8337.78,110.802,0,0,0,0,0,0,0,522548715,196544175,13936821,11,4,0,0,99999
6791,OWID_ASI,亞洲,亞洲,2021/4/30,39526221,518375,488249.857,523558,5175,4879.286,8448.581,111.909,0,0,0,0,0,0,0,538723012,199099853,16174297,12,4,0,0,99999
6792,OWID_ASI,亞洲,亞洲,2021/5/1,40023491,497270,491657.857,528737,5179,4996.571,8554.87,113.016,0,0,0,0,0,0,0,546381402,200315110,7658390,12,4,0,0,99999
6793,OWID_ASI,亞洲,亞洲,2021/5/2,40500859,477368,492274.714,533854,5117,5071.429,8656.906,114.109,0,0,0,0,0,0,0,552791332,201017659,6409930,12,4,0,0,99999
6794,OWID_ASI,亞洲,亞洲,2021/5/3,40960389,459530,494918.571,538884,5030,5149.714,8755.129,115.184,0,0,0,0,0,0,0,560350514,202533517,7559182,12,4,0,0,99999
6795,OWID_ASI,亞洲,亞洲,2021/5/4,41447322,486933,494480.143,544088,5204,5179.429,8859.209,116.297,0,0,0,0,0,0,0,571215963,205016141,10865449,12,4,0,0,99999
6796,OWID_ASI,亞洲,亞洲,2021/5/5,41965326,518004,495814.429,549763,5675,5226.857,8969.93,117.51,0,0,0,0,0,0,0,580269911,206889728,9053948,12,4,0,0,99999
6797,OWID_ASI,亞洲,亞洲,2021/5/6,42490442,525116,497513.714,555378,5615,5285,9082.172,118.71,0,0,0,0,0,0,0,593706287,209450874,13436376,13,4,0,0,99999
6798,OWID_ASI,亞洲,亞洲,2021/5/7,42995542,505100,495617.286,561096,5718,5362.571,9190.135,119.932,0,0,0,0,0,0,0,609349158,211895664,15642871,13,5,0,0,99999
6799,OWID_ASI,亞洲,亞洲,2021/5/8,43494279,498737,495826.857,566684,5588,5421,9296.738,121.127,0,0,0,0,0,0,0,622008035,213398924,12658877,13,5,0,0,99999
6800,OWID_ASI,亞洲,亞洲,2021/5/9,43950293,456014,492776.286,572275,5591,5488.714,9394.21,122.322,0,0,0,0,0,0,0,630720275,214429860,8712240,13,5,0,0,99999
6801,OWID_ASI,亞洲,亞洲,2021/5/10,44369487,419194,487014,577784,5509,5557.143,9483.811,123.499,0,0,0,0,0,0,0,645716728,217798124,14996453,14,5,0,0,99999
6802,OWID_ASI,亞洲,亞洲,2021/5/11,44812764,443277,480777.429,583664,5880,5653.714,9578.56,124.756,0,0,0,0,0,0,0,661336141,221095391,15619413,14,5,0,0,99999
6803,OWID_ASI,亞洲,亞洲,2021/5/12,45265086,452322,471394.286,589326,5662,5651.857,9675.242,125.966,0,0,0,0,0,0,0,676622543,222927302,15286402,14,5,0,0,99999
6804,OWID_ASI,亞洲,亞洲,2021/5/13,45695892,430806,457921.429,594787,5461,5629.857,9767.325,127.133,0,0,0,0,0,0,0,693593581,225027165,16971038,15,5,0,0,99999
6805,OWID_ASI,亞洲,亞洲,2021/5/14,46095196,399304,442807.714,600009,5222,5559,9852.675,128.25,0,0,0,0,0,0,0,709985142,226675993,16391561,15,5,0,0,99999
6806,OWID_ASI,亞洲,亞洲,2021/5/15,46478058,382862,426254.143,605403,5394,5531.286,9934.51,129.403,0,0,0,0,0,0,0,725109265,228398076,15124123,16,5,0,0,99999
6807,OWID_ASI,亞洲,亞洲,2021/5/16,46833951,355893,411951.143,611113,5710,5548.286,10010.581,130.623,0,0,0,0,0,0,0,741383058,229668991,16273793,16,5,0,0,99999
6808,OWID_ASI,亞洲,亞洲,2021/5/17,47180808,346857,401617.286,617041,5928,5608.143,10084.72,131.89,0,0,0,0,0,0,0,760646300,232343043,19263242,16,5,0,0,99999
6809,OWID_ASI,亞洲,亞洲,2021/5/18,47533268,352460,388643.429,623244,6203,5654.286,10160.057,133.216,0,0,0,0,0,0,0,779202570,235127285,18556270,17,5,0,0,99999
6810,OWID_ASI,亞洲,亞洲,2021/5/19,47897444,364176,376051.143,628727,5483,5628.714,10237.898,134.388,0,0,0,0,0,0,0,796132751,237057535,16930181,17,5,0,0,99999
6811,OWID_ASI,亞洲,亞洲,2021/5/20,48244108,346664,364030.857,634414,5687,5661,10311.996,135.604,0,0,0,0,0,0,0,819001090,240437325,22868339,18,5,0,0,99999
6812,OWID_ASI,亞洲,亞洲,2021/5/21,48588550,344442,356193.429,640066,5652,5722.429,10385.62,136.812,0,0,0,0,0,0,0,839066415,242461944,20065325,18,5,0,0,99999
6813,OWID_ASI,亞洲,亞洲,2021/5/22,48909209,320659,347307.286,645160,5094,5679.571,10454.159,137.901,0,0,0,0,0,0,0,857228718,245762185,18162303,18,5,0,0,99999
6814,OWID_ASI,亞洲,亞洲,2021/5/23,49205119,295910,338738.286,650795,5635,5668.857,10517.409,139.105,0,0,0,0,0,0,0,873532623,247523003,16303905,19,5,0,0,99999
6815,OWID_ASI,亞洲,亞洲,2021/5/24,49481748,276629,328705.714,655680,4885,5519.857,10576.537,140.149,0,0,0,0,0,0,0,895929235,252186014,22396612,19,5,0,0,99999
6816,OWID_ASI,亞洲,亞洲,2021/5/25,49774115,292367,320121,661104,5424,5408.571,10639.03,141.308,0,0,0,0,0,0,0,920079192,255337409,24149957,20,5,0,0,99999
6817,OWID_ASI,亞洲,亞洲,2021/5/26,50065631,291516,309741,666260,5156,5361.857,10701.34,142.411,0,0,0,0,0,0,0,945367113,259378221,25287921,20,6,0,0,99999
6818,OWID_ASI,亞洲,亞洲,2021/5/27,50338557,272926,299207,671241,4981,5261,10759.677,143.475,0,0,0,0,0,0,0,969399348,264348614,24032235,21,6,0,0,99999
6819,OWID_ASI,亞洲,亞洲,2021/5/28,50596114,257557,286794.857,676233,4992,5166.714,10814.729,144.542,0,0,0,0,0,0,0,992485029,267774225,23085681,21,6,0,0,99999
6820,OWID_ASI,亞洲,亞洲,2021/5/29,50836420,240306,275315.857,680925,4692,5109.286,10866.093,145.545,0,0,0,0,0,0,0,1015942690,272364289,23457661,22,6,0,0,99999
6821,OWID_ASI,亞洲,亞洲,2021/5/30,51064125,227705,265572.286,685433,4508,4948.286,10914.764,146.509,0,0,0,0,0,0,0,1038587268,275852044,22644578,22,6,0,0,99999
6822,OWID_ASI,亞洲,亞洲,2021/5/31,51265570,201445,254831.714,689446,4013,4823.714,10957.823,147.366,0,0,0,0,0,0,0,1065659636,279294485,27072368,23,6,0,0,99999
6823,OWID_ASI,亞洲,亞洲,2021/6/1,51473075,207505,242708.571,693833,4387,4675.571,11002.176,148.304,0,0,0,0,0,0,0,1093514282,284465987,27854646,23,6,0,0,99999
6824,OWID_ASI,亞洲,亞洲,2021/6/2,51683893,210818,231180.286,698140,4307,4554.286,11047.238,149.225,0,0,0,0,0,0,0,1122444183,289228846,28929901,24,6,0,0,99999
6825,OWID_ASI,亞洲,亞洲,2021/6/3,51895796,211903,222462.714,702222,4082,4425.857,11092.531,150.097,0,0,0,0,0,0,0,1147377282,294058141,24933099,25,6,0,0,99999
6826,OWID_ASI,亞洲,亞洲,2021/6/4,52090846,195050,213533.143,706909,4687,4382.286,11134.222,151.099,0,0,0,0,0,0,0,1176743789,301133037,29366507,25,6,0,0,99999
6827,OWID_ASI,亞洲,亞洲,2021/6/5,52271262,180416,204977.429,710775,3866,4264.286,11172.785,151.925,0,0,0,0,0,0,0,1200172619,305001884,23428830,26,7,0,0,99999
6828,OWID_ASI,亞洲,亞洲,2021/6/6,52437463,166201,196191.143,714545,3770,4158.857,11208.31,152.731,0,0,0,0,0,0,0,1219637757,308816733,19465138,26,7,0,0,99999
6829,OWID_ASI,亞洲,亞洲,2021/6/7,52585699,148236,188589.857,717829,3284,4054.714,11239.995,153.433,0,0,0,0,0,0,0,1242484686,314301732,22846929,27,7,0,0,99999
6830,OWID_ASI,亞洲,亞洲,2021/6/8,52745018,159319,181706.143,721312,3483,3925.571,11274.049,154.178,0,0,0,0,0,0,0,1266341148,321801096,23856462,27,7,0,0,99999
6831,OWID_ASI,亞洲,亞洲,2021/6/9,52911866,166848,175424.714,724749,3437,3801.286,11309.712,154.912,0,0,0,0,0,0,0,1290843217,328526808,24502069,28,7,0,0,99999
6832,OWID_ASI,亞洲,亞洲,2021/6/10,53077321,165455,168789.286,733273,8524,4435.857,11345.077,156.734,0,0,0,0,0,0,0,1319024232,956730355,28181015,28,20,0,0,99999
6833,OWID_ASI,亞洲,亞洲,2021/6/11,53235788,158467,163563.143,738530,5257,4517.286,11378.949,157.858,0,0,0,0,0,0,0,1344699337,962861270,25675105,29,21,0,0,99999
6834,OWID_ASI,亞洲,亞洲,2021/6/12,53382632,146844,158767.143,742900,4370,4589.286,11410.337,158.792,0,0,0,0,0,0,0,1366685039,968697341,21985702,29,21,0,0,99999
6835,OWID_ASI,亞洲,亞洲,2021/6/13,53522210,139578,154963.857,748067,5167,4788.857,11440.171,159.897,0,0,0,0,0,0,0,1387414938,973740955,20729899,30,21,0,0,99999
6836,OWID_ASI,亞洲,亞洲,2021/6/14,53653247,131037,152506.857,751989,3922,4880,11468.18,160.735,0,0,0,0,0,0,0,1407195258,980142058,19780320,30,21,0,0,99999
6837,OWID_ASI,亞洲,亞洲,2021/6/15,53788923,135676,149129.286,755675,3686,4909,11497.18,161.523,0,0,0,0,0,0,0,1436513247,987801996,29317989,31,21,0,0,99999
6838,OWID_ASI,亞洲,亞洲,2021/6/16,53928986,140063,145302.857,759137,3462,4912.571,11527.118,162.263,0,0,0,0,0,0,0,1467184695,994912749,30671448,31,21,0,0,99999
6839,OWID_ASI,亞洲,亞洲,2021/6/17,54071971,142985,142092.857,762038,2901,4109.286,11557.68,162.883,0,0,0,0,0,0,0,1499685549,1003293607,32500854,32,21,0,0,99999
6840,OWID_ASI,亞洲,亞洲,2021/6/18,54208924,136953,139019.429,764862,2824,3761.714,11586.953,163.486,0,0,0,0,0,0,0,1532352451,1009966851,32666902,33,22,0,0,99999
6841,OWID_ASI,亞洲,亞洲,2021/6/19,54334173,125249,135934.429,767545,2683,3520.714,11613.725,164.06,0,0,0,0,0,0,0,1561118602,1016424467,28766151,33,22,0,0,99999
6842,OWID_ASI,亞洲,亞洲,2021/6/20,54464934,130761,134674.857,770350,2805,3183.286,11641.675,164.659,0,0,0,0,0,0,0,1587523773,1022431112,26405171,34,22,0,0,99999
6843,OWID_ASI,亞洲,亞洲,2021/6/21,54586248,121314,133285.857,772746,2396,2965.286,11667.605,165.172,0,0,0,0,0,0,0,1622327364,1035070376,34803591,35,22,0,0,99999
6844,OWID_ASI,亞洲,亞洲,2021/6/22,54717433,131185,132644.286,775328,2582,2807.571,11695.645,165.723,0,0,0,0,0,0,0,1654957035,1043529975,32629671,35,22,0,0,99999
6845,OWID_ASI,亞洲,亞洲,2021/6/23,54856679,139246,132527.571,777986,2658,2692.714,11725.409,166.292,0,0,0,0,0,0,0,1687203946,1049341074,32246911,36,22,0,0,99999
6846,OWID_ASI,亞洲,亞洲,2021/6/24,54999516,142837,132506.429,780600,2614,2651.714,11755.939,166.85,0,0,0,0,0,0,0,1723543269,1058552519,36339323,37,23,0,0,99999
6847,OWID_ASI,亞洲,亞洲,2021/6/25,55135362,135846,132348.286,783084,2484,2603.143,11784.976,167.381,0,0,0,0,0,0,0,1758858545,1067533613,35315276,38,23,0,0,99999
6848,OWID_ASI,亞洲,亞洲,2021/6/26,55266255,130893,133154.571,785533,2449,2569.714,11812.954,167.905,0,0,0,0,0,0,0,1792166498,1076864108,33307953,38,23,0,0,99999
6849,OWID_ASI,亞洲,亞洲,2021/6/27,55402486,136231,133936,787987,2454,2519.571,11842.073,168.429,0,0,0,0,0,0,0,1820875202,1098919731,28708704,39,23,0,0,99999
6850,OWID_ASI,亞洲,亞洲,2021/6/28,55531437,128951,135027,790188,2201,2491.714,11869.636,168.9,0,0,0,0,0,0,0,1850046029,1104783690,29170827,40,24,0,0,99999
6851,OWID_ASI,亞洲,亞洲,2021/6/29,55672812,141375,136482.714,792436,2248,2444,11899.854,169.38,0,0,0,0,0,0,0,1881012438,1112938495,30966409,40,24,0,0,99999
6852,OWID_ASI,亞洲,亞洲,2021/6/30,55821997,149185,137902.571,794887,2451,2414.429,11931.742,169.904,0,0,0,0,0,0,0,1907576122,1117753972,26563684,41,24,0,0,99999
6853,OWID_ASI,亞洲,亞洲,2021/7/1,55979410,157413,139984.857,797278,2391,2382.571,11965.388,170.415,0,0,0,0,0,0,0,1940724785,1129135003,33148663,41,24,0,0,99999
6854,OWID_ASI,亞洲,亞洲,2021/7/2,56127275,147865,141701.857,799583,2305,2357,11996.994,170.908,0,0,0,0,0,0,0,1965365900,1132369792,24641115,42,24,0,0,99999
6855,OWID_ASI,亞洲,亞洲,2021/7/3,56270351,143076,143442.286,801901,2318,2338.286,12027.576,171.403,0,0,0,0,0,0,0,1991583441,1141489718,26217541,43,24,0,0,99999
6856,OWID_ASI,亞洲,亞洲,2021/7/4,56414609,144258,144589,804426,2525,2348.429,12058.41,171.943,0,0,0,0,0,0,0,2009931553,1147605212,18348112,43,25,0,0,99999
6857,OWID_ASI,亞洲,亞洲,2021/7/5,56563734,149125,147471,806477,2051,2327,12090.285,172.381,0,0,0,0,0,0,0,2031822833,1155199852,21891280,43,25,0,0,99999
6858,OWID_ASI,亞洲,亞洲,2021/7/6,56730048,166314,151033.714,809186,2709,2392.857,12125.834,172.96,0,0,0,0,0,0,0,2053659131,1160588964,21836298,44,25,0,0,99999
6859,OWID_ASI,亞洲,亞洲,2021/7/7,56900878,170830,154125.857,812144,2958,2465.286,12162.348,173.593,0,0,0,0,0,0,0,2074852384,1167311867,21193253,44,25,0,0,99999
6860,OWID_ASI,亞洲,亞洲,2021/7/8,57083964,183086,157793.429,815102,2958,2546.286,12201.482,174.225,0,0,0,0,0,0,0,2103351325,1178296392,28498941,45,25,0,0,99999
6861,OWID_ASI,亞洲,亞洲,2021/7/9,57261051,177087,161968,818245,3143,2666,12239.334,174.897,0,0,0,0,0,0,0,2120493887,1181892995,17142562,45,25,0,0,99999
6862,OWID_ASI,亞洲,亞洲,2021/7/10,57431773,170722,165917.429,821046,2801,2735,12275.825,175.495,0,0,0,0,0,0,0,2141234266,1189400212,20740379,46,25,0,0,99999
6863,OWID_ASI,亞洲,亞洲,2021/7/11,57603122,171349,169787.571,824173,3127,2821,12312.45,176.164,0,0,0,0,0,0,0,2147483647,1193021454,14519723,46,26,0,0,99999
6864,OWID_ASI,亞洲,亞洲,2021/7/12,57781329,178207,173942.143,828231,4058,3107.714,12350.541,177.031,0,0,0,0,0,0,0,2147483647,1198384324,18138125,46,26,0,0,99999
6865,OWID_ASI,亞洲,亞洲,2021/7/13,57977814,196485,178252.286,830853,2622,3095.286,12392.539,177.592,0,0,0,0,0,0,0,2147483647,1206793323,23605301,47,26,0,0,99999
6866,OWID_ASI,亞洲,亞洲,2021/7/14,58187134,209320,183750.857,833736,2883,3084.571,12437.281,178.208,0,0,0,0,0,0,0,2147483647,1214766959,25208442,48,26,0,0,99999
6867,OWID_ASI,亞洲,亞洲,2021/7/15,58408056,220922,189156,836638,2902,3076.571,12484.502,178.828,0,0,0,0,0,0,0,2147483647,1222058696,23860501,48,26,0,0,99999
6868,OWID_ASI,亞洲,亞洲,2021/7/16,58618377,210321,193903.714,839769,3131,3074.857,12529.457,179.497,0,0,0,0,0,0,0,2147483647,1228810671,22268465,48,26,0,0,99999
6869,OWID_ASI,亞洲,亞洲,2021/7/17,58820040,201663,198323.857,842711,2942,3095,12572.562,180.126,0,0,0,0,0,0,0,2147483647,1234742290,20008956,49,26,0,0,99999
6870,OWID_ASI,亞洲,亞洲,2021/7/18,59004819,184779,200242.429,846026,3315,3121.857,12612.058,180.835,0,0,0,0,0,0,0,2147483647,1236917741,13265416,49,26,0,0,99999
6871,OWID_ASI,亞洲,亞洲,2021/7/19,59190859,186040,201361.429,849298,3272,3009.571,12651.823,181.534,0,0,0,0,0,0,0,2147483647,1245256544,23934498,50,27,0,0,99999
6872,OWID_ASI,亞洲,亞洲,2021/7/20,59411058,220199,204749.143,855957,6659,3586.286,12698.89,182.958,0,0,0,0,0,0,0,2147483647,1251988161,21864721,50,27,0,0,99999
6873,OWID_ASI,亞洲,亞洲,2021/7/21,59614228,203170,203870.571,859264,3307,3646.857,12742.317,183.664,0,0,0,0,0,0,0,2147483647,1256033907,21812662,51,27,0,0,99999
6874,OWID_ASI,亞洲,亞洲,2021/7/22,59818451,204223,201485,862519,3255,3697.286,12785.969,184.36,0,0,0,0,0,0,0,2147483647,1262789168,27137737,51,27,0,0,99999
6875,OWID_ASI,亞洲,亞洲,2021/7/23,60056173,237722,205399.429,865394,2875,3660.714,12836.781,184.975,0,0,0,0,0,0,0,2147483647,1268176769,26461308,52,27,0,0,99999
6876,OWID_ASI,亞洲,亞洲,2021/7/24,60245852,189679,203687.429,869614,4220,3843.286,12877.324,185.877,0,0,0,0,0,0,0,2147483647,1273281022,23018654,52,27,0,0,99999
6877,OWID_ASI,亞洲,亞洲,2021/7/25,60482407,236555,211084,873636,4022,3944.286,12927.887,186.736,0,0,0,0,0,0,0,2147483647,1277402774,19806313,53,27,0,0,99999
6878,OWID_ASI,亞洲,亞洲,2021/7/26,60696197,213790,215048.286,877408,3772,4015.714,12973.584,187.543,0,0,0,0,0,0,0,2147483647,1289000810,31838976,53,28,0,0,99999
6879,OWID_ASI,亞洲,亞洲,2021/7/27,60965404,269207,222049.429,881884,4476,3703.857,13031.126,188.499,0,0,0,0,0,0,0,2147483647,1295895589,29604207,54,28,0,0,99999
6880,OWID_ASI,亞洲,亞洲,2021/7/28,61239191,273787,232137.571,886234,4350,3852.857,13089.646,189.429,0,0,0,0,0,0,0,2147483647,1303804028,30642067,55,28,0,0,99999
6881,OWID_ASI,亞洲,亞洲,2021/7/29,61511572,272381,241874.429,890897,4663,4054,13147.867,190.426,0,0,0,0,0,0,0,2147483647,1313077543,34600794,55,28,0,0,99999
6882,OWID_ASI,亞洲,亞洲,2021/7/30,61769121,257549,244706.857,895121,4224,4246.714,13202.917,191.329,0,0,0,0,0,0,0,2147483647,1321928586,32081604,56,28,0,0,99999
6883,OWID_ASI,亞洲,亞洲,2021/7/31,62011790,242669,252276.857,899502,4381,4269.714,13254.787,192.265,0,0,0,0,0,0,0,2147483647,1326985924,23383941,57,28,0,0,99999
6884,OWID_ASI,亞洲,亞洲,2021/8/1,62267555,255765,255021.143,903444,3942,4258.286,13309.455,193.108,0,0,0,0,0,0,0,2147483647,1338947378,33205486,57,29,0,0,99999
6885,OWID_ASI,亞洲,亞洲,2021/8/2,62496575,229020,257196.857,907397,3953,4284.143,13358.408,193.953,0,0,0,0,0,0,0,2147483647,1345888272,30729120,58,29,0,0,99999
6886,OWID_ASI,亞洲,亞洲,2021/8/3,62779307,282732,259129,912157,4760,4324.714,13418.84,194.97,0,0,0,0,0,0,0,2147483647,1362074600,43192735,59,29,0,0,99999
6887,OWID_ASI,亞洲,亞洲,2021/8/4,63063758,284451,260652.429,916756,4599,4360.286,13479.641,195.953,0,0,0,0,0,0,0,2147483647,1373432967,33965503,60,29,0,0,99999
6888,OWID_ASI,亞洲,亞洲,2021/8/5,63348704,284946,262447.429,922255,5499,4479.714,13540.547,197.129,0,0,0,0,0,0,0,2147483647,1383215942,30531088,60,30,0,0,99999
6889,OWID_ASI,亞洲,亞洲,2021/8/6,63627462,278758,265477.286,926993,4738,4553.143,13600.13,198.141,0,0,0,0,0,0,0,2147483647,1391514644,28913647,61,30,0,0,99999
6890,OWID_ASI,亞洲,亞洲,2021/8/7,63886961,259499,267881.571,931331,4338,4547,13655.597,199.068,0,0,0,0,0,0,0,2147483647,1398927657,23633784,61,30,0,0,99999
6891,OWID_ASI,亞洲,亞洲,2021/8/8,64121902,234941,264906.714,935691,4360,4606.714,13705.815,200,0,0,0,0,0,0,0,2147483647,1407385839,24276672,62,30,0,0,99999
6892,OWID_ASI,亞洲,亞洲,2021/8/9,64384477,262575,269700.286,940048,4357,4664.429,13761.94,200.932,0,0,0,0,0,0,0,2147483647,1422368811,34404027,63,30,0,0,99999
6893,OWID_ASI,亞洲,亞洲,2021/8/10,64655423,270946,268016.571,946001,5953,4834.857,13819.853,202.204,0,0,0,0,0,0,0,2147483647,1432363626,29638401,63,31,0,0,99999
6894,OWID_ASI,亞洲,亞洲,2021/8/11,64948362,292939,269229.143,950627,4626,4838.714,13882.468,203.193,0,0,0,0,0,0,0,2147483647,1442505070,28313879,64,31,0,0,99999
6895,OWID_ASI,亞洲,亞洲,2021/8/12,65216158,267796,266779.143,955312,4685,4722.429,13939.708,204.194,0,0,0,0,0,0,0,2147483647,1447935677,23276119,64,31,0,0,99999
6896,OWID_ASI,亞洲,亞洲,2021/8/13,65511204,295046,269106,959943,4631,4707.143,14002.773,205.184,0,0,0,0,0,0,0,2147483647,1460991386,30176882,65,31,0,0,99999
6897,OWID_ASI,亞洲,亞洲,2021/8/14,65764934,253730,268281.857,964242,4299,4701.571,14057.007,206.103,0,0,0,0,0,0,0,2147483647,1468877361,21413809,65,31,0,0,99999
6898,OWID_ASI,亞洲,亞洲,2021/8/15,66021847,256913,271420.714,968674,4432,4711.857,14111.921,207.05,0,0,0,0,0,0,0,2147483647,1477493420,19929370,66,32,0,0,99999
6899,OWID_ASI,亞洲,亞洲,2021/8/16,66262720,240873,268320.429,973893,5219,4835,14163.407,208.166,0,0,0,0,0,0,0,2147483647,1490170593,30863347,67,32,0,0,99999
6900,OWID_ASI,亞洲,亞洲,2021/8/17,66538735,276015,269044.571,978222,4329,4603,14222.404,209.091,0,0,0,0,0,0,0,2147483647,1500339500,28893632,67,32,0,0,99999
6901,OWID_ASI,亞洲,亞洲,2021/8/18,66802090,263355,264818.286,982538,4316,4558.714,14278.695,210.014,0,0,0,0,0,0,0,2147483647,1508487040,27071784,68,32,0,0,99999
6902,OWID_ASI,亞洲,亞洲,2021/8/19,67070571,268481,264916.143,987404,4866,4584.571,14336.082,211.054,0,0,0,0,0,0,0,2147483647,1515741717,24510582,68,32,0,0,99999
6903,OWID_ASI,亞洲,亞洲,2021/8/20,67334991,264420,260541,991913,4509,4567.143,14392.601,212.018,0,0,0,0,0,0,0,2147483647,1524500808,25710711,69,33,0,0,99999
6904,OWID_ASI,亞洲,亞洲,2021/8/21,67578397,243406,259066.143,996238,4325,4570.857,14444.628,212.942,0,0,0,0,0,0,0,2147483647,1532854091,24232185,69,33,0,0,99999
6905,OWID_ASI,亞洲,亞洲,2021/8/22,67812997,234600,255878.571,1000872,4634,4599.714,14494.773,213.933,0,0,0,0,0,0,0,2147483647,1538865733,23053704,70,33,0,0,99999
6906,OWID_ASI,亞洲,亞洲,2021/8/23,68041906,228909,254169.429,1005704,4832,4544.429,14543.701,214.965,0,0,0,0,0,0,0,2147483647,1543076893,23401870,70,33,0,0,99999
6907,OWID_ASI,亞洲,亞洲,2021/8/24,68306053,264147,252474,1010324,4620,4586,14600.162,215.953,0,0,0,0,0,0,0,2147483647,1555076185,35645111,71,33,0,0,99999
6908,OWID_ASI,亞洲,亞洲,2021/8/25,68588809,282756,255245.571,1014922,4598,4626.286,14660.6,216.936,0,0,0,0,0,0,0,2147483647,1564726597,29933843,72,33,0,0,99999
6909,OWID_ASI,亞洲,亞洲,2021/8/26,68866903,278094,256618.857,1019328,4406,4560.571,14720.041,217.878,0,0,0,0,0,0,0,2147483647,2026394370,33683745,72,43,0,0,99999
6910,OWID_ASI,亞洲,亞洲,2021/8/27,69138778,271875,257683.857,1023329,4001,4488,14778.153,218.733,0,0,0,0,0,0,0,2147483647,2037788826,33593524,73,44,0,0,99999
6911,OWID_ASI,亞洲,亞洲,2021/8/28,69392746,253968,259192.714,1027125,3796,4412.429,14832.438,219.544,0,0,0,0,0,0,0,2147483647,2047624640,28834932,74,44,0,0,99999
6912,OWID_ASI,亞洲,亞洲,2021/8/29,69634309,241563,260187.429,1030740,3615,4266.857,14884.071,220.317,0,0,0,0,0,0,0,2147483647,2063200451,40193031,75,44,0,0,99999
6913,OWID_ASI,亞洲,亞洲,2021/8/30,69871261,236952,261336.429,1034860,4120,4165.143,14934.719,221.197,0,0,0,0,0,0,0,2147483647,2072390810,27331004,75,44,0,0,99999
6914,OWID_ASI,亞洲,亞洲,2021/8/31,70108090,236829,257433.857,1037898,3038,3939.143,14985.34,221.847,0,0,0,0,0,0,0,2147483647,2082227438,30798222,76,45,0,0,99999
6915,OWID_ASI,亞洲,亞洲,2021/9/1,70364178,256088,253624.143,1043340,5442,4059.714,15040.078,223.01,0,0,0,0,0,0,0,2147483647,2099519736,35350118,77,45,0,0,99999
6916,OWID_ASI,亞洲,亞洲,2021/9/2,70616647,252469,249963.429,1046381,3041,3864.714,15094.042,223.66,0,0,0,0,0,0,0,2147483647,2109664005,25295482,77,45,0,0,99999
6917,OWID_ASI,亞洲,亞洲,2021/9/3,70867636,250989,246979.714,1050663,4282,3904.857,15147.69,224.575,0,0,0,0,0,0,0,2147483647,2116304502,19230337,78,45,0,0,99999
6918,OWID_ASI,亞洲,亞洲,2021/9/4,71083925,216289,241597,1054120,3457,3856.429,15193.921,225.314,0,0,0,0,0,0,0,2147483647,2119849375,15404858,78,45,0,0,99999
6919,OWID_ASI,亞洲,亞洲,2021/9/5,71314137,230212,239975.429,1057614,3494,3839.143,15243.128,226.061,0,0,0,0,0,0,0,2147483647,2128760929,24217860,78,46,0,0,99999
6920,OWID_ASI,亞洲,亞洲,2021/9/6,71509047,194910,233969.429,1061702,4088,3834.571,15284.79,226.935,0,0,0,0,0,0,0,2147483647,2147483647,21226239,79,46,0,0,99999
6921,OWID_ASI,亞洲,亞洲,2021/9/7,71726479,217432,231198.429,1065465,3763,3938.143,15331.265,227.739,0,0,0,0,0,0,0,2147483647,2147483647,28431815,80,46,0,0,99999
6922,OWID_ASI,亞洲,亞洲,2021/9/8,71961984,235505,228258,1069230,3765,3698.571,15381.603,228.544,0,0,0,0,0,0,0,2147483647,2147483647,31576289,80,47,0,0,99999
6923,OWID_ASI,亞洲,亞洲,2021/9/9,72183632,221648,223855,1072318,3088,3705.286,15428.98,229.204,0,0,0,0,0,0,0,2147483647,2147483647,26772549,81,47,0,0,99999
6924,OWID_ASI,亞洲,亞洲,2021/9/10,72394271,210639,218090.714,1075374,3056,3530.143,15474.003,229.857,0,0,0,0,0,0,0,2147483647,2147483647,16346061,81,47,0,0,99999
6925,OWID_ASI,亞洲,亞洲,2021/9/11,72593506,199235,215654.429,1078533,3159,3487.571,15516.589,230.532,0,0,0,0,0,0,0,2147483647,2147483647,26294285,82,48,0,0,99999
6926,OWID_ASI,亞洲,亞洲,2021/9/12,72779927,186421,209398.571,1081233,2700,3374.143,15556.435,231.109,0,0,0,0,0,0,0,2147483647,2147483647,27764811,82,48,0,0,99999
6927,OWID_ASI,亞洲,亞洲,2021/9/13,72964679,184752,207947.429,1084954,3721,3321.714,15595.925,231.905,0,0,0,0,0,0,0,2147483647,2147483647,25157687,83,48,0,0,99999
6928,OWID_ASI,亞洲,亞洲,2021/9/14,73157880,193201,204485.857,1087937,2983,3210.286,15637.221,232.542,0,0,0,0,0,0,0,2147483647,2147483647,16572531,83,48,0,0,99999
6929,OWID_ASI,亞洲,亞洲,2021/9/15,73356521,198641,199219.571,1091010,3073,3111.429,15679.68,233.199,0,0,0,0,0,0,0,2147483647,2147483647,22563063,84,48,0,0,99999
6930,OWID_ASI,亞洲,亞洲,2021/9/16,73551058,194537,195346.571,1094035,3025,3102.429,15721.262,233.846,0,0,0,0,0,0,0,2147483647,2147483647,23604585,84,49,0,0,99999
6931,OWID_ASI,亞洲,亞洲,2021/9/17,73740114,189056,192263.286,1096850,2815,3068,15761.672,234.448,0,0,0,0,0,0,0,2147483647,2147483647,17936941,85,49,0,0,99999
6932,OWID_ASI,亞洲,亞洲,2021/9/18,73919016,178902,189358.571,1099412,2562,2982.714,15799.911,234.995,0,0,0,0,0,0,0,2147483647,2147483647,33315697,85,49,0,0,99999
6933,OWID_ASI,亞洲,亞洲,2021/9/19,74089135,170119,187029.714,1101894,2482,2951.571,15836.274,235.526,0,0,0,0,0,0,0,2147483647,2147483647,18734281,86,50,0,0,99999
6934,OWID_ASI,亞洲,亞洲,2021/9/20,74254207,165072,184218.286,1104717,2823,2823.286,15871.557,236.129,0,0,0,0,0,0,0,2147483647,2147483647,20937702,86,50,0,0,99999
6935,OWID_ASI,亞洲,亞洲,2021/9/21,74426407,172200,181218.143,1107286,2569,2764.143,15908.364,236.678,0,0,0,0,0,0,0,2147483647,2147483647,19997470,87,50,0,0,99999
6936,OWID_ASI,亞洲,亞洲,2021/9/22,74602697,176290,178025.143,1109834,2548,2689.143,15946.046,237.223,0,0,0,0,0,0,0,2147483647,2147483647,17204104,87,50,0,0,99999
6937,OWID_ASI,亞洲,亞洲,2021/9/23,74772913,170216,174550.714,1112032,2198,2571,15982.429,237.693,0,0,0,0,0,0,0,2147483647,2147483647,23380587,87,50,0,0,99999
6938,OWID_ASI,亞洲,亞洲,2021/9/24,74937681,164768,171081,1114072,2040,2460.286,16017.647,238.129,0,0,0,0,0,0,0,2147483647,2147483647,21230568,88,51,0,0,99999
6939,OWID_ASI,亞洲,亞洲,2021/9/25,75094411,156730,167913.571,1116024,1952,2373.143,16051.148,238.546,0,0,0,0,0,0,0,2147483647,2147483647,13944720,88,51,0,0,99999
6940,OWID_ASI,亞洲,亞洲,2021/9/26,75246957,152546,165403.143,1117924,1900,2290,16083.754,238.952,0,0,0,0,0,0,0,2147483647,2147483647,14280437,88,51,0,0,99999
6941,OWID_ASI,亞洲,亞洲,2021/9/27,75371155,124198,159564,1120066,2142,2192.714,16110.301,239.41,0,0,0,0,0,0,0,2147483647,2147483647,37856452,89,51,0,0,99999
6942,OWID_ASI,亞洲,亞洲,2021/9/28,75510093,138938,154812.286,1122304,2238,2145.429,16139.998,239.888,0,0,0,0,0,0,0,2147483647,2147483647,16547540,90,51,0,0,99999
6943,OWID_ASI,亞洲,亞洲,2021/9/29,75670680,160587,152569,1124794,2490,2137.143,16174.323,240.42,0,0,0,0,0,0,0,2147483647,2147483647,23830884,90,52,0,0,99999
6944,OWID_ASI,亞洲,亞洲,2021/9/30,75823835,153155,150131.714,1126782,1988,2107.143,16207.059,240.845,0,0,0,0,0,0,0,2147483647,2147483647,19936452,91,52,0,0,99999
6945,OWID_ASI,亞洲,亞洲,2021/10/1,75971824,147989,147734.714,1128588,1806,2073.714,16238.691,241.231,0,0,0,0,0,0,0,2147483647,2147483647,14062521,91,52,0,0,99999
6946,OWID_ASI,亞洲,亞洲,2021/10/2,76105331,133507,144417.143,1130296,1708,2038.857,16267.228,241.597,0,0,0,0,0,0,0,2147483647,2147483647,14386406,91,52,0,0,99999
6947,OWID_ASI,亞洲,亞洲,2021/10/3,76229636,124305,140382.714,1131744,1448,1974.286,16293.798,241.906,0,0,0,0,0,0,0,2147483647,2147483647,19734597,92,52,0,0,99999
6948,OWID_ASI,亞洲,亞洲,2021/10/4,76350530,120894,139910.714,1133651,1907,1940.714,16319.638,242.314,0,0,0,0,0,0,0,2147483647,2147483647,16161447,92,53,0,0,99999
6949,OWID_ASI,亞洲,亞洲,2021/10/5,76476954,126424,138123,1135251,1600,1849.571,16346.661,242.656,0,0,0,0,0,0,0,2147483647,2147483647,27111634,93,53,0,0,99999
6950,OWID_ASI,亞洲,亞洲,2021/10/6,76650096,173142,139916.571,1137238,1987,1777.714,16383.669,243.08,0,0,0,0,0,0,0,2147483647,2147483647,14026837,93,53,0,0,99999
6951,OWID_ASI,亞洲,亞洲,2021/10/7,76754541,104445,132958,1138689,1451,1701,16405.994,243.39,0,0,0,0,0,0,0,2147483647,2147483647,13205046,93,53,0,0,99999
6952,OWID_ASI,亞洲,亞洲,2021/10/8,76892607,138066,131540.429,1140516,1827,1704,16435.505,243.781,0,0,0,0,0,0,0,2147483647,2147483647,18425136,93,53,0,0,99999
6953,OWID_ASI,亞洲,亞洲,2021/10/9,77007717,115110,128912.286,1142047,1531,1678.714,16460.11,244.108,0,0,0,0,0,0,0,2147483647,2147483647,14175048,94,53,0,0,99999
6954,OWID_ASI,亞洲,亞洲,2021/10/10,77126311,118594,128096.429,1143418,1371,1667.714,16485.459,244.401,0,0,0,0,0,0,0,2147483647,2147483647,25443947,94,54,0,0,99999
6955,OWID_ASI,亞洲,亞洲,2021/10/11,77234494,108183,126280.571,1144899,1481,1606.857,16508.582,244.718,0,0,0,0,0,0,0,2147483647,2147483647,14499366,95,54,0,0,99999
6956,OWID_ASI,亞洲,亞洲,2021/10/12,77358200,123706,125892.286,1146569,1670,1616.857,16535.024,245.075,0,0,0,0,0,0,0,2147483647,2147483647,17201337,95,54,0,0,99999
6957,OWID_ASI,亞洲,亞洲,2021/10/13,77480274,122074,118596.857,1148129,1560,1555.857,16561.117,245.408,0,0,0,0,0,0,0,2147483647,2147483647,14811275,95,54,0,0,99999
6958,OWID_ASI,亞洲,亞洲,2021/10/14,77600488,120214,120849.571,1149793,1664,1586.286,16586.812,245.764,0,0,0,0,0,0,0,2147483647,2147483647,13105158,96,54,0,0,99999
6959,OWID_ASI,亞洲,亞洲,2021/10/15,77719192,118704,118083.571,1151265,1472,1535.571,16612.185,246.079,0,0,0,0,0,0,0,2147483647,2147483647,10325116,96,54,0,0,99999
6960,OWID_ASI,亞洲,亞洲,2021/10/16,77822296,103104,116368.429,1152553,1288,1500.857,16634.223,246.354,0,0,0,0,0,0,0,2147483647,2147483647,9837845,96,54,0,0,99999
6961,OWID_ASI,亞洲,亞洲,2021/10/17,77928294,105998,114569,1153751,1198,1476.143,16656.879,246.61,0,0,0,0,0,0,0,2147483647,2147483647,17571613,96,55,0,0,99999
6962,OWID_ASI,亞洲,亞洲,2021/10/18,78031472,103178,113854,1155116,1365,1459.571,16678.933,246.902,0,0,0,0,0,0,0,2147483647,2147483647,21443816,97,55,0,0,99999
6963,OWID_ASI,亞洲,亞洲,2021/10/19,78144257,112785,112293.857,1156562,1446,1427.571,16703.041,247.211,0,0,0,0,0,0,0,2147483647,2147483647,19642880,97,55,0,0,99999
6964,OWID_ASI,亞洲,亞洲,2021/10/20,78256279,112022,110857.857,1157709,1147,1368.571,16726.985,247.456,0,0,0,0,0,0,0,2147483647,2147483647,24691589,98,55,0,0,99999
6965,OWID_ASI,亞洲,亞洲,2021/10/21,78361951,105672,108780.429,1159204,1495,1344.429,16749.572,247.775,0,0,0,0,0,0,0,2147483647,2147483647,18011504,98,55,0,0,99999
6966,OWID_ASI,亞洲,亞洲,2021/10/22,78475823,113872,108090.143,1161173,1969,1415.429,16773.912,248.196,0,0,0,0,0,0,0,2147483647,2147483647,17492250,99,56,0,0,99999
6967,OWID_ASI,亞洲,亞洲,2021/10/23,78572711,96888,107202.143,1162653,1480,1442.857,16794.621,248.513,0,0,0,0,0,0,0,2147483647,2147483647,17869018,99,56,0,0,99999
6968,OWID_ASI,亞洲,亞洲,2021/10/24,78672381,99670,106298.143,1164155,1502,1486.286,16815.925,248.834,0,0,0,0,0,0,0,2147483647,2147483647,16978915,99,56,0,0,99999
6969,OWID_ASI,亞洲,亞洲,2021/10/25,78765509,93128,104862.429,1165723,1568,1515.286,16835.831,249.169,0,0,0,0,0,0,0,2147483647,2147483647,13328850,100,56,0,0,99999
6970,OWID_ASI,亞洲,亞洲,2021/10/26,78867356,101847,103299.857,1167435,1712,1553.286,16857.6,249.535,0,0,0,0,0,0,0,2147483647,2147483647,16622534,100,56,0,0,99999
6971,OWID_ASI,亞洲,亞洲,2021/10/27,78974753,107397,102639.143,1169435,2000,1675.143,16880.556,249.962,0,0,0,0,0,0,0,2147483647,2147483647,16543322,100,56,0,0,99999
6972,OWID_ASI,亞洲,亞洲,2021/10/28,79075794,101041,101977.571,1171245,1810,1720.143,16902.153,250.349,0,0,0,0,0,0,0,2147483647,2147483647,19396989,101,56,0,0,99999
6973,OWID_ASI,亞洲,亞洲,2021/10/29,79183390,107596,101081,1172953,1708,1682.857,16925.151,250.714,0,0,0,0,0,0,0,2147483647,2147483647,24240549,101,57,0,0,99999
6974,OWID_ASI,亞洲,亞洲,2021/10/30,79275678,92288,100423.857,1174696,1743,1720.429,16944.878,251.087,0,0,0,0,0,0,0,2147483647,2147483647,18859645,102,57,0,0,99999
6975,OWID_ASI,亞洲,亞洲,2021/10/31,79367054,91376,99239,1175927,1231,1681.714,16964.409,251.35,0,0,0,0,0,0,0,2147483647,2147483647,27540429,102,57,0,0,99999
6976,OWID_ASI,亞洲,亞洲,2021/11/1,79458734,91680,99032.143,1177426,1499,1671.857,16984.005,251.67,0,0,0,0,0,0,0,2147483647,2147483647,19429775,103,57,0,0,99999
6977,OWID_ASI,亞洲,亞洲,2021/11/2,79570678,111944,100474.571,1178908,1482,1639,17007.933,251.987,0,0,0,0,0,0,0,2147483647,2147483647,19180278,103,57,0,0,99999
6978,OWID_ASI,亞洲,亞洲,2021/11/3,79666436,95758,98811.857,1180432,1524,1571,17028.401,252.313,0,0,0,0,0,0,0,2147483647,2147483647,21370904,104,57,0,0,99999
6979,OWID_ASI,亞洲,亞洲,2021/11/4,79777438,111002,100234.857,1181910,1478,1523.571,17052.127,252.629,0,0,0,0,0,0,0,2147483647,2147483647,20545583,104,57,0,0,99999
6980,OWID_ASI,亞洲,亞洲,2021/11/5,79874513,97075,98731.857,1183429,1519,1496.571,17072.876,252.953,0,0,0,0,0,0,0,2147483647,2147483647,18151479,104,57,0,0,99999
6981,OWID_ASI,亞洲,亞洲,2021/11/6,79961008,86495,97904.286,1184880,1451,1454.857,17091.364,253.264,0,0,0,0,0,0,0,2147483647,2147483647,20645873,105,57,0,0,99999
6982,OWID_ASI,亞洲,亞洲,2021/11/7,80052970,91962,97988,1186120,1240,1456.143,17111.021,253.529,0,0,0,0,0,0,0,2147483647,2147483647,21763416,105,57,0,0,99999
6983,OWID_ASI,亞洲,亞洲,2021/11/8,80141844,88874,97587.143,1187456,1336,1432.857,17130.017,253.814,0,0,0,0,0,0,0,2147483647,2147483647,21449155,106,58,0,0,99999
6984,OWID_ASI,亞洲,亞洲,2021/11/9,80241132,99288,95779.143,1188899,1443,1427.286,17151.24,254.123,0,0,0,0,0,0,0,2147483647,2147483647,25795570,106,58,0,0,99999
6985,OWID_ASI,亞洲,亞洲,2021/11/10,80338400,97268,95994.857,1190146,1247,1387.714,17172.03,254.389,0,0,0,0,0,0,0,2147483647,2147483647,23417518,107,58,0,0,99999
6986,OWID_ASI,亞洲,亞洲,2021/11/11,80435692,97292,94036.286,1191830,1684,1417.143,17192.826,254.749,0,0,0,0,0,0,0,2147483647,2147483647,24010781,107,58,0,0,99999
6987,OWID_ASI,亞洲,亞洲,2021/11/12,80530159,94467,93663.714,1193468,1638,1434.143,17213.018,255.099,0,0,0,0,0,0,0,2147483647,2147483647,24056477,108,58,0,0,99999
6988,OWID_ASI,亞洲,亞洲,2021/11/13,80613590,83431,93226,1194823,1355,1420.429,17230.851,255.389,0,0,0,0,0,0,0,2147483647,2147483647,26821243,108,58,0,0,99999
6989,OWID_ASI,亞洲,亞洲,2021/11/14,80695071,81481,91728.714,1196050,1227,1418.571,17248.268,255.651,0,0,0,0,0,0,0,2147483647,2147483647,20537022,109,59,0,0,99999
6990,OWID_ASI,亞洲,亞洲,2021/11/15,80778052,82981,90886.857,1197321,1271,1409.286,17266.004,255.923,0,0,0,0,0,0,0,2147483647,2147483647,18000852,109,59,0,0,99999
6991,OWID_ASI,亞洲,亞洲,2021/11/16,80865882,87830,89250,1198654,1333,1393.571,17284.778,256.208,0,0,0,0,0,0,0,2147483647,2147483647,19938613,110,59,0,0,99999
6992,OWID_ASI,亞洲,亞洲,2021/11/17,80959619,93737,88745.571,1200348,1694,1457.429,17304.814,256.57,0,0,0,0,0,0,0,2147483647,2147483647,22265018,110,59,0,0,99999
6993,OWID_ASI,亞洲,亞洲,2021/11/18,81050800,91181,87872.571,1202051,1703,1460.143,17324.303,256.934,0,0,0,0,0,0,0,2147483647,2147483647,18696067,110,59,0,0,99999
6994,OWID_ASI,亞洲,亞洲,2021/11/19,81138546,87746,86912.429,1203478,1427,1430,17343.059,257.239,0,0,0,0,0,0,0,2147483647,2147483647,19034312,111,62,0,0,99999
6995,OWID_ASI,亞洲,亞洲,2021/11/20,81225306,86760,87388,1204845,1367,1431.714,17361.603,257.531,0,0,0,0,0,0,0,2147483647,2147483647,25525088,111,62,0,0,99999
6996,OWID_ASI,亞洲,亞洲,2021/11/21,81304311,79005,87034.286,1206007,1162,1422.429,17378.49,257.779,0,0,0,0,0,0,0,2147483647,2147483647,20962432,112,62,0,0,99999
6997,OWID_ASI,亞洲,亞洲,2021/11/22,81383414,79103,86480.286,1207392,1385,1438.714,17395.398,258.075,0,0,0,0,0,0,0,2147483647,2147483647,20512256,112,62,0,0,99999
6998,OWID_ASI,亞洲,亞洲,2021/11/23,81502829,119415,90992.429,1208925,1533,1467.286,17420.923,258.403,0,0,0,0,0,0,0,2147483647,2147483647,23940416,113,62,0,0,99999
6999,OWID_ASI,亞洲,亞洲,2021/11/24,81596082,93253,90923.286,1210362,1437,1430.571,17440.855,258.71,0,0,0,0,0,0,0,2147483647,2147483647,24967463,113,62,0,0,99999
7000,OWID_ASI,亞洲,亞洲,2021/11/25,81694369,98287,91938.429,1212025,1663,1424.857,17461.864,259.066,0,0,0,0,0,0,0,2147483647,2147483647,18678688,114,62,0,0,99999
7001,OWID_ASI,亞洲,亞洲,2021/11/26,81782455,88086,91987,1213483,1458,1429.286,17480.692,259.377,0,0,0,0,0,0,0,2147483647,2147483647,23424520,114,62,0,0,99999
7002,OWID_ASI,亞洲,亞洲,2021/11/27,81863212,80757,91129.429,1215062,1579,1459.571,17497.953,259.715,0,0,0,0,0,0,0,0,0,0,0,0,0,0,99999
