iso_code,洲名,國家,日期,總確診數,新增確診數,七天移動平均新增確診數,總死亡數,新增死亡數,七天移動平均新增死亡數,每百萬人確診數,每百萬人死亡數,傳染率,新增檢驗件數,總檢驗件數,每千人檢驗件數,七天移動平均新增檢驗件數,陽性率,每確診案例相對檢驗數量,疫苗總接種總劑數,疫苗總接種人數,疫苗新增接種劑數,每百人接種疫苗劑數,每百人接種疫苗人數,疫情控管指數,解除隔離數,解封指數,ID
OWID_OCE,大洋洲,大洋洲,2020/1/22,0,0,0,0,0,0,0,0,0,0,0,0,0,0,0,0,0,0,0,0,0,0,99999,
OWID_OCE,大洋洲,大洋洲,2020/1/23,0,0,0,0,0,0,0,0,0,0,0,0,0,0,0,0,0,0,0,0,0,0,99999,
OWID_OCE,大洋洲,大洋洲,2020/1/24,0,0,0,0,0,0,0,0,0,0,0,0,0,0,0,0,0,0,0,0,0,0,99999,
OWID_OCE,大洋洲,大洋洲,2020/1/25,0,0,0,0,0,0,0,0,0,0,0,0,0,0,0,0,0,0,0,0,0,0,99999,
OWID_OCE,大洋洲,大洋洲,2020/1/26,4,4,0,0,0,0,0.093,0,0,0,0,0,0,0,0,0,0,0,0,0,0,0,99999,
OWID_OCE,大洋洲,大洋洲,2020/1/27,5,1,0,0,0,0,0.116,0,0,0,0,0,0,0,0,0,0,0,0,0,0,0,99999,
OWID_OCE,大洋洲,大洋洲,2020/1/28,5,0,0,0,0,0,0.116,0,0,0,0,0,0,0,0,0,0,0,0,0,0,0,99999,
OWID_OCE,大洋洲,大洋洲,2020/1/29,6,1,0,0,0,0,0.139,0,0,0,0,0,0,0,0,0,0,0,0,0,0,0,99999,
OWID_OCE,大洋洲,大洋洲,2020/1/30,9,3,0,0,0,0,0.208,0,0,0,0,0,0,0,0,0,0,0,0,0,0,0,99999,
OWID_OCE,大洋洲,大洋洲,2020/1/31,9,0,1.286,0,0,0,0.208,0,0,0,0,0,0,0,0,0,0,0,0,0,0,0,99999,
OWID_OCE,大洋洲,大洋洲,2020/2/1,12,3,1.714,0,0,0,0.278,0,0,0,0,0,0,0,0,0,0,0,0,0,0,0,99999,
OWID_OCE,大洋洲,大洋洲,2020/2/2,12,0,1.143,0,0,0,0.278,0,0,0,0,0,0,0,0,0,0,0,0,0,0,0,99999,
OWID_OCE,大洋洲,大洋洲,2020/2/3,12,0,1,0,0,0,0.278,0,0,0,0,0,0,0,0,0,0,0,0,0,0,0,99999,
OWID_OCE,大洋洲,大洋洲,2020/2/4,13,1,1.143,0,0,0,0.301,0,0,0,0,0,0,0,0,0,0,0,0,0,0,0,99999,
OWID_OCE,大洋洲,大洋洲,2020/2/5,13,0,1,0,0,0,0.301,0,0,0,0,0,0,0,0,0,0,0,0,0,0,0,99999,
OWID_OCE,大洋洲,大洋洲,2020/2/6,14,1,0.714,0,0,0,0.324,0,0,0,0,0,0,0,0,0,0,0,0,0,0,0,99999,
OWID_OCE,大洋洲,大洋洲,2020/2/7,15,1,0.857,0,0,0,0.347,0,0,0,0,0,0,0,0,0,0,0,0,0,0,0,99999,
OWID_OCE,大洋洲,大洋洲,2020/2/8,15,0,0.429,0,0,0,0.347,0,0,0,0,0,0,0,0,0,0,0,0,0,0,0,99999,
OWID_OCE,大洋洲,大洋洲,2020/2/9,15,0,0.429,0,0,0,0.347,0,0,0,0,0,0,0,0,0,0,0,0,0,0,0,99999,
OWID_OCE,大洋洲,大洋洲,2020/2/10,15,0,0.429,0,0,0,0.347,0,0,0,0,0,0,0,0,0,0,0,0,0,0,0,99999,
OWID_OCE,大洋洲,大洋洲,2020/2/11,15,0,0.286,0,0,0,0.347,0,0,0,0,0,0,0,0,0,0,0,0,0,0,0,99999,
OWID_OCE,大洋洲,大洋洲,2020/2/12,15,0,0.286,0,0,0,0.347,0,0,0,0,0,0,0,0,0,0,0,0,0,0,0,99999,
OWID_OCE,大洋洲,大洋洲,2020/2/13,15,0,0.143,0,0,0,0.347,0,0,0,0,0,0,0,0,0,0,0,0,0,0,0,99999,
OWID_OCE,大洋洲,大洋洲,2020/2/14,15,0,0,0,0,0,0.347,0,0,0,0,0,0,0,0,0,0,0,0,0,0,0,99999,
OWID_OCE,大洋洲,大洋洲,2020/2/15,15,0,0,0,0,0,0.347,0,0,0,0,0,0,0,0,0,0,0,0,0,0,0,99999,
OWID_OCE,大洋洲,大洋洲,2020/2/16,15,0,0,0,0,0,0.347,0,0,0,0,0,0,0,0,0,0,0,0,0,0,0,99999,
OWID_OCE,大洋洲,大洋洲,2020/2/17,15,0,0,0,0,0,0.347,0,0,0,0,0,0,0,0,0,0,0,0,0,0,0,99999,
OWID_OCE,大洋洲,大洋洲,2020/2/18,15,0,0,0,0,0,0.347,0,0,0,0,0,0,0,0,0,0,0,0,0,0,0,99999,
OWID_OCE,大洋洲,大洋洲,2020/2/19,15,0,0,0,0,0,0.347,0,0,0,0,0,0,0,0,0,0,0,0,0,0,0,99999,
OWID_OCE,大洋洲,大洋洲,2020/2/20,15,0,0,0,0,0,0.347,0,0,0,0,0,0,0,0,0,0,0,0,0,0,0,99999,
OWID_OCE,大洋洲,大洋洲,2020/2/21,15,0,0,0,0,0,0.347,0,0,0,0,0,0,0,0,0,0,0,0,0,0,0,99999,
OWID_OCE,大洋洲,大洋洲,2020/2/22,15,0,0,0,0,0,0.347,0,0,0,0,0,0,0,0,0,0,0,0,0,0,0,99999,
OWID_OCE,大洋洲,大洋洲,2020/2/23,15,0,0,0,0,0,0.347,0,0,0,0,0,0,0,0,0,0,0,0,0,0,0,99999,
OWID_OCE,大洋洲,大洋洲,2020/2/24,15,0,0,0,0,0,0.347,0,0,0,0,0,0,0,0,0,0,0,0,0,0,0,99999,
OWID_OCE,大洋洲,大洋洲,2020/2/25,15,0,0,0,0,0,0.347,0,0,0,0,0,0,0,0,0,0,0,0,0,0,0,99999,
OWID_OCE,大洋洲,大洋洲,2020/2/26,15,0,0,0,0,0,0.347,0,0,0,0,0,0,0,0,0,0,0,0,0,0,0,99999,
OWID_OCE,大洋洲,大洋洲,2020/2/27,15,0,0,0,0,0,0.347,0,0,0,0,0,0,0,0,0,0,0,0,0,0,0,99999,
OWID_OCE,大洋洲,大洋洲,2020/2/28,16,1,0.143,0,0,0,0.37,0,0,0,0,0,0,0,0,0,0,0,0,0,0,0,99999,
OWID_OCE,大洋洲,大洋洲,2020/2/29,26,10,1.571,0,0,0,0.602,0,0,0,0,0,0,0,0,0,0,0,0,0,0,0,99999,
OWID_OCE,大洋洲,大洋洲,2020/3/1,28,2,1.857,1,1,0.143,0.648,0.023,0,0,0,0,0,0,0,0,0,0,0,0,0,0,99999,
OWID_OCE,大洋洲,大洋洲,2020/3/2,31,3,2.286,1,0,0.143,0.717,0.023,0,0,0,0,0,0,0,0,0,0,0,0,0,0,99999,
OWID_OCE,大洋洲,大洋洲,2020/3/3,40,9,3.571,1,0,0.143,0.925,0.023,0,0,0,0,0,0,0,0,0,0,0,0,0,0,99999,
OWID_OCE,大洋洲,大洋洲,2020/3/4,55,15,5.714,2,1,0.286,1.273,0.046,0,0,0,0,0,0,0,0,0,0,0,0,0,0,99999,
OWID_OCE,大洋洲,大洋洲,2020/3/5,58,3,6.143,2,0,0.286,1.342,0.046,0,0,0,0,0,0,0,0,0,0,0,0,0,0,99999,
OWID_OCE,大洋洲,大洋洲,2020/3/6,64,6,6.857,2,0,0.286,1.481,0.046,0,0,0,0,0,0,0,0,0,0,0,0,0,0,99999,
OWID_OCE,大洋洲,大洋洲,2020/3/7,68,4,6,2,0,0.286,1.573,0.046,0,0,0,0,0,0,0,0,0,0,0,0,0,0,99999,
OWID_OCE,大洋洲,大洋洲,2020/3/8,81,13,7.571,3,1,0.286,1.874,0.069,0,0,0,0,0,0,0,0,0,0,0,0,0,0,99999,
OWID_OCE,大洋洲,大洋洲,2020/3/9,96,15,9.286,3,0,0.286,2.221,0.069,0,0,0,0,0,0,0,0,0,0,0,0,0,0,99999,
OWID_OCE,大洋洲,大洋洲,2020/3/10,112,16,10.286,3,0,0.286,2.591,0.069,0,0,0,0,0,0,0,0,0,0,0,0,0,0,99999,
OWID_OCE,大洋洲,大洋洲,2020/3/11,133,21,11.143,3,0,0.143,3.077,0.069,0,0,0,0,0,0,0,0,0,0,0,0,0,0,99999,
OWID_OCE,大洋洲,大洋洲,2020/3/12,133,0,10.714,3,0,0.143,3.077,0.069,0,0,0,0,0,0,0,0,0,0,0,0,0,0,99999,
OWID_OCE,大洋洲,大洋洲,2020/3/13,205,72,20.143,3,0,0.143,4.743,0.069,0,0,0,0,0,0,0,0,0,0,0,0,0,0,99999,
OWID_OCE,大洋洲,大洋洲,2020/3/14,256,51,26.857,3,0,0.143,5.923,0.069,0,0,0,0,0,0,0,0,0,0,0,0,0,0,99999,
OWID_OCE,大洋洲,大洋洲,2020/3/15,305,49,32,3,0,0,7.057,0.069,0,0,0,0,0,0,0,0,0,0,0,0,0,0,99999,
OWID_OCE,大洋洲,大洋洲,2020/3/16,385,80,41.286,3,0,0,8.908,0.069,0,0,0,0,0,0,0,0,0,0,0,0,0,0,99999,
OWID_OCE,大洋洲,大洋洲,2020/3/17,464,79,50.286,5,2,0.286,10.736,0.116,0,0,0,0,0,0,0,0,0,0,0,0,0,0,99999,
OWID_OCE,大洋洲,大洋洲,2020/3/18,588,124,65,6,1,0.429,13.605,0.139,0,0,0,0,0,0,0,0,0,0,0,0,0,0,99999,
OWID_OCE,大洋洲,大洋洲,2020/3/19,710,122,82.429,6,0,0.429,16.428,0.139,0,0,0,0,0,0,0,0,0,0,0,0,0,0,99999,
OWID_OCE,大洋洲,大洋洲,2020/3/20,832,122,89.571,7,1,0.571,19.25,0.162,0,0,0,0,0,0,0,0,0,0,0,0,0,0,99999,
OWID_OCE,大洋洲,大洋洲,2020/3/21,1125,293,124.143,7,0,0.571,26.03,0.162,0,0,0,0,0,0,0,0,0,0,0,0,0,0,99999,
OWID_OCE,大洋洲,大洋洲,2020/3/22,1654,529,192.714,7,0,0.571,38.269,0.162,0,0,0,0,0,0,0,0,0,0,0,0,0,0,99999,
OWID_OCE,大洋洲,大洋洲,2020/3/23,1788,134,200.429,7,0,0.571,41.37,0.162,0,0,0,0,0,0,0,0,0,0,0,0,0,0,99999,
OWID_OCE,大洋洲,大洋洲,2020/3/24,2204,416,248.571,8,1,0.429,50.995,0.185,0,0,0,0,0,0,0,0,0,0,0,0,0,0,99999,
OWID_OCE,大洋洲,大洋洲,2020/3/25,2575,371,283.857,8,0,0.286,59.579,0.185,0,0,0,0,0,0,0,0,0,0,0,0,0,0,99999,
OWID_OCE,大洋洲,大洋洲,2020/3/26,3099,524,341.286,13,5,1,71.703,0.301,0,0,0,0,0,0,0,0,0,0,0,0,0,0,99999,
OWID_OCE,大洋洲,大洋洲,2020/3/27,3517,418,383.571,13,0,0.857,81.374,0.301,0,0,0,0,0,0,0,0,0,0,0,0,0,0,99999,
OWID_OCE,大洋洲,大洋洲,2020/3/28,4097,580,424.571,14,1,1,94.794,0.324,0,0,0,0,0,0,0,0,0,0,0,0,0,0,99999,
OWID_OCE,大洋洲,大洋洲,2020/3/29,4504,407,407.143,17,3,1.429,104.211,0.393,0,0,0,0,0,0,0,0,0,0,0,0,0,0,99999,
OWID_OCE,大洋洲,大洋洲,2020/3/30,4956,452,452.571,18,1,1.571,114.669,0.416,0,0,0,0,0,0,0,0,0,0,0,0,0,0,99999,
OWID_OCE,大洋洲,大洋洲,2020/3/31,5212,256,429.714,19,1,1.571,120.592,0.44,0,0,0,0,0,0,0,0,0,0,0,0,0,0,99999,
OWID_OCE,大洋洲,大洋洲,2020/4/1,5576,364,428.714,21,2,1.857,129.014,0.486,0,0,0,0,0,0,0,0,0,0,0,0,0,0,99999,
OWID_OCE,大洋洲,大洋洲,2020/4/2,5921,345,403.143,25,4,1.714,136.997,0.578,0,0,0,0,0,0,0,0,0,0,0,0,0,0,99999,
OWID_OCE,大洋洲,大洋洲,2020/4/3,6206,285,384.143,29,4,2.286,143.591,0.671,0,0,0,0,0,0,0,0,0,0,0,0,0,0,99999,
OWID_OCE,大洋洲,大洋洲,2020/4/4,6513,307,345.143,31,2,2.429,150.694,0.717,0,0,0,0,0,0,0,0,0,0,0,0,0,0,99999,
OWID_OCE,大洋洲,大洋洲,2020/4/5,6739,226,319.286,36,5,2.714,155.923,0.833,0,0,0,0,0,0,0,0,0,0,0,0,0,0,99999,
OWID_OCE,大洋洲,大洋洲,2020/4/6,6919,180,280.429,41,5,3.286,160.088,0.949,0,0,0,0,0,0,0,0,0,0,0,0,0,0,99999,
OWID_OCE,大洋洲,大洋洲,2020/4/7,7072,153,265.714,46,5,3.857,163.628,1.064,0,0,0,0,0,0,0,0,0,0,0,0,0,0,99999,
OWID_OCE,大洋洲,大洋洲,2020/4/8,7237,165,237.286,51,5,4.286,167.446,1.18,0,0,0,0,0,0,0,0,0,0,0,0,0,0,99999,
OWID_OCE,大洋洲,大洋洲,2020/4/9,7364,127,206.143,52,1,3.857,170.384,1.203,0,0,0,0,0,0,0,0,0,0,0,0,0,0,99999,
OWID_OCE,大洋洲,大洋洲,2020/4/10,7516,152,187.143,56,4,3.857,173.901,1.296,0,0,0,0,0,0,0,0,0,0,0,0,0,0,99999,
OWID_OCE,大洋洲,大洋洲,2020/4/11,7633,117,160,61,5,4.286,176.608,1.411,0,0,0,0,0,0,0,0,0,0,0,0,0,0,99999,
OWID_OCE,大洋洲,大洋洲,2020/4/12,7663,30,132,64,3,4,177.302,1.481,0,0,0,0,0,0,0,0,0,0,0,0,0,0,99999,
OWID_OCE,大洋洲,大洋洲,2020/4/13,7718,55,114.143,66,2,3.571,178.575,1.527,0,0,0,0,0,0,0,0,0,0,0,0,0,0,99999,
OWID_OCE,大洋洲,大洋洲,2020/4/14,7799,81,103.857,71,5,3.571,180.449,1.643,0,0,0,0,0,0,0,0,0,0,0,0,0,0,99999,
OWID_OCE,大洋洲,大洋洲,2020/4/15,7844,45,86.714,72,1,3,181.49,1.666,0,0,0,0,0,0,0,0,0,0,0,0,0,0,99999,
OWID_OCE,大洋洲,大洋洲,2020/4/16,7887,43,74.714,72,0,2.857,182.485,1.666,0,0,0,0,0,0,0,0,0,0,0,0,0,0,99999,
OWID_OCE,大洋洲,大洋洲,2020/4/17,7955,68,62.714,77,5,3,184.059,1.782,0,0,0,0,0,0,0,0,0,0,0,0,0,0,99999,
OWID_OCE,大洋洲,大洋洲,2020/4/18,8014,59,54.429,78,1,2.429,185.424,1.805,0,0,0,0,0,0,0,0,0,0,0,0,0,0,99999,
OWID_OCE,大洋洲,大洋洲,2020/4/19,8065,51,57.429,79,1,2.143,186.604,1.828,0,0,0,0,0,0,0,0,0,0,0,0,0,0,99999,
OWID_OCE,大洋洲,大洋洲,2020/4/20,8088,23,52.857,79,0,1.857,187.136,1.828,0,0,0,0,0,0,0,0,0,0,0,0,0,0,99999,
OWID_OCE,大洋洲,大洋洲,2020/4/21,8115,27,45.143,80,1,1.286,187.76,1.851,0,0,0,0,0,0,0,0,0,0,0,0,0,0,99999,
OWID_OCE,大洋洲,大洋洲,2020/4/22,8129,14,40.714,81,1,1.286,188.084,1.874,0,0,0,0,0,0,0,0,0,0,0,0,0,0,99999,
OWID_OCE,大洋洲,大洋洲,2020/4/23,8144,15,36.714,92,11,2.857,188.431,2.129,0,0,0,0,0,0,0,0,0,0,0,0,0,0,99999,
OWID_OCE,大洋洲,大洋洲,2020/4/24,8164,20,29.857,97,5,2.857,188.894,2.244,0,0,0,0,0,0,0,0,0,0,0,0,0,0,99999,
OWID_OCE,大洋洲,大洋洲,2020/4/25,8190,26,25.143,98,1,2.857,189.496,2.267,0,0,0,0,0,0,0,0,0,0,0,0,0,0,99999,
OWID_OCE,大洋洲,大洋洲,2020/4/26,8209,19,20.571,102,4,3.286,189.935,2.36,0,0,0,0,0,0,0,0,0,0,0,0,0,0,99999,
OWID_OCE,大洋洲,大洋洲,2020/4/27,8219,10,18.714,102,0,3.286,190.167,2.36,0,0,0,0,0,0,0,0,0,0,0,0,0,0,99999,
OWID_OCE,大洋洲,大洋洲,2020/4/28,8244,25,18.429,108,6,4,190.745,2.499,0,0,0,0,0,0,0,0,0,0,0,0,0,0,99999,
OWID_OCE,大洋洲,大洋洲,2020/4/29,8254,10,17.857,110,2,4.143,190.977,2.545,0,0,0,0,0,0,0,0,0,0,0,0,0,0,99999,
OWID_OCE,大洋洲,大洋洲,2020/4/30,8271,17,18.143,112,2,2.857,191.37,2.591,0,0,0,0,0,0,0,0,0,0,0,0,0,0,99999,
OWID_OCE,大洋洲,大洋洲,2020/5/1,8289,18,17.857,113,1,2.286,191.786,2.615,0,0,0,0,0,0,0,0,0,0,0,0,0,0,99999,
OWID_OCE,大洋洲,大洋洲,2020/5/2,8312,23,17.429,114,1,2.286,192.319,2.638,0,0,0,0,0,0,0,0,0,0,0,0,0,0,99999,
OWID_OCE,大洋洲,大洋洲,2020/5/3,8335,23,18,115,1,1.857,192.851,2.661,0,0,0,0,0,0,0,0,0,0,0,0,0,0,99999,
OWID_OCE,大洋洲,大洋洲,2020/5/4,8359,24,20,116,1,2,193.406,2.684,0,0,0,0,0,0,0,0,0,0,0,0,0,0,99999,
OWID_OCE,大洋洲,大洋洲,2020/5/5,8389,30,20.714,118,2,1.429,194.1,2.73,0,0,0,0,0,0,0,0,0,0,0,0,0,0,99999,
OWID_OCE,大洋洲,大洋洲,2020/5/6,8409,20,22.143,118,0,1.143,194.563,2.73,0,0,0,0,0,0,0,0,0,0,0,0,0,0,99999,
OWID_OCE,大洋洲,大洋洲,2020/5/7,8429,20,22.571,118,0,0.857,195.026,2.73,0,0,0,0,0,0,0,0,0,0,0,0,0,0,99999,
OWID_OCE,大洋洲,大洋洲,2020/5/8,8436,7,21,118,0,0.714,195.188,2.73,0,0,0,0,0,0,0,0,0,0,0,0,0,0,99999,
OWID_OCE,大洋洲,大洋洲,2020/5/9,8459,23,21,118,0,0.571,195.72,2.73,0,0,0,0,0,0,0,0,0,0,0,0,0,0,99999,
OWID_OCE,大洋洲,大洋洲,2020/5/10,8471,12,19.429,118,0,0.429,195.997,2.73,0,0,0,0,0,0,0,0,0,0,0,0,0,0,99999,
OWID_OCE,大洋洲,大洋洲,2020/5/11,8493,22,19.143,118,0,0.286,196.506,2.73,0,0,0,0,0,0,0,0,0,0,0,0,0,0,99999,
OWID_OCE,大洋洲,大洋洲,2020/5/12,8503,10,16.286,119,1,0.143,196.738,2.753,0,0,0,0,0,0,0,0,0,0,0,0,0,0,99999,
OWID_OCE,大洋洲,大洋洲,2020/5/13,8512,9,14.714,119,0,0.143,196.946,2.753,0,0,0,0,0,0,0,0,0,0,0,0,0,0,99999,
OWID_OCE,大洋洲,大洋洲,2020/5/14,8543,31,16.286,119,0,0.143,197.663,2.753,0,0,0,0,0,0,0,0,0,0,0,0,0,0,99999,
OWID_OCE,大洋洲,大洋洲,2020/5/15,8559,16,17.571,119,0,0.143,198.034,2.753,0,0,0,0,0,0,0,0,0,0,0,0,0,0,99999,
OWID_OCE,大洋洲,大洋洲,2020/5/16,8569,10,15.714,119,0,0.143,198.265,2.753,0,0,0,0,0,0,0,0,0,0,0,0,0,0,99999,
OWID_OCE,大洋洲,大洋洲,2020/5/17,8579,10,15.429,120,1,0.286,198.496,2.776,0,0,0,0,0,0,0,0,0,0,0,0,0,0,99999,
OWID_OCE,大洋洲,大洋洲,2020/5/18,8593,14,14.286,120,0,0.286,198.82,2.776,0,0,0,0,0,0,0,0,0,0,0,0,0,0,99999,
OWID_OCE,大洋洲,大洋洲,2020/5/19,8601,8,14,121,1,0.286,199.005,2.8,0,0,0,0,0,0,0,0,0,0,0,0,0,0,99999,
OWID_OCE,大洋洲,大洋洲,2020/5/20,8610,9,14,121,0,0.286,199.214,2.8,0,0,0,0,0,0,0,0,0,0,0,0,0,0,99999,
OWID_OCE,大洋洲,大洋洲,2020/5/21,8625,15,11.714,122,1,0.429,199.561,2.823,0,0,0,0,0,0,0,0,0,0,0,0,0,0,99999,
OWID_OCE,大洋洲,大洋洲,2020/5/22,8629,4,10,122,0,0.429,199.653,2.823,0,0,0,0,0,0,0,0,0,0,0,0,0,0,99999,
OWID_OCE,大洋洲,大洋洲,2020/5/23,8644,15,10.714,123,1,0.571,200,2.846,0,0,0,0,0,0,0,0,0,0,0,0,0,0,99999,
OWID_OCE,大洋洲,大洋洲,2020/5/24,8644,0,9.286,123,0,0.429,200,2.846,0,0,0,0,0,0,0,0,0,0,0,0,0,0,99999,
OWID_OCE,大洋洲,大洋洲,2020/5/25,8656,12,9,123,0,0.429,200.278,2.846,0,0,0,0,0,0,0,0,0,0,0,0,0,0,99999,
OWID_OCE,大洋洲,大洋洲,2020/5/26,8669,13,9.714,124,1,0.429,200.579,2.869,0,0,0,0,0,0,0,0,0,0,0,0,0,0,99999,
OWID_OCE,大洋洲,大洋洲,2020/5/27,8680,11,10,125,1,0.571,200.833,2.892,0,0,0,0,0,0,0,0,0,0,0,0,0,0,99999,
OWID_OCE,大洋洲,大洋洲,2020/5/28,8695,15,10,125,0,0.429,201.18,2.892,0,0,0,0,0,0,0,0,0,0,0,0,0,0,99999,
OWID_OCE,大洋洲,大洋洲,2020/5/29,8714,19,12.143,125,0,0.429,201.62,2.892,0,0,0,0,0,0,0,0,0,0,0,0,0,0,99999,
OWID_OCE,大洋洲,大洋洲,2020/5/30,8722,8,11.143,125,0,0.286,201.805,2.892,0,0,0,0,0,0,0,0,0,0,0,0,0,0,99999,
OWID_OCE,大洋洲,大洋洲,2020/5/31,8732,10,12.571,125,0,0.286,202.036,2.892,0,0,0,0,0,0,0,0,0,0,0,0,0,0,99999,
OWID_OCE,大洋洲,大洋洲,2020/6/1,8751,19,13.571,124,-1,0.143,202.476,2.869,0,0,0,0,0,0,0,0,0,0,0,0,0,0,99999,
OWID_OCE,大洋洲,大洋洲,2020/6/2,8759,8,12.857,124,0,0,202.661,2.869,0,0,0,0,0,0,0,0,0,0,0,0,0,0,99999,
OWID_OCE,大洋洲,大洋洲,2020/6/3,8770,11,12.857,124,0,-0.143,202.916,2.869,0,0,0,0,0,0,0,0,0,0,0,0,0,0,99999,
OWID_OCE,大洋洲,大洋洲,2020/6/4,8777,7,11.714,124,0,-0.143,203.077,2.869,0,0,0,0,0,0,0,0,0,0,0,0,0,0,99999,
OWID_OCE,大洋洲,大洋洲,2020/6/5,8782,5,9.714,124,0,-0.143,203.193,2.869,0,0,0,0,0,0,0,0,0,0,0,0,0,0,99999,
OWID_OCE,大洋洲,大洋洲,2020/6/6,8789,7,9.571,124,0,-0.143,203.355,2.869,0,0,0,0,0,0,0,0,0,0,0,0,0,0,99999,
OWID_OCE,大洋洲,大洋洲,2020/6/7,8795,6,9,124,0,-0.143,203.494,2.869,0,0,0,0,0,0,0,0,0,0,0,0,0,0,99999,
OWID_OCE,大洋洲,大洋洲,2020/6/8,8797,2,6.571,124,0,0,203.54,2.869,0,0,0,0,0,0,0,0,0,0,0,0,0,0,99999,
OWID_OCE,大洋洲,大洋洲,2020/6/9,8804,7,6.429,124,0,0,203.702,2.869,0,0,0,0,0,0,0,0,0,0,0,0,0,0,99999,
OWID_OCE,大洋洲,大洋洲,2020/6/10,8815,11,6.429,124,0,0,203.957,2.869,0,0,0,0,0,0,0,0,0,0,0,0,0,0,99999,
OWID_OCE,大洋洲,大洋洲,2020/6/11,8819,4,6,124,0,0,204.049,2.869,0,0,0,0,0,0,0,0,0,0,0,0,0,0,99999,
OWID_OCE,大洋洲,大洋洲,2020/6/12,8824,5,6,124,0,0,204.165,2.869,0,0,0,0,0,0,0,0,0,0,0,0,0,0,99999,
OWID_OCE,大洋洲,大洋洲,2020/6/13,8850,26,8.714,124,0,0,204.767,2.869,0,0,0,0,0,0,0,0,0,0,0,0,0,0,99999,
OWID_OCE,大洋洲,大洋洲,2020/6/14,8865,15,10,124,0,0,205.114,2.869,0,0,0,0,0,0,0,0,0,0,0,0,0,0,99999,
OWID_OCE,大洋洲,大洋洲,2020/6/15,8879,14,11.714,124,0,0,205.438,2.869,0,0,0,0,0,0,0,0,0,0,0,0,0,0,99999,
OWID_OCE,大洋洲,大洋洲,2020/6/16,8902,23,14,124,0,0,205.97,2.869,0,0,0,0,0,0,0,0,0,0,0,0,0,0,99999,
OWID_OCE,大洋洲,大洋洲,2020/6/17,8924,22,15.571,124,0,0,206.479,2.869,0,0,0,0,0,0,0,0,0,0,0,0,0,0,99999,
OWID_OCE,大洋洲,大洋洲,2020/6/18,8942,18,17.571,124,0,0,206.895,2.869,0,0,0,0,0,0,0,0,0,0,0,0,0,0,99999,
OWID_OCE,大洋洲,大洋洲,2020/6/19,8946,4,17.429,124,0,0,206.988,2.869,0,0,0,0,0,0,0,0,0,0,0,0,0,0,99999,
OWID_OCE,大洋洲,大洋洲,2020/6/20,8998,52,21.143,124,0,0,208.191,2.869,0,0,0,0,0,0,0,0,0,0,0,0,0,0,99999,
OWID_OCE,大洋洲,大洋洲,2020/6/21,9013,15,21.143,124,0,0,208.538,2.869,0,0,0,0,0,0,0,0,0,0,0,0,0,0,99999,
OWID_OCE,大洋洲,大洋洲,2020/6/22,9034,21,22.143,124,0,0,209.024,2.869,0,0,0,0,0,0,0,0,0,0,0,0,0,0,99999,
OWID_OCE,大洋洲,大洋洲,2020/6/23,9064,30,23.143,125,1,0.143,209.718,2.892,0,0,0,0,0,0,0,0,0,0,0,0,0,0,99999,
OWID_OCE,大洋洲,大洋洲,2020/6/24,9105,41,25.857,126,1,0.286,210.667,2.915,0,0,0,0,0,0,0,0,0,0,0,0,0,0,99999,
OWID_OCE,大洋洲,大洋洲,2020/6/25,9143,38,28.714,126,0,0.286,211.546,2.915,0,0,0,0,0,0,0,0,0,0,0,0,0,0,99999,
OWID_OCE,大洋洲,大洋洲,2020/6/26,9152,9,29.429,126,0,0.286,211.754,2.915,0,0,0,0,0,0,0,0,0,0,0,0,0,0,99999,
OWID_OCE,大洋洲,大洋洲,2020/6/27,9241,89,34.714,126,0,0.286,213.813,2.915,0,0,0,0,0,0,0,0,0,0,0,0,0,0,99999,
OWID_OCE,大洋洲,大洋洲,2020/6/28,9321,80,44,126,0,0.286,215.664,2.915,0,0,0,0,0,0,0,0,0,0,0,0,0,0,99999,
OWID_OCE,大洋洲,大洋洲,2020/6/29,9391,70,51,126,0,0.286,217.284,2.915,0,0,0,0,0,0,0,0,0,0,0,0,0,0,99999,
OWID_OCE,大洋洲,大洋洲,2020/6/30,9477,86,59,126,0,0.143,219.274,2.915,0,0,0,0,0,0,0,0,0,0,0,0,0,0,99999,
OWID_OCE,大洋洲,大洋洲,2020/7/1,9560,83,65,126,0,0,221.194,2.915,0,0,0,0,0,0,0,0,0,0,0,0,0,0,99999,
OWID_OCE,大洋洲,大洋洲,2020/7/2,9625,65,68.857,126,0,0,222.698,2.915,0,0,0,0,0,0,0,0,0,0,0,0,0,0,99999,
OWID_OCE,大洋洲,大洋洲,2020/7/3,9819,194,95.286,126,0,0,227.187,2.915,0,0,0,0,0,0,0,0,0,0,0,0,0,0,99999,
OWID_OCE,大洋洲,大洋洲,2020/7/4,10005,186,109.143,126,0,0,231.49,2.915,0,0,0,0,0,0,0,0,0,0,0,0,0,0,99999,
OWID_OCE,大洋洲,大洋洲,2020/7/5,10147,142,118,128,2,0.286,234.776,2.962,0,0,0,0,0,0,0,0,0,0,0,0,0,0,99999,
OWID_OCE,大洋洲,大洋洲,2020/7/6,10323,176,133.143,128,0,0.286,238.848,2.962,0,0,0,0,0,0,0,0,0,0,0,0,0,0,99999,
OWID_OCE,大洋洲,大洋洲,2020/7/7,10455,132,139.714,128,0,0.286,241.902,2.962,0,0,0,0,0,0,0,0,0,0,0,0,0,0,99999,
OWID_OCE,大洋洲,大洋洲,2020/7/8,10628,173,152.571,128,0,0.286,245.905,2.962,0,0,0,0,0,0,0,0,0,0,0,0,0,0,99999,
OWID_OCE,大洋洲,大洋洲,2020/7/9,10953,325,189.714,128,0,0.286,253.425,2.962,0,0,0,0,0,0,0,0,0,0,0,0,0,0,99999,
OWID_OCE,大洋洲,大洋洲,2020/7/10,11133,180,187.714,129,1,0.429,257.589,2.985,0,0,0,0,0,0,0,0,0,0,0,0,0,0,99999,
OWID_OCE,大洋洲,大洋洲,2020/7/11,11378,245,196.143,130,1,0.571,263.258,3.008,0,0,0,0,0,0,0,0,0,0,0,0,0,0,99999,
OWID_OCE,大洋洲,大洋洲,2020/7/12,11561,183,202,130,0,0.286,267.492,3.008,0,0,0,0,0,0,0,0,0,0,0,0,0,0,99999,
OWID_OCE,大洋洲,大洋洲,2020/7/13,11833,272,215.714,130,0,0.286,273.786,3.008,0,0,0,0,0,0,0,0,0,0,0,0,0,0,99999,
OWID_OCE,大洋洲,大洋洲,2020/7/14,12071,238,230.857,133,3,0.714,279.292,3.077,0,0,0,0,0,0,0,0,0,0,0,0,0,0,99999,
OWID_OCE,大洋洲,大洋洲,2020/7/15,12395,324,252.429,135,2,1,286.789,3.124,0,0,0,0,0,0,0,0,0,0,0,0,0,0,99999,
OWID_OCE,大洋洲,大洋洲,2020/7/16,12819,424,266.571,138,3,1.429,296.599,3.193,0,0,0,0,0,0,0,0,0,0,0,0,0,0,99999,
OWID_OCE,大洋洲,大洋洲,2020/7/17,13032,213,271.286,140,2,1.571,301.527,3.239,0,0,0,0,0,0,0,0,0,0,0,0,0,0,99999,
OWID_OCE,大洋洲,大洋洲,2020/7/18,13397,365,288.429,144,4,2,309.973,3.332,0,0,0,0,0,0,0,0,0,0,0,0,0,0,99999,
OWID_OCE,大洋洲,大洋洲,2020/7/19,13666,269,300.714,145,1,2.143,316.197,3.355,0,0,0,0,0,0,0,0,0,0,0,0,0,0,99999,
OWID_OCE,大洋洲,大洋洲,2020/7/20,14029,363,313.714,148,3,2.571,324.595,3.424,0,0,0,0,0,0,0,0,0,0,0,0,0,0,99999,
OWID_OCE,大洋洲,大洋洲,2020/7/21,14503,474,347.429,150,2,2.429,335.563,3.471,0,0,0,0,0,0,0,0,0,0,0,0,0,0,99999,
OWID_OCE,大洋洲,大洋洲,2020/7/22,14914,411,359.857,155,5,2.857,345.072,3.586,0,0,0,0,0,0,0,0,0,0,0,0,0,0,99999,
OWID_OCE,大洋洲,大洋洲,2020/7/23,15209,295,341.429,161,6,3.286,351.898,3.725,0,0,0,0,0,0,0,0,0,0,0,0,0,0,99999,
OWID_OCE,大洋洲,大洋洲,2020/7/24,15565,356,361.857,167,6,3.857,360.135,3.864,0,0,0,0,0,0,0,0,0,0,0,0,0,0,99999,
OWID_OCE,大洋洲,大洋洲,2020/7/25,16025,460,375.429,177,10,4.714,370.778,4.095,0,0,0,0,0,0,0,0,0,0,0,0,0,0,99999,
OWID_OCE,大洋洲,大洋洲,2020/7/26,16580,555,416.286,183,6,5.429,383.619,4.234,0,0,0,0,0,0,0,0,0,0,0,0,0,0,99999,
OWID_OCE,大洋洲,大洋洲,2020/7/27,16949,369,417.143,189,6,5.857,392.157,4.373,0,0,0,0,0,0,0,0,0,0,0,0,0,0,99999,
OWID_OCE,大洋洲,大洋洲,2020/7/28,17231,282,389.714,198,9,6.857,398.682,4.581,0,0,0,0,0,0,0,0,0,0,0,0,0,0,99999,
OWID_OCE,大洋洲,大洋洲,2020/7/29,17948,717,433.429,212,14,8.143,415.271,4.905,0,0,0,0,0,0,0,0,0,0,0,0,0,0,99999,
OWID_OCE,大洋洲,大洋洲,2020/7/30,18553,605,477.714,220,8,8.429,429.269,5.09,0,0,0,0,0,0,0,0,0,0,0,0,0,0,99999,
OWID_OCE,大洋洲,大洋洲,2020/7/31,18941,388,482.286,226,6,8.429,438.247,5.229,0,0,0,0,0,0,0,0,0,0,0,0,0,0,99999,
OWID_OCE,大洋洲,大洋洲,2020/8/1,19578,637,507.571,233,7,8,452.985,5.391,0,0,0,0,0,0,0,0,0,0,0,0,0,0,99999,
OWID_OCE,大洋洲,大洋洲,2020/8/2,20022,444,491.714,246,13,9,463.258,5.692,0,0,0,0,0,0,0,0,0,0,0,0,0,0,99999,
OWID_OCE,大洋洲,大洋洲,2020/8/3,20435,413,498,257,11,9.714,472.814,5.946,0,0,0,0,0,0,0,0,0,0,0,0,0,0,99999,
OWID_OCE,大洋洲,大洋洲,2020/8/4,21155,720,560.571,272,15,10.571,489.473,6.293,0,0,0,0,0,0,0,0,0,0,0,0,0,0,99999,
OWID_OCE,大洋洲,大洋洲,2020/8/5,21639,484,527.286,280,8,9.714,500.672,6.478,0,0,0,0,0,0,0,0,0,0,0,0,0,0,99999,
OWID_OCE,大洋洲,大洋洲,2020/8/6,22031,392,496.857,292,12,10.286,509.741,6.756,0,0,0,0,0,0,0,0,0,0,0,0,0,0,99999,
OWID_OCE,大洋洲,大洋洲,2020/8/7,22482,451,505.857,304,12,11.143,520.176,7.034,0,0,0,0,0,0,0,0,0,0,0,0,0,0,99999,
OWID_OCE,大洋洲,大洋洲,2020/8/8,22868,386,470,321,17,12.571,529.107,7.427,0,0,0,0,0,0,0,0,0,0,0,0,0,0,99999,
OWID_OCE,大洋洲,大洋洲,2020/8/9,23207,339,455,339,18,13.286,536.951,7.844,0,0,0,0,0,0,0,0,0,0,0,0,0,0,99999,
OWID_OCE,大洋洲,大洋洲,2020/8/10,23524,317,441.286,357,18,14.286,544.286,8.26,0,0,0,0,0,0,0,0,0,0,0,0,0,0,99999,
OWID_OCE,大洋洲,大洋洲,2020/8/11,23938,414,397.571,378,21,15.143,553.865,8.746,0,0,0,0,0,0,0,0,0,0,0,0,0,0,99999,
OWID_OCE,大洋洲,大洋洲,2020/8/12,24261,323,374.571,387,9,15.286,561.338,8.954,0,0,0,0,0,0,0,0,0,0,0,0,0,0,99999,
OWID_OCE,大洋洲,大洋洲,2020/8/13,24643,382,373.143,401,14,15.571,570.176,9.278,0,0,0,0,0,0,0,0,0,0,0,0,0,0,99999,
OWID_OCE,大洋洲,大洋洲,2020/8/14,24943,300,351.571,405,4,14.429,577.118,9.371,0,0,0,0,0,0,0,0,0,0,0,0,0,0,99999,
OWID_OCE,大洋洲,大洋洲,2020/8/15,25208,265,334.286,422,17,14.429,583.249,9.764,0,0,0,0,0,0,0,0,0,0,0,0,0,0,99999,
OWID_OCE,大洋洲,大洋洲,2020/8/16,25540,332,333.286,447,25,15.429,590.931,10.342,0,0,0,0,0,0,0,0,0,0,0,0,0,0,99999,
OWID_OCE,大洋洲,大洋洲,2020/8/17,25777,237,321.857,464,17,15.286,596.414,10.736,0,0,0,0,0,0,0,0,0,0,0,0,0,0,99999,
OWID_OCE,大洋洲,大洋洲,2020/8/18,26013,236,296.429,476,12,14,601.875,11.013,0,0,0,0,0,0,0,0,0,0,0,0,0,0,99999,
OWID_OCE,大洋洲,大洋洲,2020/8/19,26265,252,286.286,489,13,14.571,607.705,11.314,0,0,0,0,0,0,0,0,0,0,0,0,0,0,99999,
OWID_OCE,大洋洲,大洋洲,2020/8/20,26461,196,259.714,499,10,14,612.24,11.546,0,0,0,0,0,0,0,0,0,0,0,0,0,0,99999,
OWID_OCE,大洋洲,大洋洲,2020/8/21,26662,201,245.571,512,13,15.286,616.891,11.846,0,0,0,0,0,0,0,0,0,0,0,0,0,0,99999,
OWID_OCE,大洋洲,大洋洲,2020/8/22,26874,212,238,529,17,15.286,621.796,12.24,0,0,0,0,0,0,0,0,0,0,0,0,0,0,99999,
OWID_OCE,大洋洲,大洋洲,2020/8/23,27027,153,212.429,544,15,13.857,625.336,12.587,0,0,0,0,0,0,0,0,0,0,0,0,0,0,99999,
OWID_OCE,大洋洲,大洋洲,2020/8/24,27172,145,199.286,552,8,12.571,628.691,12.772,0,0,0,0,0,0,0,0,0,0,0,0,0,0,99999,
OWID_OCE,大洋洲,大洋洲,2020/8/25,27346,174,190.429,576,24,14.286,632.717,13.327,0,0,0,0,0,0,0,0,0,0,0,0,0,0,99999,
OWID_OCE,大洋洲,大洋洲,2020/8/26,27471,125,172.286,599,23,15.714,635.609,13.859,0,0,0,0,0,0,0,0,0,0,0,0,0,0,99999,
OWID_OCE,大洋洲,大洋洲,2020/8/27,27614,143,164.714,611,12,16,638.918,14.137,0,0,0,0,0,0,0,0,0,0,0,0,0,0,99999,
OWID_OCE,大洋洲,大洋洲,2020/8/28,27755,141,156.143,629,18,16.714,642.18,14.553,0,0,0,0,0,0,0,0,0,0,0,0,0,0,99999,
OWID_OCE,大洋洲,大洋洲,2020/8/29,27880,125,143.714,640,11,15.857,645.072,14.808,0,0,0,0,0,0,0,0,0,0,0,0,0,0,99999,
OWID_OCE,大洋洲,大洋洲,2020/8/30,27971,91,134.857,681,41,19.571,647.178,15.757,0,0,0,0,0,0,0,0,0,0,0,0,0,0,99999,
OWID_OCE,大洋洲,大洋洲,2020/8/31,28058,87,126.571,686,5,19.143,649.191,15.872,0,0,0,0,0,0,0,0,0,0,0,0,0,0,99999,
OWID_OCE,大洋洲,大洋洲,2020/9/1,28169,111,117.571,692,6,16.571,651.759,16.011,0,0,0,0,0,0,0,0,0,0,0,0,0,0,99999,
OWID_OCE,大洋洲,大洋洲,2020/9/2,28308,139,119.571,707,15,15.429,654.975,16.358,0,0,0,0,0,0,0,0,0,0,0,0,0,0,99999,
OWID_OCE,大洋洲,大洋洲,2020/9/3,28400,92,112.286,766,59,22.143,657.104,17.723,0,0,0,0,0,0,0,0,0,0,0,0,0,0,99999,
OWID_OCE,大洋洲,大洋洲,2020/9/4,28482,82,103.857,779,13,21.429,659.001,18.024,0,0,0,0,0,0,0,0,0,0,0,0,0,0,99999,
OWID_OCE,大洋洲,大洋洲,2020/9/5,28569,87,98.429,784,5,20.571,661.014,18.14,0,0,0,0,0,0,0,0,0,0,0,0,0,0,99999,
OWID_OCE,大洋洲,大洋洲,2020/9/6,28625,56,93.429,793,9,16,662.31,18.348,0,0,0,0,0,0,0,0,0,0,0,0,0,0,99999,
OWID_OCE,大洋洲,大洋洲,2020/9/7,28683,58,89.286,801,8,16.429,663.652,18.533,0,0,0,0,0,0,0,0,0,0,0,0,0,0,99999,
OWID_OCE,大洋洲,大洋洲,2020/9/8,28787,104,88.286,812,11,17.143,666.058,18.788,0,0,0,0,0,0,0,0,0,0,0,0,0,0,99999,
OWID_OCE,大洋洲,大洋洲,2020/9/9,28852,65,77.714,819,7,16,667.562,18.95,0,0,0,0,0,0,0,0,0,0,0,0,0,0,99999,
OWID_OCE,大洋洲,大洋洲,2020/9/10,28896,44,70.857,828,9,8.857,668.58,19.158,0,0,0,0,0,0,0,0,0,0,0,0,0,0,99999,
OWID_OCE,大洋洲,大洋洲,2020/9/11,28942,46,65.714,834,6,7.857,669.644,19.297,0,0,0,0,0,0,0,0,0,0,0,0,0,0,99999,
OWID_OCE,大洋洲,大洋洲,2020/9/12,28988,46,59.857,841,7,8.143,670.709,19.459,0,0,0,0,0,0,0,0,0,0,0,0,0,0,99999,
OWID_OCE,大洋洲,大洋洲,2020/9/13,29032,44,58.143,848,7,7.857,671.727,19.621,0,0,0,0,0,0,0,0,0,0,0,0,0,0,99999,
OWID_OCE,大洋洲,大洋洲,2020/9/14,29083,51,57.143,848,0,6.714,672.907,19.621,0,0,0,0,0,0,0,0,0,0,0,0,0,0,99999,
OWID_OCE,大洋洲,大洋洲,2020/9/15,29123,40,48,857,9,6.429,673.832,19.829,0,0,0,0,0,0,0,0,0,0,0,0,0,0,99999,
OWID_OCE,大洋洲,大洋洲,2020/9/16,29170,47,45.429,865,8,6.571,674.92,20.014,0,0,0,0,0,0,0,0,0,0,0,0,0,0,99999,
OWID_OCE,大洋洲,大洋洲,2020/9/17,29218,48,46,870,5,6,676.03,20.13,0,0,0,0,0,0,0,0,0,0,0,0,0,0,99999,
OWID_OCE,大洋洲,大洋洲,2020/9/18,29244,26,43.143,877,7,6.143,676.632,20.292,0,0,0,0,0,0,0,0,0,0,0,0,0,0,99999,
OWID_OCE,大洋洲,大洋洲,2020/9/19,29261,17,39,882,5,5.857,677.025,20.407,0,0,0,0,0,0,0,0,0,0,0,0,0,0,99999,
OWID_OCE,大洋洲,大洋洲,2020/9/20,29276,15,34.857,885,3,5.286,677.372,20.477,0,0,0,0,0,0,0,0,0,0,0,0,0,0,99999,
OWID_OCE,大洋洲,大洋洲,2020/9/21,29306,30,31.857,888,3,5.714,678.066,20.546,0,0,0,0,0,0,0,0,0,0,0,0,0,0,99999,
OWID_OCE,大洋洲,大洋洲,2020/9/22,29355,49,33.143,893,5,5.143,679.2,20.662,0,0,0,0,0,0,0,0,0,0,0,0,0,0,99999,
OWID_OCE,大洋洲,大洋洲,2020/9/23,29366,11,28,895,2,4.286,679.455,20.708,0,0,0,0,0,0,0,0,0,0,0,0,0,0,99999,
OWID_OCE,大洋洲,大洋洲,2020/9/24,29392,26,24.857,903,8,4.714,680.056,20.893,0,0,0,0,0,0,0,0,0,0,0,0,0,0,99999,
OWID_OCE,大洋洲,大洋洲,2020/9/25,29411,19,23.857,904,1,3.857,680.496,20.916,0,0,0,0,0,0,0,0,0,0,0,0,0,0,99999,
OWID_OCE,大洋洲,大洋洲,2020/9/26,29437,26,25.143,906,2,3.429,681.097,20.963,0,0,0,0,0,0,0,0,0,0,0,0,0,0,99999,
OWID_OCE,大洋洲,大洋洲,2020/9/27,29441,4,23.571,909,3,3.429,681.19,21.032,0,0,0,0,0,0,0,0,0,0,0,0,0,0,99999,
OWID_OCE,大洋洲,大洋洲,2020/9/28,29454,13,21.143,916,7,4,681.491,21.194,0,0,0,0,0,0,0,0,0,0,0,0,0,0,99999,
OWID_OCE,大洋洲,大洋洲,2020/9/29,29480,26,17.857,920,4,3.857,682.092,21.286,0,0,0,0,0,0,0,0,0,0,0,0,0,0,99999,
OWID_OCE,大洋洲,大洋洲,2020/9/30,29510,30,20.571,922,2,3.857,682.786,21.333,0,0,0,0,0,0,0,0,0,0,0,0,0,0,99999,
OWID_OCE,大洋洲,大洋洲,2020/10/1,29528,18,19.429,924,2,3,683.203,21.379,0,0,0,0,0,0,0,0,0,0,0,0,0,0,99999,
OWID_OCE,大洋洲,大洋洲,2020/10/2,29541,13,18.571,927,3,3.286,683.504,21.448,0,0,0,0,0,0,0,0,0,0,0,0,0,0,99999,
OWID_OCE,大洋洲,大洋洲,2020/10/3,29561,20,17.714,928,1,3.143,683.966,21.472,0,0,0,0,0,0,0,0,0,0,0,0,0,0,99999,
OWID_OCE,大洋洲,大洋洲,2020/10/4,29575,14,19.143,928,0,2.714,684.29,21.472,0,0,0,0,0,0,0,0,0,0,0,0,0,0,99999,
OWID_OCE,大洋洲,大洋洲,2020/10/5,29603,28,21.286,929,1,1.857,684.938,21.495,0,0,0,0,0,0,0,0,0,0,0,0,0,0,99999,
OWID_OCE,大洋洲,大洋洲,2020/10/6,29615,12,19.286,931,2,1.571,685.216,21.541,0,0,0,0,0,0,0,0,0,0,0,0,0,0,99999,
OWID_OCE,大洋洲,大洋洲,2020/10/7,29643,28,19,931,0,1.286,685.864,21.541,0,0,0,0,0,0,0,0,0,0,0,0,0,0,99999,
OWID_OCE,大洋洲,大洋洲,2020/10/8,29673,30,20.714,931,0,1,686.558,21.541,0,0,0,0,0,0,0,0,0,0,0,0,0,0,99999,
OWID_OCE,大洋洲,大洋洲,2020/10/9,29695,22,22,931,0,0.571,687.067,21.541,0,0,0,0,0,0,0,0,0,0,0,0,0,0,99999,
OWID_OCE,大洋洲,大洋洲,2020/10/10,29715,20,22,932,1,0.571,687.53,21.564,0,0,0,0,0,0,0,0,0,0,0,0,0,0,99999,
OWID_OCE,大洋洲,大洋洲,2020/10/11,29742,27,23.857,932,0,0.571,688.154,21.564,0,0,0,0,0,0,0,0,0,0,0,0,0,0,99999,
OWID_OCE,大洋洲,大洋洲,2020/10/12,29781,39,25.429,933,1,0.571,689.057,21.587,0,0,0,0,0,0,0,0,0,0,0,0,0,0,99999,
OWID_OCE,大洋洲,大洋洲,2020/10/13,29810,29,27.857,938,5,1,689.728,21.703,0,0,0,0,0,0,0,0,0,0,0,0,0,0,99999,
OWID_OCE,大洋洲,大洋洲,2020/10/14,29845,35,28.857,938,0,1,690.538,21.703,0,0,0,0,0,0,0,0,0,0,0,0,0,0,99999,
OWID_OCE,大洋洲,大洋洲,2020/10/15,29864,19,27.286,938,0,1,690.977,21.703,0,0,0,0,0,0,0,0,0,0,0,0,0,0,99999,
OWID_OCE,大洋洲,大洋洲,2020/10/16,29874,10,25.571,938,0,1,691.209,21.703,0,0,0,0,0,0,0,0,0,0,0,0,0,0,99999,
OWID_OCE,大洋洲,大洋洲,2020/10/17,29892,18,25.286,938,0,0.857,691.625,21.703,0,0,0,0,0,0,0,0,0,0,0,0,0,0,99999,
OWID_OCE,大洋洲,大洋洲,2020/10/18,29901,9,22.714,939,1,1,691.833,21.726,0,0,0,0,0,0,0,0,0,0,0,0,0,0,99999,
OWID_OCE,大洋洲,大洋洲,2020/10/19,29908,7,18.143,939,0,0.857,691.995,21.726,0,0,0,0,0,0,0,0,0,0,0,0,0,0,99999,
OWID_OCE,大洋洲,大洋洲,2020/10/20,29971,63,23,939,0,0.143,693.453,21.726,0,0,0,0,0,0,0,0,0,0,0,0,0,0,99999,
OWID_OCE,大洋洲,大洋洲,2020/10/21,29989,18,20.571,939,0,0.143,693.869,21.726,0,0,0,0,0,0,0,0,0,0,0,0,0,0,99999,
OWID_OCE,大洋洲,大洋洲,2020/10/22,30019,30,22.143,939,0,0.143,694.563,21.726,0,0,0,0,0,0,0,0,0,0,0,0,0,0,99999,
OWID_OCE,大洋洲,大洋洲,2020/10/23,30049,30,25,939,0,0.143,695.258,21.726,0,0,0,0,0,0,0,0,0,0,0,0,0,0,99999,
OWID_OCE,大洋洲,大洋洲,2020/10/24,30068,19,25.143,939,0,0.143,695.697,21.726,0,0,0,0,0,0,0,0,0,0,0,0,0,0,99999,
OWID_OCE,大洋洲,大洋洲,2020/10/25,30085,17,26.286,939,0,0,696.091,21.726,0,0,0,0,0,0,0,0,0,0,0,0,0,0,99999,
OWID_OCE,大洋洲,大洋洲,2020/10/26,30105,20,28.143,939,0,0,696.553,21.726,0,0,0,0,0,0,0,0,0,0,0,0,0,0,99999,
OWID_OCE,大洋洲,大洋洲,2020/10/27,30125,20,22,941,2,0.286,697.016,21.772,0,0,0,0,0,0,0,0,0,0,0,0,0,0,99999,
OWID_OCE,大洋洲,大洋洲,2020/10/28,30145,20,22.286,941,0,0.286,697.479,21.772,0,0,0,0,0,0,0,0,0,0,0,0,0,0,99999,
OWID_OCE,大洋洲,大洋洲,2020/10/29,30162,17,20.429,941,0,0.286,697.872,21.772,0,0,0,0,0,0,0,0,0,0,0,0,0,0,99999,
OWID_OCE,大洋洲,大洋洲,2020/10/30,30175,13,18,941,0,0.286,698.173,21.772,0,0,0,0,0,0,0,0,0,0,0,0,0,0,99999,
OWID_OCE,大洋洲,大洋洲,2020/10/31,30187,12,17,941,0,0.286,698.451,21.772,0,0,0,0,0,0,0,0,0,0,0,0,0,0,99999,
OWID_OCE,大洋洲,大洋洲,2020/11/1,30197,10,16,941,0,0.286,698.682,21.772,0,0,0,0,0,0,0,0,0,0,0,0,0,0,99999,
OWID_OCE,大洋洲,大洋洲,2020/11/2,30217,20,16,941,0,0.286,699.145,21.772,0,0,0,0,0,0,0,0,0,0,0,0,0,0,99999,
OWID_OCE,大洋洲,大洋洲,2020/11/3,30239,22,16.286,941,0,0,699.654,21.772,0,0,0,0,0,0,0,0,0,0,0,0,0,0,99999,
OWID_OCE,大洋洲,大洋洲,2020/11/4,30249,10,14.857,941,0,0,699.885,21.772,0,0,0,0,0,0,0,0,0,0,0,0,0,0,99999,
OWID_OCE,大洋洲,大洋洲,2020/11/5,30263,14,14.429,941,0,0,700.209,21.772,0,0,0,0,0,0,0,0,0,0,0,0,0,0,99999,
OWID_OCE,大洋洲,大洋洲,2020/11/6,30273,10,14,941,0,0,700.44,21.772,0,0,0,0,0,0,0,0,0,0,0,0,0,0,99999,
OWID_OCE,大洋洲,大洋洲,2020/11/7,30285,12,14,941,0,0,700.718,21.772,0,0,0,0,0,0,0,0,0,0,0,0,0,0,99999,
OWID_OCE,大洋洲,大洋洲,2020/11/8,30298,13,14.429,941,0,0,701.019,21.772,0,0,0,0,0,0,0,0,0,0,0,0,0,0,99999,
OWID_OCE,大洋洲,大洋洲,2020/11/9,30306,8,12.714,941,0,0,701.204,21.772,0,0,0,0,0,0,0,0,0,0,0,0,0,0,99999,
OWID_OCE,大洋洲,大洋洲,2020/11/10,30310,4,10.143,941,0,0,701.296,21.772,0,0,0,0,0,0,0,0,0,0,0,0,0,0,99999,
OWID_OCE,大洋洲,大洋洲,2020/11/11,30318,8,9.857,941,0,0,701.482,21.772,0,0,0,0,0,0,0,0,0,0,0,0,0,0,99999,
OWID_OCE,大洋洲,大洋洲,2020/11/12,30323,5,8.571,941,0,0,701.597,21.772,0,0,0,0,0,0,0,0,0,0,0,0,0,0,99999,
OWID_OCE,大洋洲,大洋洲,2020/11/13,30333,10,8.571,941,0,0,701.829,21.772,0,0,0,0,0,0,0,0,0,0,0,0,0,0,99999,
OWID_OCE,大洋洲,大洋洲,2020/11/14,30365,32,11.429,941,0,0,702.569,21.772,0,0,0,0,0,0,0,0,0,0,0,0,0,0,99999,
OWID_OCE,大洋洲,大洋洲,2020/11/15,30405,40,15.286,941,0,0,703.495,21.772,0,0,0,0,0,0,0,0,0,0,0,0,0,0,99999,
OWID_OCE,大洋洲,大洋洲,2020/11/16,30418,13,16,941,0,0,703.795,21.772,0,0,0,0,0,0,0,0,0,0,0,0,0,0,99999,
OWID_OCE,大洋洲,大洋洲,2020/11/17,30443,25,19,941,0,0,704.374,21.772,0,0,0,0,0,0,0,0,0,0,0,0,0,0,99999,
OWID_OCE,大洋洲,大洋洲,2020/11/18,30456,13,19.714,941,0,0,704.675,21.772,0,0,0,0,0,0,0,0,0,0,0,0,0,0,99999,
OWID_OCE,大洋洲,大洋洲,2020/11/19,30466,10,20.429,941,0,0,704.906,21.772,0,0,0,0,0,0,0,0,0,0,0,0,0,0,99999,
OWID_OCE,大洋洲,大洋洲,2020/11/20,30486,20,21.857,941,0,0,705.369,21.772,0,0,0,0,0,0,0,0,0,0,0,0,0,0,99999,
OWID_OCE,大洋洲,大洋洲,2020/11/21,30510,24,20.714,941,0,0,705.924,21.772,0,0,0,0,0,0,0,0,0,0,0,0,0,0,99999,
OWID_OCE,大洋洲,大洋洲,2020/11/22,30525,15,17.143,941,0,0,706.271,21.772,0,0,0,0,0,0,0,0,0,0,0,0,0,0,99999,
OWID_OCE,大洋洲,大洋洲,2020/11/23,30561,36,20.429,941,0,0,707.104,21.772,0,0,0,0,0,0,0,0,0,0,0,0,0,0,99999,
OWID_OCE,大洋洲,大洋洲,2020/11/24,30583,22,20,941,0,0,707.613,21.772,0,0,0,0,0,0,0,0,0,0,0,0,0,0,99999,
OWID_OCE,大洋洲,大洋洲,2020/11/25,30611,28,22.143,941,0,0,708.261,21.772,0,0,0,0,0,0,0,0,0,0,0,0,0,0,99999,
OWID_OCE,大洋洲,大洋洲,2020/11/26,30626,15,22.857,941,0,0,708.608,21.772,0,0,0,0,0,0,0,0,0,0,0,0,0,0,99999,
OWID_OCE,大洋洲,大洋洲,2020/11/27,30643,17,22.429,941,0,0,709.001,21.772,0,0,0,0,0,0,0,0,0,0,0,0,0,0,99999,
OWID_OCE,大洋洲,大洋洲,2020/11/28,30649,6,19.857,941,0,0,709.14,21.772,0,0,0,0,0,0,0,0,0,0,0,0,0,0,99999,
OWID_OCE,大洋洲,大洋洲,2020/11/29,30665,16,20,942,1,0.143,709.51,21.795,0,0,0,0,0,0,0,0,0,0,0,0,0,0,99999,
OWID_OCE,大洋洲,大洋洲,2020/11/30,30693,28,18.857,942,0,0.143,710.158,21.795,0,0,0,0,0,0,0,0,0,0,0,0,0,0,99999,
OWID_OCE,大洋洲,大洋洲,2020/12/1,30718,25,19.286,942,0,0.143,710.737,21.795,0,0,0,0,0,0,0,0,0,0,0,0,0,0,99999,
OWID_OCE,大洋洲,大洋洲,2020/12/2,30743,25,18.857,942,0,0.143,711.315,21.795,0,0,0,0,0,0,0,0,0,0,0,0,0,0,99999,
OWID_OCE,大洋洲,大洋洲,2020/12/3,30755,12,18.429,942,0,0.143,711.593,21.795,0,0,0,0,0,0,0,0,0,0,0,0,0,0,99999,
OWID_OCE,大洋洲,大洋洲,2020/12/4,30773,18,18.571,942,0,0.143,712.009,21.795,0,0,0,0,0,0,0,0,0,0,0,0,0,0,99999,
OWID_OCE,大洋洲,大洋洲,2020/12/5,30782,9,19,942,0,0.143,712.217,21.795,0,0,0,0,0,0,0,0,0,0,0,0,0,0,99999,
OWID_OCE,大洋洲,大洋洲,2020/12/6,30790,8,17.857,942,0,0,712.402,21.795,0,0,0,0,0,0,0,0,0,0,0,0,0,0,99999,
OWID_OCE,大洋洲,大洋洲,2020/12/7,30811,21,16.857,942,0,0,712.888,21.795,0,0,0,0,0,0,0,0,0,0,0,0,0,0,99999,
OWID_OCE,大洋洲,大洋洲,2020/12/8,30833,22,16.429,942,0,0,713.397,21.795,0,0,0,0,0,0,0,0,0,0,0,0,0,0,99999,
OWID_OCE,大洋洲,大洋洲,2020/12/9,30840,7,13.857,942,0,0,713.559,21.795,0,0,0,0,0,0,0,0,0,0,0,0,0,0,99999,
OWID_OCE,大洋洲,大洋洲,2020/12/10,30855,15,14.286,942,0,0,713.906,21.795,0,0,0,0,0,0,0,0,0,0,0,0,0,0,99999,
OWID_OCE,大洋洲,大洋洲,2020/12/11,30905,50,18.857,943,1,0.143,715.063,21.819,0,0,0,0,0,0,0,0,0,0,0,0,0,0,99999,
OWID_OCE,大洋洲,大洋洲,2020/12/12,30914,9,18.857,943,0,0.143,715.271,21.819,0,0,0,0,0,0,0,0,0,0,0,0,0,0,99999,
OWID_OCE,大洋洲,大洋洲,2020/12/13,30928,14,19.714,943,0,0.143,715.595,21.819,0,0,0,0,0,0,0,0,0,0,0,0,0,0,99999,
OWID_OCE,大洋洲,大洋洲,2020/12/14,30939,11,18.286,943,0,0.143,715.85,21.819,0,0,0,0,0,0,0,0,0,0,0,0,0,0,99999,
OWID_OCE,大洋洲,大洋洲,2020/12/15,30959,20,18,943,0,0.143,716.313,21.819,0,0,0,0,0,0,0,0,0,0,0,0,0,0,99999,
OWID_OCE,大洋洲,大洋洲,2020/12/16,30971,12,18.714,943,0,0.143,716.59,21.819,0,0,0,0,0,0,0,0,0,0,0,0,0,0,99999,
OWID_OCE,大洋洲,大洋洲,2020/12/17,31033,62,25.429,943,0,0.143,718.025,21.819,0,0,0,0,0,0,0,0,0,0,0,0,0,0,99999,
OWID_OCE,大洋洲,大洋洲,2020/12/18,31066,33,23,943,0,0,718.788,21.819,0,0,0,0,0,0,0,0,0,0,0,0,0,0,99999,
OWID_OCE,大洋洲,大洋洲,2020/12/19,31114,48,28.571,943,0,0,719.899,21.819,0,0,0,0,0,0,0,0,0,0,0,0,0,0,99999,
OWID_OCE,大洋洲,大洋洲,2020/12/20,31149,35,31.571,943,0,0,720.709,21.819,0,0,0,0,0,0,0,0,0,0,0,0,0,0,99999,
OWID_OCE,大洋洲,大洋洲,2020/12/21,31171,22,33.143,944,1,0.143,721.218,21.842,0,0,0,0,0,0,0,0,0,0,0,0,0,0,99999,
OWID_OCE,大洋洲,大洋洲,2020/12/22,31196,25,33.857,944,0,0.143,721.796,21.842,0,0,0,0,0,0,0,0,0,0,0,0,0,0,99999,
OWID_OCE,大洋洲,大洋洲,2020/12/23,31221,25,35.714,944,0,0.143,722.375,21.842,0,0,0,0,0,0,0,0,0,0,0,0,0,0,99999,
OWID_OCE,大洋洲,大洋洲,2020/12/24,31252,31,31.286,944,0,0.143,723.092,21.842,0,0,0,0,0,0,0,0,0,0,0,0,0,0,99999,
OWID_OCE,大洋洲,大洋洲,2020/12/25,31275,23,29.857,944,0,0.143,723.624,21.842,0,0,0,0,0,0,0,0,0,0,0,0,0,0,99999,
OWID_OCE,大洋洲,大洋洲,2020/12/26,31302,27,26.857,944,0,0.143,724.249,21.842,0,0,0,0,0,0,0,0,0,0,0,0,0,0,99999,
OWID_OCE,大洋洲,大洋洲,2020/12/27,31331,29,26,945,1,0.286,724.92,21.865,0,0,0,0,0,0,0,0,0,0,0,0,0,0,99999,
OWID_OCE,大洋洲,大洋洲,2020/12/28,31350,19,25.571,945,0,0.143,725.359,21.865,0,0,0,0,0,0,0,0,0,0,0,0,0,0,99999,
OWID_OCE,大洋洲,大洋洲,2020/12/29,31385,35,27,945,0,0.143,726.169,21.865,0,0,0,0,0,0,0,0,0,0,0,0,0,0,99999,
OWID_OCE,大洋洲,大洋洲,2020/12/30,31420,35,28.429,945,0,0.143,726.979,21.865,0,0,0,0,0,0,0,0,0,0,0,0,0,0,99999,
OWID_OCE,大洋洲,大洋洲,2020/12/31,31440,20,26.857,945,0,0.143,727.442,21.865,0,0,0,0,0,0,0,0,0,0,0,0,0,0,99999,
OWID_OCE,大洋洲,大洋洲,2021/1/1,31475,35,28.571,945,0,0.143,728.252,21.865,0,0,0,0,0,0,0,0,0,0,0,0,0,0,99999,
OWID_OCE,大洋洲,大洋洲,2021/1/2,31518,43,30.857,945,0,0.143,729.246,21.865,0,0,0,0,0,0,0,0,0,0,0,0,0,0,99999,
OWID_OCE,大洋洲,大洋洲,2021/1/3,31557,39,32.286,945,0,0,730.149,21.865,0,0,0,0,0,0,0,0,0,0,0,0,0,0,99999,
OWID_OCE,大洋洲,大洋洲,2021/1/4,31575,18,32.143,945,0,0,730.565,21.865,0,0,0,0,0,0,0,0,0,0,0,0,0,0,99999,
OWID_OCE,大洋洲,大洋洲,2021/1/5,31598,23,30.429,945,0,0,731.097,21.865,0,0,0,0,0,0,0,0,0,0,0,0,0,0,99999,
OWID_OCE,大洋洲,大洋洲,2021/1/6,31610,12,27.143,945,0,0,731.375,21.865,0,0,0,0,0,0,0,0,0,0,0,0,0,0,99999,
OWID_OCE,大洋洲,大洋洲,2021/1/7,31635,25,27.857,945,0,0,731.954,21.865,0,0,0,0,0,0,0,0,0,0,0,0,0,0,99999,
OWID_OCE,大洋洲,大洋洲,2021/1/8,31658,23,26.143,945,0,0,732.486,21.865,0,0,0,0,0,0,0,0,0,0,0,0,0,0,99999,
OWID_OCE,大洋洲,大洋洲,2021/1/9,31702,44,26.286,945,0,0,733.504,21.865,0,0,0,0,0,0,0,0,0,0,0,0,0,0,99999,
OWID_OCE,大洋洲,大洋洲,2021/1/10,31724,22,23.857,945,0,0,734.013,21.865,0,0,0,0,0,0,0,0,0,0,0,0,0,0,99999,
OWID_OCE,大洋洲,大洋洲,2021/1/11,31752,28,25.286,945,0,0,734.661,21.865,0,0,0,0,0,0,0,0,0,0,0,0,0,0,99999,
OWID_OCE,大洋洲,大洋洲,2021/1/12,31778,26,25.714,945,0,0,735.262,21.865,0,0,0,0,0,0,0,0,0,0,0,0,0,0,99999,
OWID_OCE,大洋洲,大洋洲,2021/1/13,31798,20,26.857,945,0,0,735.725,21.865,0,0,0,0,0,0,0,0,0,0,0,0,0,0,99999,
OWID_OCE,大洋洲,大洋洲,2021/1/14,31826,28,27.286,945,0,0,736.373,21.865,0,0,0,0,0,0,0,0,0,0,0,0,0,0,99999,
OWID_OCE,大洋洲,大洋洲,2021/1/15,31846,20,26.857,945,0,0,736.836,21.865,0,0,0,0,0,0,0,0,0,0,0,0,0,0,99999,
OWID_OCE,大洋洲,大洋洲,2021/1/16,31877,31,25,945,0,0,737.553,21.865,0,0,0,0,0,0,0,0,0,0,0,0,0,0,99999,
OWID_OCE,大洋洲,大洋洲,2021/1/17,31896,19,24.571,945,0,0,737.992,21.865,0,0,0,0,0,0,0,0,0,0,0,0,0,0,99999,
OWID_OCE,大洋洲,大洋洲,2021/1/18,31906,10,22,945,0,0,738.224,21.865,0,0,0,0,0,0,0,0,0,0,0,0,0,0,99999,
OWID_OCE,大洋洲,大洋洲,2021/1/19,31920,14,20.286,945,0,0,738.548,21.865,0,0,0,0,0,0,0,0,0,0,0,0,0,0,99999,
OWID_OCE,大洋洲,大洋洲,2021/1/20,31930,10,18.857,945,0,0,738.779,21.865,0,0,0,0,0,0,0,0,0,0,0,0,0,0,99999,
OWID_OCE,大洋洲,大洋洲,2021/1/21,31946,16,17.143,945,0,0,739.149,21.865,0,0,0,0,0,0,0,0,0,0,0,0,0,0,99999,
OWID_OCE,大洋洲,大洋洲,2021/1/22,31951,5,15,945,0,0,739.265,21.865,0,0,0,0,0,0,0,0,0,0,0,0,0,0,99999,
OWID_OCE,大洋洲,大洋洲,2021/1/23,31964,13,12.429,945,0,0,739.566,21.865,0,0,0,0,0,0,0,0,0,0,0,0,0,0,99999,
OWID_OCE,大洋洲,大洋洲,2021/1/24,31980,16,12,945,0,0,739.936,21.865,0,0,0,0,0,0,0,0,0,0,0,0,0,0,99999,
OWID_OCE,大洋洲,大洋洲,2021/1/25,31985,5,11.286,945,0,0,740.052,21.865,0,0,0,0,0,0,0,0,0,0,0,0,0,0,99999,
OWID_OCE,大洋洲,大洋洲,2021/1/26,32011,26,13,945,0,0,740.653,21.865,0,0,0,0,0,0,0,0,0,0,0,0,0,0,99999,
OWID_OCE,大洋洲,大洋洲,2021/1/27,32024,13,13.429,945,0,0,740.954,21.865,0,0,0,0,0,0,0,0,0,0,0,0,0,0,99999,
OWID_OCE,大洋洲,大洋洲,2021/1/28,32035,11,12.714,945,0,0,741.209,21.865,0,0,0,0,0,0,0,0,0,0,0,0,0,0,99999,
OWID_OCE,大洋洲,大洋洲,2021/1/29,32040,5,12.714,945,0,0,741.324,21.865,0,0,0,0,0,0,0,0,0,0,0,0,0,0,99999,
OWID_OCE,大洋洲,大洋洲,2021/1/30,32046,6,11.714,945,0,0,741.463,21.865,0,0,0,0,0,0,0,0,0,0,0,0,0,0,99999,
OWID_OCE,大洋洲,大洋洲,2021/1/31,32053,7,10.429,945,0,0,741.625,21.865,0,0,0,0,0,0,0,0,0,0,0,0,0,0,99999,
OWID_OCE,大洋洲,大洋洲,2021/2/1,32077,24,13.143,945,0,0,742.18,21.865,0,0,0,0,0,0,0,0,0,0,0,0,0,0,99999,
OWID_OCE,大洋洲,大洋洲,2021/2/2,32084,7,10.429,945,0,0,742.342,21.865,0,0,0,0,0,0,0,3251,3251,0,0,0,0,0,99999,
OWID_OCE,大洋洲,大洋洲,2021/2/3,32099,15,10.714,945,0,0,742.689,21.865,0,0,0,0,0,0,0,0,0,0,0,0,0,0,99999,
OWID_OCE,大洋洲,大洋洲,2021/2/4,32105,6,10,945,0,0,742.828,21.865,0,0,0,0,0,0,0,0,0,0,0,0,0,0,99999,
OWID_OCE,大洋洲,大洋洲,2021/2/5,32135,30,13.571,945,0,0,743.522,21.865,0,0,0,0,0,0,0,0,0,0,0,0,0,0,99999,
OWID_OCE,大洋洲,大洋洲,2021/2/6,32143,8,13.857,945,0,0,743.707,21.865,0,0,0,0,0,0,0,0,0,0,0,0,0,0,99999,
OWID_OCE,大洋洲,大洋洲,2021/2/7,32153,10,14.286,945,0,0,743.939,21.865,0,0,0,0,0,0,0,0,0,0,0,0,0,0,99999,
OWID_OCE,大洋洲,大洋洲,2021/2/8,32163,10,12.286,945,0,0,744.17,21.865,0,0,0,0,0,0,0,0,0,0,0,0,0,0,99999,
OWID_OCE,大洋洲,大洋洲,2021/2/9,32176,13,13.143,945,0,0,744.471,21.865,0,0,0,0,0,0,0,0,0,0,0,0,0,0,99999,
OWID_OCE,大洋洲,大洋洲,2021/2/10,32185,9,12.286,945,0,0,744.679,21.865,0,0,0,0,0,0,0,5283,4868,0,0,0,0,0,99999,
OWID_OCE,大洋洲,大洋洲,2021/2/11,32209,24,14.857,945,0,0,745.234,21.865,0,0,0,0,0,0,0,0,0,0,0,0,0,0,99999,
OWID_OCE,大洋洲,大洋洲,2021/2/12,32216,7,11.571,945,0,0,745.396,21.865,0,0,0,0,0,0,0,0,0,0,0,0,0,0,99999,
OWID_OCE,大洋洲,大洋洲,2021/2/13,32224,8,11.571,945,0,0,745.582,21.865,0,0,0,0,0,0,0,0,0,0,0,0,0,0,99999,
OWID_OCE,大洋洲,大洋洲,2021/2/14,32232,8,11.286,945,0,0,745.767,21.865,0,0,0,0,0,0,0,0,0,0,0,0,0,0,99999,
OWID_OCE,大洋洲,大洋洲,2021/2/15,32239,7,10.857,946,1,0.143,745.929,21.888,0,0,0,0,0,0,0,0,0,0,0,0,0,0,99999,
OWID_OCE,大洋洲,大洋洲,2021/2/16,32289,50,16.143,947,1,0.286,747.085,21.911,0,0,0,0,0,0,0,8431,7082,0,0,0,0,0,99999,
OWID_OCE,大洋洲,大洋洲,2021/2/17,32294,5,15.571,947,0,0.286,747.201,21.911,0,0,0,0,0,0,0,8881,7343,450,0,0,0,0,99999,
OWID_OCE,大洋洲,大洋洲,2021/2/18,32304,10,13.571,947,0,0.286,747.433,21.911,0,0,0,0,0,0,0,8882,7344,1,0,0,0,0,99999,
OWID_OCE,大洋洲,大洋洲,2021/2/19,32308,4,13.143,947,0,0.286,747.525,21.911,0,0,0,0,0,0,0,8911,7373,29,0,0,0,0,99999,
OWID_OCE,大洋洲,大洋洲,2021/2/20,32329,21,15,947,0,0.286,748.011,21.911,0,0,0,0,0,0,0,8976,7438,65,0,0,0,0,99999,
OWID_OCE,大洋洲,大洋洲,2021/2/21,32340,11,15.429,947,0,0.286,748.265,21.911,0,0,0,0,0,0,0,9065,7526,89,0,0,0,0,99999,
OWID_OCE,大洋洲,大洋洲,2021/2/22,32439,99,28.571,947,0,0.143,750.556,21.911,0,0,0,0,0,0,0,12281,10742,3216,0,0,0,0,99999,
OWID_OCE,大洋洲,大洋洲,2021/2/23,32498,59,29.857,947,0,0,751.921,21.911,0,0,0,0,0,0,0,20385,17241,8104,0,0,0,0,99999,
OWID_OCE,大洋洲,大洋洲,2021/2/24,32538,40,34.857,948,1,0.143,752.847,21.934,0,0,0,0,0,0,0,30912,27768,10527,0,0,0,0,99999,
OWID_OCE,大洋洲,大洋洲,2021/2/25,32640,102,48,949,1,0.286,755.207,21.957,0,0,0,0,0,0,0,38893,35743,7981,0,0,0,0,99999,
OWID_OCE,大洋洲,大洋洲,2021/2/26,32651,11,49,949,0,0.286,755.461,21.957,0,0,0,0,0,0,0,46988,43836,8095,0,0,0,0,99999,
OWID_OCE,大洋洲,大洋洲,2021/2/27,32707,56,54,949,0,0.286,756.757,21.957,0,0,0,0,0,0,0,50222,47069,3234,0,0,0,0,99999,
OWID_OCE,大洋洲,大洋洲,2021/2/28,32717,10,53.857,949,0,0.286,756.988,21.957,0,0,0,0,0,0,0,53840,50687,3618,0,0,0,0,99999,
OWID_OCE,大洋洲,大洋洲,2021/3/1,32819,102,54.286,951,2,0.571,759.348,22.004,0,0,0,0,0,0,0,64175,60041,10335,0,0,0,0,99999,
OWID_OCE,大洋洲,大洋洲,2021/3/2,32831,12,47.571,951,0,0.571,759.626,22.004,0,0,0,0,0,0,0,75234,70872,11059,0,0,0,0,99999,
OWID_OCE,大洋洲,大洋洲,2021/3/3,32851,20,44.714,951,0,0.429,760.089,22.004,0,0,0,0,0,0,0,87154,82789,11920,0,0,0,0,99999,
OWID_OCE,大洋洲,大洋洲,2021/3/4,32865,14,32.143,951,0,0.286,760.413,22.004,0,0,0,0,0,0,0,99646,95277,12492,0,0,0,0,99999,
OWID_OCE,大洋洲,大洋洲,2021/3/5,33009,144,51.143,953,2,0.571,763.744,22.05,0,0,0,0,0,0,0,105999,101624,6353,0,0,0,0,99999,
OWID_OCE,大洋洲,大洋洲,2021/3/6,33015,6,44,953,0,0.571,763.883,22.05,0,0,0,0,0,0,0,111007,106631,5008,0,0,0,0,99999,
OWID_OCE,大洋洲,大洋洲,2021/3/7,33124,109,58.143,953,0,0.571,766.405,22.05,0,0,0,0,0,0,0,116542,112166,5535,0,0,0,0,99999,
OWID_OCE,大洋洲,大洋洲,2021/3/8,33235,111,59.429,953,0,0.286,768.974,22.05,0,0,0,0,0,0,0,126154,121778,9612,0,0,0,0,99999,
OWID_OCE,大洋洲,大洋洲,2021/3/9,33320,85,69.857,953,0,0.286,770.94,22.05,0,0,0,0,0,0,0,148627,141776,22473,0,0,0,0,99999,
OWID_OCE,大洋洲,大洋洲,2021/3/10,33342,22,70.143,953,0,0.286,771.449,22.05,0,0,0,0,0,0,0,166617,159765,17990,0,0,0,0,99999,
OWID_OCE,大洋洲,大洋洲,2021/3/11,33433,91,81.143,958,5,1,773.555,22.166,0,0,0,0,0,0,0,178060,171204,11443,0,0,0,0,99999,
OWID_OCE,大洋洲,大洋洲,2021/3/12,33448,15,62.714,958,0,0.714,773.902,22.166,0,0,0,0,0,0,0,203294,196430,25234,0,0,0,0,99999,
OWID_OCE,大洋洲,大洋洲,2021/3/13,33454,6,62.714,958,0,0.714,774.041,22.166,0,0,0,0,0,0,0,207306,200437,4012,0,0,0,0,99999,
OWID_OCE,大洋洲,大洋洲,2021/3/14,33828,374,100.571,958,0,0.714,782.694,22.166,0,0,0,0,0,0,0,210125,203242,2819,0,0,0,0,99999,
OWID_OCE,大洋洲,大洋洲,2021/3/15,33933,105,99.714,963,5,1.429,785.123,22.281,0,0,0,0,0,0,0,229662,222324,19537,1,1,0,0,99999,
OWID_OCE,大洋洲,大洋洲,2021/3/16,34034,101,102,963,0,1.429,787.46,22.281,0,0,0,0,0,0,0,265524,255200,35862,1,1,0,0,99999,
OWID_OCE,大洋洲,大洋洲,2021/3/17,34046,12,100.571,963,0,1.429,787.738,22.281,0,0,0,0,0,0,0,290032,278521,24508,1,1,0,0,99999,
OWID_OCE,大洋洲,大洋洲,2021/3/18,34202,156,109.857,968,5,1.429,791.347,22.397,0,0,0,0,0,0,0,306798,294078,16766,1,1,0,0,99999,
OWID_OCE,大洋洲,大洋洲,2021/3/19,34390,188,134.571,973,5,2.143,795.697,22.513,0,0,0,0,0,0,0,322339,308157,15541,1,1,0,0,99999,
OWID_OCE,大洋洲,大洋洲,2021/3/20,34830,440,196.571,973,0,2.143,805.878,22.513,0,0,0,0,0,0,0,326562,311512,4223,1,1,0,0,99999,
OWID_OCE,大洋洲,大洋洲,2021/3/21,34849,19,145.857,973,0,2.143,806.317,22.513,0,0,0,0,0,0,0,353326,320878,26764,1,1,0,0,99999,
OWID_OCE,大洋洲,大洋洲,2021/3/22,35128,279,170.714,973,0,1.429,812.773,22.513,0,0,0,0,0,0,0,386120,348947,32794,1,1,0,0,99999,
OWID_OCE,大洋洲,大洋洲,2021/3/23,35545,417,215.857,974,1,1.571,822.421,22.536,0,0,0,0,0,0,0,448020,406262,61900,1,1,0,0,99999,
OWID_OCE,大洋洲,大洋洲,2021/3/24,35911,366,266.429,976,2,1.857,830.889,22.582,0,0,0,0,0,0,0,501483,453946,53463,1,1,0,0,99999,
OWID_OCE,大洋洲,大洋洲,2021/3/25,35923,12,245.857,976,0,1.143,831.167,22.582,0,0,0,0,0,0,0,556583,503225,55100,1,1,0,0,99999,
OWID_OCE,大洋洲,大洋洲,2021/3/26,36489,566,299.857,976,0,0.429,844.263,22.582,0,0,0,0,0,0,0,607559,551078,50976,1,1,0,0,99999,
OWID_OCE,大洋洲,大洋洲,2021/3/27,36497,8,238.143,976,0,0.429,844.448,22.582,0,0,0,0,0,0,0,627314,568685,19755,1,1,0,0,99999,
OWID_OCE,大洋洲,大洋洲,2021/3/28,37049,552,314.286,982,6,1.286,857.22,22.721,0,0,0,0,0,0,0,646062,586235,18748,1,1,0,0,99999,
OWID_OCE,大洋洲,大洋洲,2021/3/29,37236,187,301.143,986,4,1.857,861.546,22.814,0,0,0,0,0,0,0,706760,636294,60698,2,1,0,0,99999,
OWID_OCE,大洋洲,大洋洲,2021/3/30,37517,281,281.714,993,7,2.714,868.048,22.975,0,0,0,0,0,0,0,799470,720081,92710,2,2,0,0,99999,
OWID_OCE,大洋洲,大洋洲,2021/3/31,37911,394,285.714,997,4,3,877.164,23.068,0,0,0,0,0,0,0,880244,776801,80774,2,2,0,0,99999,
OWID_OCE,大洋洲,大洋洲,2021/4/1,38043,132,302.857,997,0,3,880.218,23.068,0,0,0,0,0,0,0,965983,854768,85739,2,2,0,0,99999,
OWID_OCE,大洋洲,大洋洲,2021/4/2,38414,371,275,997,0,3,888.802,23.068,0,0,0,0,0,0,0,972449,859822,6466,2,2,0,0,99999,
OWID_OCE,大洋洲,大洋洲,2021/4/3,38565,151,295.429,997,0,3,892.296,23.068,0,0,0,0,0,0,0,989322,875403,16873,2,2,0,0,99999,
OWID_OCE,大洋洲,大洋洲,2021/4/4,38999,434,278.571,998,1,2.286,902.338,23.091,0,0,0,0,0,0,0,991405,876978,2083,2,2,0,0,99999,
OWID_OCE,大洋洲,大洋洲,2021/4/5,39392,393,308,1004,6,2.571,911.431,23.23,0,0,0,0,0,0,0,1003292,887193,11887,2,2,0,0,99999,
OWID_OCE,大洋洲,大洋洲,2021/4/6,39413,21,270.857,1004,0,1.571,911.917,23.23,0,0,0,0,0,0,0,1073605,948706,70313,2,2,0,0,99999,
OWID_OCE,大洋洲,大洋洲,2021/4/7,39671,258,251.429,1005,1,1.143,917.886,23.253,0,0,0,0,0,0,0,1170611,1030614,97006,3,2,0,0,99999,
OWID_OCE,大洋洲,大洋洲,2021/4/8,39887,216,263.429,1005,0,1.143,922.884,23.253,0,0,0,0,0,0,0,1260141,1077678,89530,3,2,0,0,99999,
OWID_OCE,大洋洲,大洋洲,2021/4/9,39904,17,212.857,1005,0,1.143,923.277,23.253,0,0,0,0,0,0,0,1329016,1136698,68875,3,3,0,0,99999,
OWID_OCE,大洋洲,大洋洲,2021/4/10,40419,515,264.857,1005,0,1.143,935.193,23.253,0,0,0,0,0,0,0,1360677,1164968,31661,3,3,0,0,99999,
OWID_OCE,大洋洲,大洋洲,2021/4/11,40542,123,220.429,1005,0,1,938.039,23.253,0,0,0,0,0,0,0,1375970,1178261,15293,3,3,0,0,99999,
OWID_OCE,大洋洲,大洋洲,2021/4/12,40716,174,189.143,1007,2,0.429,942.065,23.299,0,0,0,0,0,0,0,1440119,1232396,64149,3,3,0,0,99999,
OWID_OCE,大洋洲,大洋洲,2021/4/13,40958,242,220.714,1007,0,0.429,947.664,23.299,0,0,0,0,0,0,0,1535170,1308858,95051,4,3,0,0,99999,
OWID_OCE,大洋洲,大洋洲,2021/4/14,41142,184,210.143,1009,2,0.571,951.921,23.346,0,0,0,0,0,0,0,1606952,1372288,71782,4,3,0,0,99999,
OWID_OCE,大洋洲,大洋洲,2021/4/15,41361,219,210.571,1020,11,2.143,956.989,23.6,0,0,0,0,0,0,0,1698385,1454770,91433,4,3,0,0,99999,
OWID_OCE,大洋洲,大洋洲,2021/4/16,41532,171,232.571,1020,0,2.143,960.945,23.6,0,0,0,0,0,0,0,1790156,1537757,91771,4,4,0,0,99999,
OWID_OCE,大洋洲,大洋洲,2021/4/17,41560,28,163,1020,0,2.143,961.593,23.6,0,0,0,0,0,0,0,1817557,1562117,27401,4,4,0,0,99999,
OWID_OCE,大洋洲,大洋洲,2021/4/18,41970,410,204,1027,7,3.143,971.079,23.762,0,0,0,0,0,0,0,1909271,1652539,91714,4,4,0,0,99999,
OWID_OCE,大洋洲,大洋洲,2021/4/19,42208,238,213.143,1029,2,3.143,976.586,23.808,0,0,0,0,0,0,0,1983133,1716922,73862,5,4,0,0,99999,
OWID_OCE,大洋洲,大洋洲,2021/4/20,42235,27,182.429,1029,0,3.143,977.211,23.808,0,0,0,0,0,0,0,2077503,1793992,94370,5,4,0,0,99999,
OWID_OCE,大洋洲,大洋洲,2021/4/21,42256,21,159.143,1030,1,3,977.697,23.832,0,0,0,0,0,0,0,2155281,1849683,77778,5,4,0,0,99999,
OWID_OCE,大洋洲,大洋洲,2021/4/22,42694,438,190.429,1038,8,2.571,987.831,24.017,0,0,0,0,0,0,0,2235597,1919205,80316,5,4,0,0,99999,
OWID_OCE,大洋洲,大洋洲,2021/4/23,42709,15,168.143,1038,0,2.571,988.178,24.017,0,0,0,0,0,0,0,2305730,1981465,70133,5,5,0,0,99999,
OWID_OCE,大洋洲,大洋洲,2021/4/24,42985,276,203.571,1041,3,3,994.564,24.086,0,0,0,0,0,0,0,2330416,2003672,24686,5,5,0,0,99999,
OWID_OCE,大洋洲,大洋洲,2021/4/25,43074,89,157.714,1041,0,2,996.623,24.086,0,0,0,0,0,0,0,2336204,2008530,5788,5,5,0,0,99999,
OWID_OCE,大洋洲,大洋洲,2021/4/26,43296,222,155.429,1044,3,2.143,1001.76,24.156,0,0,0,0,0,0,0,2370308,2040933,34104,5,5,0,0,99999,
OWID_OCE,大洋洲,大洋洲,2021/4/27,43335,39,157.143,1044,0,2.143,1002.662,24.156,0,0,0,0,0,0,0,2463629,2116395,93321,6,5,0,0,99999,
OWID_OCE,大洋洲,大洋洲,2021/4/28,43444,109,169.714,1046,2,2.286,1005.184,24.202,0,0,0,0,0,0,0,2557340,2199723,93711,6,5,0,0,99999,
OWID_OCE,大洋洲,大洋洲,2021/4/29,43556,112,123.143,1046,0,1.143,1007.775,24.202,0,0,0,0,0,0,0,2637082,2266878,79742,6,5,0,0,99999,
OWID_OCE,大洋洲,大洋洲,2021/4/30,43570,14,123,1046,0,1.143,1008.099,24.202,0,0,0,0,0,0,0,2705787,2324899,68705,6,5,0,0,99999,
OWID_OCE,大洋洲,大洋洲,2021/5/1,43712,142,103.857,1054,8,1.857,1011.385,24.387,0,0,0,0,0,0,0,2730500,2346138,24713,6,5,0,0,99999,
OWID_OCE,大洋洲,大洋洲,2021/5/2,43817,105,106.143,1054,0,1.857,1013.814,24.387,0,0,0,0,0,0,0,2740583,2353596,10083,6,5,0,0,99999,
OWID_OCE,大洋洲,大洋洲,2021/5/3,43888,71,84.571,1054,0,1.429,1015.457,24.387,0,0,0,0,0,0,0,2807675,2411521,67092,6,6,0,0,99999,
OWID_OCE,大洋洲,大洋洲,2021/5/4,43920,32,83.571,1060,6,2.286,1016.197,24.526,0,0,0,0,0,0,0,2925917,2511373,118242,7,6,0,0,99999,
OWID_OCE,大洋洲,大洋洲,2021/5/5,43947,27,71.857,1060,0,2,1016.822,24.526,0,0,0,0,0,0,0,3017898,2591325,91981,7,6,0,0,99999,
OWID_OCE,大洋洲,大洋洲,2021/5/6,44318,371,108.857,1061,1,2.143,1025.406,24.549,0,0,0,0,0,0,0,3113930,2674276,96032,7,6,0,0,99999,
OWID_OCE,大洋洲,大洋洲,2021/5/7,44331,13,108.714,1061,0,2.143,1025.707,24.549,0,0,0,0,0,0,0,3204012,2750734,90082,7,6,0,0,99999,
OWID_OCE,大洋洲,大洋洲,2021/5/8,44362,31,92.857,1061,0,1,1026.424,24.549,0,0,0,0,0,0,0,3237871,2780108,33859,7,6,0,0,99999,
OWID_OCE,大洋洲,大洋洲,2021/5/9,44376,14,79.857,1061,0,1,1026.748,24.549,0,0,0,0,0,0,0,3250098,2790121,12227,8,6,0,0,99999,
OWID_OCE,大洋洲,大洋洲,2021/5/10,44840,464,136,1061,0,1,1037.484,24.549,0,0,0,0,0,0,0,3334979,2864629,84881,8,7,0,0,99999,
OWID_OCE,大洋洲,大洋洲,2021/5/11,45266,426,192.286,1070,9,1.429,1047.34,24.757,0,0,0,0,0,0,0,3485479,2993502,150500,8,7,0,0,99999,
OWID_OCE,大洋洲,大洋洲,2021/5/12,45789,523,263.143,1070,0,1.429,1059.441,24.757,0,0,0,0,0,0,0,3583054,3077285,97575,8,7,0,0,99999,
OWID_OCE,大洋洲,大洋洲,2021/5/13,46041,252,246.143,1074,4,1.857,1065.272,24.85,0,0,0,0,0,0,0,3684715,3166915,101661,9,7,0,0,99999,
OWID_OCE,大洋洲,大洋洲,2021/5/14,46514,473,311.857,1077,3,2.286,1076.216,24.919,0,0,0,0,0,0,0,3776939,3243810,92224,9,8,0,0,99999,
OWID_OCE,大洋洲,大洋洲,2021/5/15,46526,12,309.143,1077,0,2.286,1076.494,24.919,0,0,0,0,0,0,0,3815560,3277144,38621,9,8,0,0,99999,
OWID_OCE,大洋洲,大洋洲,2021/5/16,46540,14,309.143,1077,0,2.286,1076.817,24.919,0,0,0,0,0,0,0,3830726,3289718,15166,9,8,0,0,99999,
OWID_OCE,大洋洲,大洋洲,2021/5/17,46549,9,244.143,1077,0,2.286,1077.026,24.919,0,0,0,0,0,0,0,3924969,3301086,94243,9,8,0,0,99999,
OWID_OCE,大洋洲,大洋洲,2021/5/18,47067,518,257.286,1077,0,1,1089.011,24.919,0,0,0,0,0,0,0,4068606,3423470,143637,9,8,0,0,99999,
OWID_OCE,大洋洲,大洋洲,2021/5/19,47504,437,245,1082,5,1.714,1099.122,25.035,0,0,0,0,0,0,0,4176937,3517697,108331,10,8,0,0,99999,
OWID_OCE,大洋洲,大洋洲,2021/5/20,47794,290,250.429,1095,13,3,1105.832,25.336,0,0,0,0,0,0,0,4293562,3618238,116625,10,8,0,0,99999,
OWID_OCE,大洋洲,大洋洲,2021/5/21,47805,11,184.429,1095,0,2.571,1106.086,25.336,0,0,0,0,0,0,0,4309134,3626512,15572,10,8,0,0,99999,
OWID_OCE,大洋洲,大洋洲,2021/5/22,47844,39,188.286,1095,0,2.571,1106.989,25.336,0,0,0,0,0,0,0,4317102,3630914,7968,10,8,0,0,99999,
OWID_OCE,大洋洲,大洋洲,2021/5/23,47862,18,188.857,1095,0,2.571,1107.405,25.336,0,0,0,0,0,0,0,4320908,3633179,3806,10,8,0,0,99999,
OWID_OCE,大洋洲,大洋洲,2021/5/24,48158,296,229.857,1097,2,2.857,1114.254,25.382,0,0,0,0,0,0,0,4551647,3857745,230739,11,9,0,0,99999,
OWID_OCE,大洋洲,大洋洲,2021/5/25,48231,73,166.286,1097,0,2.857,1115.943,25.382,0,0,0,0,0,0,0,4726148,3971705,174501,11,9,0,0,99999,
OWID_OCE,大洋洲,大洋洲,2021/5/26,48422,191,131.143,1100,3,2.571,1120.362,25.451,0,0,0,0,0,0,0,4856252,4087340,130104,11,9,0,0,99999,
OWID_OCE,大洋洲,大洋洲,2021/5/27,48508,86,102,1103,3,1.143,1122.352,25.521,0,0,0,0,0,0,0,4998004,4213527,141752,12,10,0,0,99999,
OWID_OCE,大洋洲,大洋洲,2021/5/28,48920,412,159.286,1103,0,1.143,1131.885,25.521,0,0,0,0,0,0,0,5140313,4338693,142309,12,10,0,0,99999,
OWID_OCE,大洋洲,大洋洲,2021/5/29,48935,15,155.857,1103,0,1.143,1132.232,25.521,0,0,0,0,0,0,0,5210298,4402926,69985,12,10,0,0,99999,
OWID_OCE,大洋洲,大洋洲,2021/5/30,49062,127,171.429,1103,0,1.143,1135.17,25.521,0,0,0,0,0,0,0,5246204,4435675,35906,12,10,0,0,99999,
OWID_OCE,大洋洲,大洋洲,2021/5/31,49174,112,145.143,1103,0,0.857,1137.762,25.521,0,0,0,0,0,0,0,5379815,4557447,133611,12,11,0,0,99999,
OWID_OCE,大洋洲,大洋洲,2021/6/1,49212,38,140.143,1103,0,0.857,1138.641,25.521,0,0,0,0,0,0,0,5600155,4729734,220340,13,11,0,0,99999,
OWID_OCE,大洋洲,大洋洲,2021/6/2,49271,59,121.286,1103,0,0.429,1140.006,25.521,0,0,0,0,0,0,0,5762381,4874470,162226,13,11,0,0,99999,
OWID_OCE,大洋洲,大洋洲,2021/6/3,49579,308,153,1103,0,0,1147.132,25.521,0,0,0,0,0,0,0,5929482,5022913,167101,14,12,0,0,99999,
OWID_OCE,大洋洲,大洋洲,2021/6/4,49630,51,101.429,1103,0,0,1148.312,25.521,0,0,0,0,0,0,0,6091181,5166450,161699,14,12,0,0,99999,
OWID_OCE,大洋洲,大洋洲,2021/6/5,49752,122,116.714,1105,2,0.286,1151.135,25.567,0,0,0,0,0,0,0,6189479,5257618,98298,14,12,0,0,99999,
OWID_OCE,大洋洲,大洋洲,2021/6/6,49922,170,122.857,1105,0,0.286,1155.068,25.567,0,0,0,0,0,0,0,6254756,5281641,65277,14,12,0,0,99999,
OWID_OCE,大洋洲,大洋洲,2021/6/7,50057,135,126.143,1105,0,0.286,1158.192,25.567,0,0,0,0,0,0,0,6387630,5390684,132874,15,12,0,0,99999,
OWID_OCE,大洋洲,大洋洲,2021/6/8,50184,127,138.857,1105,0,0.286,1161.13,25.567,0,0,0,0,0,0,0,6664457,5628405,276827,15,13,0,0,99999,
OWID_OCE,大洋洲,大洋洲,2021/6/9,50417,233,163.714,1105,0,0.286,1166.521,25.567,0,0,0,0,0,0,0,6818696,5760234,154239,16,13,0,0,99999,
OWID_OCE,大洋洲,大洋洲,2021/6/10,50505,88,132.286,1105,0,0.286,1168.557,25.567,0,0,0,0,0,0,0,6995447,5910965,176751,16,14,0,0,99999,
OWID_OCE,大洋洲,大洋洲,2021/6/11,50562,57,133.143,1105,0,0.286,1169.876,25.567,0,0,0,0,0,0,0,7017013,5922952,21566,16,14,0,0,99999,
OWID_OCE,大洋洲,大洋洲,2021/6/12,50666,104,130.571,1105,0,0,1172.283,25.567,0,0,0,0,0,0,0,7028955,5930405,11942,16,14,0,0,99999,
OWID_OCE,大洋洲,大洋洲,2021/6/13,50806,140,126.286,1106,1,0.143,1175.522,25.59,0,0,0,0,0,0,0,7262551,5981197,233596,17,14,0,0,99999,
OWID_OCE,大洋洲,大洋洲,2021/6/14,50905,99,121.143,1106,0,0.143,1177.812,25.59,0,0,0,0,0,0,0,7344418,6019856,81867,17,14,0,0,99999,
OWID_OCE,大洋洲,大洋洲,2021/6/15,51036,131,121.714,1107,1,0.286,1180.843,25.613,0,0,0,0,0,0,0,7565575,6202074,221157,18,14,0,0,99999,
OWID_OCE,大洋洲,大洋洲,2021/6/16,51283,247,123.714,1107,0,0.286,1186.558,25.613,0,0,0,0,0,0,0,7726007,6317275,160432,18,15,0,0,99999,
OWID_OCE,大洋洲,大洋洲,2021/6/17,51390,107,126.429,1110,3,0.714,1189.034,25.683,0,0,0,0,0,0,0,7890637,6412749,164630,18,15,0,0,99999,
OWID_OCE,大洋洲,大洋洲,2021/6/18,51518,128,136.571,1110,0,0.714,1191.996,25.683,0,0,0,0,0,0,0,8042266,6530679,151629,19,15,0,0,99999,
OWID_OCE,大洋洲,大洋洲,2021/6/19,51815,297,164.143,1116,6,1.571,1198.868,25.821,0,0,0,0,0,0,0,8119098,6590276,76832,19,15,0,0,99999,
OWID_OCE,大洋洲,大洋洲,2021/6/20,52007,192,171.571,1117,1,1.571,1203.31,25.845,0,0,0,0,0,0,0,8161122,6604538,42024,19,15,0,0,99999,
OWID_OCE,大洋洲,大洋洲,2021/6/21,52224,217,188.429,1117,0,1.571,1208.331,25.845,0,0,0,0,0,0,0,8409111,6808087,247989,19,16,0,0,99999,
OWID_OCE,大洋洲,大洋洲,2021/6/22,52421,197,197.857,1119,2,1.714,1212.889,25.891,0,0,0,0,0,0,0,8572737,6834551,163626,20,16,0,0,99999,
OWID_OCE,大洋洲,大洋洲,2021/6/23,52790,369,215.286,1123,4,2.286,1221.427,25.983,0,0,0,0,0,0,0,8736663,6958437,163926,20,16,0,0,99999,
OWID_OCE,大洋洲,大洋洲,2021/6/24,53111,321,245.857,1123,0,1.857,1228.854,25.983,0,0,0,0,0,0,0,8899533,6991088,162870,21,16,0,0,99999,
OWID_OCE,大洋洲,大洋洲,2021/6/25,53363,252,263.571,1124,1,2,1234.684,26.007,0,0,0,0,0,0,0,9041242,7094779,141709,21,16,0,0,99999,
OWID_OCE,大洋洲,大洋洲,2021/6/26,53690,327,267.857,1125,1,1.286,1242.25,26.03,0,0,0,0,0,0,0,9124590,7108448,83348,21,16,0,0,99999,
OWID_OCE,大洋洲,大洋洲,2021/6/27,53990,300,283.286,1125,0,1.143,1249.192,26.03,0,0,0,0,0,0,0,9179971,7132658,55381,21,16,0,0,99999,
OWID_OCE,大洋洲,大洋洲,2021/6/28,54266,276,291.714,1127,2,1.429,1255.577,26.076,0,0,0,0,0,0,0,9322390,7267220,142419,22,17,0,0,99999,
OWID_OCE,大洋洲,大洋洲,2021/6/29,54621,355,314.286,1131,4,1.714,1263.791,26.168,0,0,0,0,0,0,0,9568943,7395661,246553,22,17,0,0,99999,
OWID_OCE,大洋洲,大洋洲,2021/6/30,54936,315,306.571,1131,0,1.143,1271.08,26.168,0,0,0,0,0,0,0,9688780,7418622,119837,22,17,0,0,99999,
OWID_OCE,大洋洲,大洋洲,2021/7/1,55408,472,328.143,1134,3,1.571,1282,26.238,0,0,0,0,0,0,0,9897053,7524211,208273,23,17,0,0,99999,
OWID_OCE,大洋洲,大洋洲,2021/7/2,55862,454,357,1135,1,1.571,1292.505,26.261,0,0,0,0,0,0,0,10071950,7606805,174897,23,18,0,0,99999,
OWID_OCE,大洋洲,大洋洲,2021/7/3,56276,414,369.429,1137,2,1.714,1302.084,26.307,0,0,0,0,0,0,0,10177646,7659699,105696,24,18,0,0,99999,
OWID_OCE,大洋洲,大洋洲,2021/7/4,56856,580,409.429,1140,3,2.143,1315.503,26.377,0,0,0,0,0,0,0,10234387,7691646,56741,24,18,0,0,99999,
OWID_OCE,大洋洲,大洋洲,2021/7/5,57235,379,424.143,1143,3,2.286,1324.273,26.446,0,0,0,0,0,0,0,10385182,7767872,150795,24,18,0,0,99999,
OWID_OCE,大洋洲,大洋洲,2021/7/6,57906,671,469.286,1149,6,2.571,1339.798,26.585,0,0,0,0,0,0,0,10637493,7911047,252311,25,18,0,0,99999,
OWID_OCE,大洋洲,大洋洲,2021/7/7,58934,1028,571.143,1156,7,3.571,1363.583,26.747,0,0,0,0,0,0,0,10810272,7996424,172779,25,18,0,0,99999,
OWID_OCE,大洋洲,大洋洲,2021/7/8,59704,770,613.714,1162,6,4,1381.399,26.886,0,0,0,0,0,0,0,10991636,8084823,181364,25,19,0,0,99999,
OWID_OCE,大洋洲,大洋洲,2021/7/9,60628,924,680.857,1165,3,4.286,1402.778,26.955,0,0,0,0,0,0,0,11158070,8166688,166434,26,19,0,0,99999,
OWID_OCE,大洋洲,大洋洲,2021/7/10,61221,593,706.429,1167,2,4.286,1416.498,27.001,0,0,0,0,0,0,0,11272545,8225436,114475,26,19,0,0,99999,
OWID_OCE,大洋洲,大洋洲,2021/7/11,61876,655,717.143,1172,5,4.571,1431.654,27.117,0,0,0,0,0,0,0,11333598,8261375,61053,26,19,0,0,99999,
OWID_OCE,大洋洲,大洋洲,2021/7/12,62869,993,804.857,1176,4,4.714,1454.629,27.21,0,0,0,0,0,0,0,11497462,8342026,163864,27,19,0,0,99999,
OWID_OCE,大洋洲,大洋洲,2021/7/13,63626,757,817.143,1177,1,4,1472.144,27.233,0,0,0,0,0,0,0,11759895,8485832,262433,27,20,0,0,99999,
OWID_OCE,大洋洲,大洋洲,2021/7/14,63714,88,682.857,1177,0,3,1474.18,27.233,0,0,0,0,0,0,0,11954790,8579421,194895,28,20,0,0,99999,
OWID_OCE,大洋洲,大洋洲,2021/7/15,65690,1976,855.143,1192,15,4.286,1519.9,27.58,0,0,0,0,0,0,0,12150252,8672551,195462,28,20,0,0,99999,
OWID_OCE,大洋洲,大洋洲,2021/7/16,67240,1550,944.571,1199,7,4.857,1555.763,27.742,0,0,0,0,0,0,0,12334863,8763685,184611,29,20,0,0,99999,
OWID_OCE,大洋洲,大洋洲,2021/7/17,68559,1319,1048.286,1205,6,5.429,1586.281,27.881,0,0,0,0,0,0,0,12453920,8827314,119057,29,20,0,0,99999,
OWID_OCE,大洋洲,大洋洲,2021/7/18,69722,1163,1120.857,1218,13,6.571,1613.19,28.181,0,0,0,0,0,0,0,12519961,8863893,66041,29,21,0,0,99999,
OWID_OCE,大洋洲,大洋洲,2021/7/19,70742,1020,1124.714,1242,24,9.429,1636.79,28.737,0,0,0,0,0,0,0,12709489,8965693,189528,29,21,0,0,99999,
OWID_OCE,大洋洲,大洋洲,2021/7/20,71996,1254,1195.714,1258,16,11.571,1665.805,29.107,0,0,0,0,0,0,0,13008655,9127220,299166,30,21,0,0,99999,
OWID_OCE,大洋洲,大洋洲,2021/7/21,73263,1267,1364.143,1280,22,14.714,1695.12,29.616,0,0,0,0,0,0,0,13237585,9247537,228930,31,21,0,0,99999,
OWID_OCE,大洋洲,大洋洲,2021/7/22,74414,1151,1246.286,1296,16,14.857,1721.751,29.986,0,0,0,0,0,0,0,13458120,9362269,220535,31,22,0,0,99999,
OWID_OCE,大洋洲,大洋洲,2021/7/23,75053,639,1116.143,1307,11,15.429,1736.536,30.241,0,0,0,0,0,0,0,13673545,9477866,215425,32,22,0,0,99999,
OWID_OCE,大洋洲,大洋洲,2021/7/24,75965,912,1058,1314,7,15.571,1757.637,30.403,0,0,0,0,0,0,0,13817363,9558710,143818,32,22,0,0,99999,
OWID_OCE,大洋洲,大洋洲,2021/7/25,76756,791,1004.857,1323,9,15,1775.939,30.611,0,0,0,0,0,0,0,13900920,9605549,83557,32,22,0,0,99999,
OWID_OCE,大洋洲,大洋洲,2021/7/26,78225,1469,1069,1336,13,13.429,1809.928,30.912,0,0,0,0,0,0,0,14111117,9719758,210197,33,22,0,0,99999,
OWID_OCE,大洋洲,大洋洲,2021/7/27,79166,941,1024.286,1346,10,12.571,1831.7,31.143,0,0,0,0,0,0,0,14468730,9923598,357613,33,23,0,0,99999,
OWID_OCE,大洋洲,大洋洲,2021/7/28,80494,1328,1033,1360,14,11.429,1862.427,31.467,0,0,0,0,0,0,0,14733523,10064765,264793,34,23,0,0,99999,
OWID_OCE,大洋洲,大洋洲,2021/7/29,81984,1490,1081.429,1369,9,10.429,1896.902,31.675,0,0,0,0,0,0,0,14978681,10192480,245158,35,24,0,0,99999,
OWID_OCE,大洋洲,大洋洲,2021/7/30,83368,1384,1187.857,1376,7,9.857,1928.924,31.837,0,0,0,0,0,0,0,15231586,10330981,252905,35,24,0,0,99999,
OWID_OCE,大洋洲,大洋洲,2021/7/31,84789,1421,1260.571,1381,5,9.571,1961.802,31.953,0,0,0,0,0,0,0,15394451,10423520,162865,36,24,0,0,99999,
OWID_OCE,大洋洲,大洋洲,2021/8/1,85654,865,1271.143,1385,4,8.857,1981.816,32.045,0,0,0,0,0,0,0,15493159,10479892,98708,36,24,0,0,99999,
OWID_OCE,大洋洲,大洋洲,2021/8/2,87035,1381,1258.571,1398,13,8.857,2013.769,32.346,0,0,0,0,0,0,0,15859753,10664547,366594,37,25,0,0,99999,
OWID_OCE,大洋洲,大洋洲,2021/8/3,88510,1475,1334.857,1407,9,8.714,2047.897,32.554,0,0,0,0,0,0,0,16121688,10801856,261935,37,25,0,0,99999,
OWID_OCE,大洋洲,大洋洲,2021/8/4,90000,1490,1358,1423,16,9,2082.371,32.925,0,0,0,0,0,0,0,16389869,10941325,268181,38,25,0,0,99999,
OWID_OCE,大洋洲,大洋洲,2021/8/5,91275,1275,1327.286,1435,12,9.429,2111.872,33.202,0,0,0,0,0,0,0,16672069,11091543,282200,39,26,0,0,99999,
OWID_OCE,大洋洲,大洋洲,2021/8/6,92380,1105,1287.429,1448,13,10.286,2137.439,33.503,0,0,0,0,0,0,0,16950171,11240160,278102,39,26,0,0,99999,
OWID_OCE,大洋洲,大洋洲,2021/8/7,93345,965,1222.286,1453,5,10.286,2159.766,33.619,0,0,0,0,0,0,0,17142910,11339287,192739,40,26,0,0,99999,
OWID_OCE,大洋洲,大洋洲,2021/8/8,94308,963,1236.286,1457,4,10.286,2182.048,33.711,0,0,0,0,0,0,0,17250831,11401946,107921,40,26,0,0,99999,
OWID_OCE,大洋洲,大洋洲,2021/8/9,95303,995,1181.143,1479,22,11.571,2205.069,34.22,0,0,0,0,0,0,0,17624063,11609571,373232,41,27,0,0,99999,
OWID_OCE,大洋洲,大洋洲,2021/8/10,95936,633,1060.857,1491,12,12,2219.715,34.498,0,0,0,0,0,0,0,17937398,11775866,313335,42,27,0,0,99999,
OWID_OCE,大洋洲,大洋洲,2021/8/11,96891,955,984.429,1506,15,11.857,2241.812,34.845,0,0,0,0,0,0,0,18249327,11939814,311929,42,28,0,0,99999,
OWID_OCE,大洋洲,大洋洲,2021/8/12,97732,841,922.429,1513,7,11.143,2261.27,35.007,0,0,0,0,0,0,0,18568186,12107037,318859,43,28,0,0,99999,
OWID_OCE,大洋洲,大洋洲,2021/8/13,98869,1137,927,1532,19,12,2287.578,35.447,0,0,0,0,0,0,0,18894269,12280085,326083,44,28,0,0,99999,
OWID_OCE,大洋洲,大洋洲,2021/8/14,99627,758,897.429,1545,13,13.143,2305.116,35.747,0,0,0,0,0,0,0,19102597,12398010,208328,44,29,0,0,99999,
OWID_OCE,大洋洲,大洋洲,2021/8/15,100152,525,834.857,1553,8,13.714,2317.263,35.932,0,0,0,0,0,0,0,19222578,12473808,119981,44,29,0,0,99999,
OWID_OCE,大洋洲,大洋洲,2021/8/16,101457,1305,879.143,1580,27,14.429,2347.457,36.557,0,0,0,0,0,0,0,19663970,12714098,441392,46,29,0,0,99999,
OWID_OCE,大洋洲,大洋洲,2021/8/17,102734,1277,971.143,1594,14,14.714,2377.004,36.881,0,0,0,0,0,0,0,19993546,12894062,329576,46,30,0,0,99999,
OWID_OCE,大洋洲,大洋洲,2021/8/18,104154,1420,1037.571,1604,10,14,2409.859,37.112,0,0,0,0,0,0,0,20302406,13058432,308860,47,30,0,0,99999,
OWID_OCE,大洋洲,大洋洲,2021/8/19,105674,1520,1134.571,1616,12,14.714,2445.028,37.39,0,0,0,0,0,0,0,20635449,13239830,333043,48,31,0,0,99999,
OWID_OCE,大洋洲,大洋洲,2021/8/20,107074,1400,1172.143,1629,13,13.857,2477.42,37.691,0,0,0,0,0,0,0,21004322,13443821,368873,49,31,0,0,99999,
OWID_OCE,大洋洲,大洋洲,2021/8/21,108203,1129,1225.143,1633,4,12.571,2503.543,37.783,0,0,0,0,0,0,0,21254195,13590683,249873,49,31,0,0,99999,
OWID_OCE,大洋洲,大洋洲,2021/8/22,109439,1236,1326.714,1641,8,12.571,2532.141,37.969,0,0,0,0,0,0,0,21431079,13708426,176884,50,32,0,0,99999,
OWID_OCE,大洋洲,大洋洲,2021/8/23,110912,1473,1350.714,1647,6,9.571,2566.222,38.107,0,0,0,0,0,0,0,21865779,13949942,434700,51,32,0,0,99999,
OWID_OCE,大洋洲,大洋洲,2021/8/24,112249,1337,1359.286,1658,11,9.143,2597.157,38.362,0,0,0,0,0,0,0,22255011,14175760,389232,51,33,0,0,99999,
OWID_OCE,大洋洲,大洋洲,2021/8/25,113687,1438,1361.857,1667,9,9,2630.429,38.57,0,0,0,0,0,0,0,22678949,14420257,423938,52,33,0,0,99999,
OWID_OCE,大洋洲,大洋洲,2021/8/26,115156,1469,1354.571,1678,11,8.857,2664.417,38.825,0,0,0,0,0,0,0,23081229,14647566,402280,53,34,0,0,99999,
OWID_OCE,大洋洲,大洋洲,2021/8/27,116563,1407,1355.571,1691,13,8.857,2696.972,39.125,0,0,0,0,0,0,0,23489034,14889009,407805,54,34,0,0,99999,
OWID_OCE,大洋洲,大洋洲,2021/8/28,118226,1663,1431.857,1697,6,9.143,2735.449,39.264,0,0,0,0,0,0,0,23788475,15071943,299441,55,35,0,0,99999,
OWID_OCE,大洋洲,大洋洲,2021/8/29,120032,1806,1513.286,1701,4,8.571,2777.236,39.357,0,0,0,0,0,0,0,23995175,15215856,206700,56,35,0,0,99999,
OWID_OCE,大洋洲,大洋洲,2021/8/30,121473,1441,1508.714,1714,13,9.571,2810.577,39.658,0,0,0,0,0,0,0,24350501,15420477,355326,56,36,0,0,99999,
OWID_OCE,大洋洲,大洋洲,2021/8/31,123253,1780,1572,1727,13,9.857,2851.761,39.958,0,0,0,0,0,0,0,24906419,15732742,555918,58,36,0,0,99999,
OWID_OCE,大洋洲,大洋洲,2021/9/1,125174,1921,1641,1742,15,10.714,2896.209,40.305,0,0,0,0,0,0,0,25327595,15983017,421176,59,37,0,0,99999,
OWID_OCE,大洋洲,大洋洲,2021/9/2,127156,1982,1714.286,1756,14,11.143,2942.067,40.629,0,0,0,0,0,0,0,25718840,16207886,391245,60,38,0,0,99999,
OWID_OCE,大洋洲,大洋洲,2021/9/3,129169,2013,1800.857,1764,8,10.429,2988.643,40.814,0,0,0,0,0,0,0,26118223,16441661,399383,60,38,0,0,99999,
OWID_OCE,大洋洲,大洋洲,2021/9/4,131059,1890,1833.286,1769,5,10.286,3032.373,40.93,0,0,0,0,0,0,0,26410040,16624787,291817,61,38,0,0,99999,
OWID_OCE,大洋洲,大洋洲,2021/9/5,132775,1716,1820.429,1772,3,10.143,3072.076,41,0,0,0,0,0,0,0,26579367,16736869,169327,62,39,0,0,99999,
OWID_OCE,大洋洲,大洋洲,2021/9/6,134390,1615,1845.286,1792,20,11.143,3109.443,41.462,0,0,0,0,0,0,0,26904818,16918677,325451,62,39,0,0,99999,
OWID_OCE,大洋洲,大洋洲,2021/9/7,136348,1958,1870.714,1805,13,11.143,3154.747,41.763,0,0,0,0,0,0,0,27364415,17151823,459597,63,40,0,0,99999,
OWID_OCE,大洋洲,大洋洲,2021/9/8,138331,1983,1879.571,1814,9,10.286,3200.628,41.971,0,0,0,0,0,0,0,27742600,17367810,378185,64,40,0,0,99999,
OWID_OCE,大洋洲,大洋洲,2021/9/9,140726,2395,1938.571,1831,17,10.714,3256.042,42.365,0,0,0,0,0,0,0,28123055,17580524,380455,65,41,0,0,99999,
OWID_OCE,大洋洲,大洋洲,2021/9/10,142968,2242,1971.286,1840,9,10.857,3307.917,42.573,0,0,0,0,0,0,0,28491396,17778726,368341,66,41,0,0,99999,
OWID_OCE,大洋洲,大洋洲,2021/9/11,144792,1824,1961.857,1850,10,11.571,3350.119,42.804,0,0,0,0,0,0,0,28749071,17924280,257675,67,41,0,0,99999,
OWID_OCE,大洋洲,大洋洲,2021/9/12,146676,1884,1985.857,1857,7,12.143,3393.71,42.966,0,0,0,0,0,0,0,28916092,18024387,167021,67,42,0,0,99999,
OWID_OCE,大洋洲,大洋洲,2021/9/13,148429,1753,2005.571,1864,7,10.286,3434.27,43.128,0,0,0,0,0,0,0,29311946,18251886,395854,68,42,0,0,99999,
OWID_OCE,大洋洲,大洋洲,2021/9/14,150348,1919,2000,1887,23,11.714,3478.671,43.66,0,0,0,0,0,0,0,29823158,18521733,511212,69,43,0,0,99999,
OWID_OCE,大洋洲,大洋洲,2021/9/15,152371,2023,2005.714,1900,13,12.286,3525.478,43.961,0,0,0,0,0,0,0,30191533,18717371,368375,70,43,0,0,99999,
OWID_OCE,大洋洲,大洋洲,2021/9/16,154383,2012,1951,1917,17,12.286,3572.031,44.355,0,0,0,0,0,0,0,30554539,18911635,363006,71,44,0,0,99999,
OWID_OCE,大洋洲,大洋洲,2021/9/17,156395,2012,1918.143,1946,29,15.143,3618.583,45.025,0,0,0,0,0,0,0,30953088,19113146,398549,72,44,0,0,99999,
OWID_OCE,大洋洲,大洋洲,2021/9/18,158150,1755,1908.286,1960,14,15.714,3659.189,45.349,0,0,0,0,0,0,0,31233500,19265613,280412,72,45,0,0,99999,
OWID_OCE,大洋洲,大洋洲,2021/9/19,159751,1601,1867.857,1965,5,15.429,3696.233,45.465,0,0,0,0,0,0,0,31432681,19384726,199181,73,45,0,0,99999,
OWID_OCE,大洋洲,大洋洲,2021/9/20,161772,2021,1906.143,1984,19,17.143,3742.993,45.905,0,0,0,0,0,0,0,31803812,19576893,371131,74,45,0,0,99999,
OWID_OCE,大洋洲,大洋洲,2021/9/21,163556,1784,1886.857,1992,8,15,3784.271,46.09,0,0,0,0,0,0,0,32312333,19829129,508521,75,46,0,0,99999,
OWID_OCE,大洋洲,大洋洲,2021/9/22,165805,2249,1919.143,2020,28,17.143,3836.307,46.738,0,0,0,0,0,0,0,32698917,20025208,386584,76,46,0,0,99999,
OWID_OCE,大洋洲,大洋洲,2021/9/23,167755,1950,1910.286,2036,16,17,3881.425,47.108,0,0,0,0,0,0,0,33095691,20221885,396774,77,47,0,0,99999,
OWID_OCE,大洋洲,大洋洲,2021/9/24,169827,2072,1918.857,2057,21,15.857,3929.366,47.594,0,0,0,0,0,0,0,33457143,20384227,361452,77,47,0,0,99999,
OWID_OCE,大洋洲,大洋洲,2021/9/25,171761,1934,1944.429,2074,17,16.286,3974.113,47.987,0,0,0,0,0,0,0,33727739,20510230,270596,78,47,0,0,99999,
OWID_OCE,大洋洲,大洋洲,2021/9/26,173543,1782,1970.286,2090,16,17.857,4015.344,48.357,0,0,0,0,0,0,0,33897610,20594397,169871,78,48,0,0,99999,
OWID_OCE,大洋洲,大洋洲,2021/9/27,175485,1942,1959,2103,13,17,4060.277,48.658,0,0,0,0,0,0,0,34241403,20751865,343793,79,48,0,0,99999,
OWID_OCE,大洋洲,大洋洲,2021/9/28,177406,1921,1978.571,2155,52,23.286,4104.724,49.861,0,0,0,0,0,0,0,34723208,20964144,481805,80,49,0,0,99999,
OWID_OCE,大洋洲,大洋洲,2021/9/29,180292,2886,2069.571,2172,17,21.714,4171.499,50.255,0,0,0,0,0,0,0,35072279,21123071,349071,81,49,0,0,99999,
OWID_OCE,大洋洲,大洋洲,2021/9/30,182756,2464,2143,2192,20,22.286,4228.51,50.717,0,0,0,0,0,0,0,35459104,21293806,386825,82,49,0,0,99999,
OWID_OCE,大洋洲,大洋洲,2021/10/1,185460,2704,2233.286,2214,22,22.429,4291.074,51.226,0,0,0,0,0,0,0,35833036,21447131,373932,83,50,0,0,99999,
OWID_OCE,大洋洲,大洋洲,2021/10/2,187620,2160,2265.571,2228,14,22,4341.05,51.55,0,0,0,0,0,0,0,36094115,21552289,261079,84,50,0,0,99999,
OWID_OCE,大洋洲,大洋洲,2021/10/3,189707,2087,2309.143,2241,13,21.571,4389.338,51.851,0,0,0,0,0,0,0,36259446,21620647,165331,84,50,0,0,99999,
OWID_OCE,大洋洲,大洋洲,2021/10/4,192504,2797,2431.286,2253,12,21.429,4454.054,52.129,0,0,0,0,0,0,0,36500901,21718882,241455,84,50,0,0,99999,
OWID_OCE,大洋洲,大洋洲,2021/10/5,194954,2450,2506.857,2279,26,17.714,4510.741,52.73,0,0,0,0,0,0,0,37075006,21945701,574105,86,51,0,0,99999,
OWID_OCE,大洋洲,大洋洲,2021/10/6,197530,2576,2462.571,2301,22,18.429,4570.343,53.239,0,0,0,0,0,0,0,37481257,22091915,406251,87,51,0,0,99999,
OWID_OCE,大洋洲,大洋洲,2021/10/7,200415,2885,2522.714,2326,25,19.143,4637.094,53.818,0,0,0,0,0,0,0,37894811,22232373,413554,88,51,0,0,99999,
OWID_OCE,大洋洲,大洋洲,2021/10/8,203523,3108,2580.429,2348,22,19.143,4709.005,54.327,0,0,0,0,0,0,0,38311538,22363861,416727,89,52,0,0,99999,
OWID_OCE,大洋洲,大洋洲,2021/10/9,206031,2508,2630.143,2359,11,18.714,4767.034,54.581,0,0,0,0,0,0,0,38629413,22455027,317875,89,52,0,0,99999,
OWID_OCE,大洋洲,大洋洲,2021/10/10,208791,2760,2726.286,2375,16,19.143,4830.894,54.951,0,0,0,0,0,0,0,38837378,22515102,207965,90,52,0,0,99999,
OWID_OCE,大洋洲,大洋洲,2021/10/11,210720,1929,2602.286,2388,13,19.286,4875.526,55.252,0,0,0,0,0,0,0,39219334,22628322,381956,91,52,0,0,99999,
OWID_OCE,大洋洲,大洋洲,2021/10/12,213143,2423,2598.429,2412,24,19,4931.588,55.808,0,0,0,0,0,0,0,39735310,22783736,515976,92,53,0,0,99999,
OWID_OCE,大洋洲,大洋洲,2021/10/13,216336,3193,2686.571,2450,38,21.286,5005.466,56.687,0,0,0,0,0,0,0,40123149,22892417,387839,93,53,0,0,99999,
OWID_OCE,大洋洲,大洋洲,2021/10/14,219349,3013,2704.857,2465,15,19.857,5075.179,57.034,0,0,0,0,0,0,0,40504200,23001288,381051,94,53,0,0,99999,
OWID_OCE,大洋洲,大洋洲,2021/10/15,221755,2406,2604.571,2473,8,17.857,5130.848,57.219,0,0,0,0,0,0,0,40873086,23103556,368886,95,53,0,0,99999,
OWID_OCE,大洋洲,大洋洲,2021/10/16,223980,2225,2564.143,2490,17,18.714,5182.329,57.612,0,0,0,0,0,0,0,41200285,23195018,327199,95,54,0,0,99999,
OWID_OCE,大洋洲,大洋洲,2021/10/17,226103,2123,2473.143,2501,11,18,5231.449,57.867,0,0,0,0,0,0,0,41389114,23245146,188829,96,54,0,0,99999,
OWID_OCE,大洋洲,大洋洲,2021/10/18,229200,3097,2640,2559,58,24.429,5303.106,59.209,0,0,0,0,0,0,0,41808387,23372685,419273,97,54,0,0,99999,
OWID_OCE,大洋洲,大洋洲,2021/10/19,231856,2656,2673.286,2581,22,24.143,5364.559,59.718,0,0,0,0,0,0,0,42126790,23463510,318403,97,54,0,0,99999,
OWID_OCE,大洋洲,大洋洲,2021/10/20,234978,3122,2663.143,2594,13,20.571,5436.794,60.019,0,0,0,0,0,0,0,42444534,23553901,317744,98,54,0,0,99999,
OWID_OCE,大洋洲,大洋洲,2021/10/21,238044,3066,2670.714,2628,34,23.286,5507.734,60.805,0,0,0,0,0,0,0,42763289,23642221,318755,99,55,0,0,99999,
OWID_OCE,大洋洲,大洋洲,2021/10/22,240677,2633,2703.143,2653,25,25.714,5568.655,61.384,0,0,0,0,0,0,0,43079799,23726035,316510,100,55,0,0,99999,
OWID_OCE,大洋洲,大洋洲,2021/10/23,242935,2258,2707.857,2668,15,25.429,5620.899,61.731,0,0,0,0,0,0,0,43314396,23787266,234597,100,55,0,0,99999,
OWID_OCE,大洋洲,大洋洲,2021/10/24,245626,2691,2789,2685,17,26.286,5683.162,62.124,0,0,0,0,0,0,0,43459043,23832913,144647,101,55,0,0,99999,
OWID_OCE,大洋洲,大洋洲,2021/10/25,247804,2178,2657.714,2690,5,18.714,5733.555,62.24,0,0,0,0,0,0,0,43883896,23989929,424853,102,56,0,0,99999,
OWID_OCE,大洋洲,大洋洲,2021/10/26,250045,2241,2598.429,2706,16,17.857,5785.406,62.61,0,0,0,0,0,0,0,44150600,24064688,266704,102,56,0,0,99999,
OWID_OCE,大洋洲,大洋洲,2021/10/27,252510,2465,2504.571,2733,27,19.857,5842.44,63.235,0,0,0,0,0,0,0,44407787,24135680,257187,103,56,0,0,99999,
OWID_OCE,大洋洲,大洋洲,2021/10/28,254861,2351,2402.429,2755,22,18.143,5896.836,63.744,0,0,0,0,0,0,0,44676691,24209018,268904,103,56,0,0,99999,
OWID_OCE,大洋洲,大洋洲,2021/10/29,256959,2098,2326,2792,37,19.857,5945.379,64.6,0,0,0,0,0,0,0,44926967,24272456,250276,104,56,0,0,99999,
OWID_OCE,大洋洲,大洋洲,2021/10/30,258287,1328,2193.143,2805,13,19.571,5976.105,64.901,0,0,0,0,0,0,0,45111923,24316424,184956,104,56,0,0,99999,
OWID_OCE,大洋洲,大洋洲,2021/10/31,260526,2239,2128.571,2816,11,18.714,6027.91,65.155,0,0,0,0,0,0,0,45219413,24344582,107490,105,56,0,0,99999,
OWID_OCE,大洋洲,大洋洲,2021/11/1,261927,1401,2017.571,2829,13,19.857,6060.326,65.456,0,0,0,0,0,0,0,45528087,24423638,308674,105,57,0,0,99999,
OWID_OCE,大洋洲,大洋洲,2021/11/2,263369,1442,1903.429,2856,27,21.429,6093.69,66.081,0,0,0,0,0,0,0,45721825,24469440,193738,106,57,0,0,99999,
OWID_OCE,大洋洲,大洋洲,2021/11/3,266050,2681,1934.286,2876,20,20.429,6155.721,66.543,0,0,0,0,0,0,0,45944047,24514798,222222,106,57,0,0,99999,
OWID_OCE,大洋洲,大洋洲,2021/11/4,267796,1746,1847.857,2891,15,19.429,6196.12,66.89,0,0,0,0,0,0,0,46164834,24562898,220787,107,57,0,0,99999,
OWID_OCE,大洋洲,大洋洲,2021/11/5,269849,2053,1841.429,2917,26,17.857,6243.621,67.492,0,0,0,0,0,0,0,46390066,24612673,225232,107,57,0,0,99999,
OWID_OCE,大洋洲,大洋洲,2021/11/6,271350,1501,1866.143,2927,10,17.429,6278.35,67.723,0,0,0,0,0,0,0,46545080,24644288,155014,108,57,0,0,99999,
OWID_OCE,大洋洲,大洋洲,2021/11/7,272998,1648,1781.714,2941,14,17.857,6316.481,68.047,0,0,0,0,0,0,0,46625818,24664789,80738,108,57,0,0,99999,
OWID_OCE,大洋洲,大洋洲,2021/11/8,274780,1782,1836.143,2956,15,18.143,6357.712,68.394,0,0,0,0,0,0,0,46860151,24742473,234333,108,57,0,0,99999,
OWID_OCE,大洋洲,大洋洲,2021/11/9,276230,1450,1837.286,2979,23,17.571,6391.261,68.926,0,0,0,0,0,0,0,47031884,24784017,171733,109,57,0,0,99999,
OWID_OCE,大洋洲,大洋洲,2021/11/10,278415,2185,1766.429,2990,11,16.286,6441.816,69.181,0,0,0,0,0,0,0,47208110,24833636,176226,109,57,0,0,99999,
OWID_OCE,大洋洲,大洋洲,2021/11/11,280127,1712,1761.571,3001,11,15.714,6481.428,69.436,0,0,0,0,0,0,0,47393069,24889038,184959,110,58,0,0,99999,
OWID_OCE,大洋洲,大洋洲,2021/11/12,282045,1918,1742.286,3020,19,14.714,6525.805,69.875,0,0,0,0,0,0,0,47576452,24943533,183383,110,58,0,0,99999,
OWID_OCE,大洋洲,大洋洲,2021/11/13,283573,1528,1746.143,3025,5,14,6561.159,69.991,0,0,0,0,0,0,0,47694074,24978339,117622,110,58,0,0,99999,
OWID_OCE,大洋洲,大洋洲,2021/11/14,284865,1292,1695.286,3038,13,13.857,6591.053,70.292,0,0,0,0,0,0,0,47770058,25004093,75984,111,58,0,0,99999,
OWID_OCE,大洋洲,大洋洲,2021/11/15,286165,1300,1626.429,3064,26,15.429,6621.132,70.893,0,0,0,0,0,0,0,47987115,25081101,217057,111,58,0,0,99999,
OWID_OCE,大洋洲,大洋洲,2021/11/16,287659,1494,1632.714,3073,9,13.429,6655.699,71.101,0,0,0,0,0,0,0,48144672,25128389,157557,111,58,0,0,99999,
OWID_OCE,大洋洲,大洋洲,2021/11/17,289391,1732,1568,3088,15,14,6695.773,71.448,0,0,0,0,0,0,0,48293607,25173097,148935,112,58,0,0,99999,
OWID_OCE,大洋洲,大洋洲,2021/11/18,291096,1705,1567,3102,14,14.429,6735.222,71.772,0,0,0,0,0,0,0,48442240,25218707,148633,112,58,0,0,99999,
OWID_OCE,大洋洲,大洋洲,2021/11/19,293321,2225,1610.857,3157,55,19.571,6786.703,73.045,0,0,0,0,0,0,0,48585246,25260204,143006,112,58,0,0,99999,
OWID_OCE,大洋洲,大洋洲,2021/11/20,294935,1614,1623.143,3163,6,19.714,6824.047,73.184,0,0,0,0,0,0,0,48678890,25287601,93644,113,59,0,0,99999,
OWID_OCE,大洋洲,大洋洲,2021/11/21,296766,1831,1700.143,3170,7,18.857,6866.412,73.346,0,0,0,0,0,0,0,48712117,25298552,33227,113,59,0,0,99999,
OWID_OCE,大洋洲,大洋洲,2021/11/22,298030,1264,1695,3233,63,24.143,6895.658,74.803,0,0,0,0,0,0,0,49069089,25447783,356972,114,59,0,0,99999,
OWID_OCE,大洋洲,大洋洲,2021/11/23,299843,1813,1740.571,3238,5,23.571,6937.606,74.919,0,0,0,0,0,0,0,49196626,25486171,127537,114,59,0,0,99999,
OWID_OCE,大洋洲,大洋洲,2021/11/24,301658,1815,1752.429,3257,19,24.143,6979.6,75.359,0,0,0,0,0,0,0,49302398,25517425,105772,114,59,0,0,99999,
OWID_OCE,大洋洲,大洋洲,2021/11/25,303601,1943,1786.429,3265,8,23.286,7024.556,75.544,0,0,0,0,0,0,0,49408304,25547384,105906,114,59,0,0,99999,
OWID_OCE,大洋洲,大洋洲,2021/11/26,305309,1708,1712.571,3271,6,16.286,7064.075,75.683,0,0,0,0,0,0,0,49568260,25594542,159956,115,59,0,0,99999,
OWID_OCE,大洋洲,大洋洲,2021/11/27,306690,1381,1679.286,3276,5,16.143,7096.028,75.798,0,0,0,0,0,0,0,0,0,0,0,0,0,0,99999,
