ID,iso_code,洲名,國家,日期,總確診數,新增確診數,七天移動平均新增確診數,總死亡數,新增死亡數,七天移動平均新增死亡數,每百萬人確診數,每百萬人死亡數,傳染率,陽性率,每確診案例相對檢驗數量,疫苗總接種總劑數,疫苗總接種人數,疫苗新增接種劑數,每百人接種疫苗劑數,每百人接種疫苗人數,疫情控管指數,解除隔離數,解封指數
133738,OWID_WRL,全球,全球,2020/1/22,557,0,0,17,0,0,0.071,0.002,0,0,0,0,0,0,0,0,0,0,99999
133739,OWID_WRL,全球,全球,2020/1/23,655,98,0,18,1,0,0.083,0.002,3.1,0,0,0,0,0,0,0,0,0,99999
133740,OWID_WRL,全球,全球,2020/1/24,941,286,0,26,8,0,0.119,0.003,3.28,0,0,0,0,0,0,0,0,0,99999
133741,OWID_WRL,全球,全球,2020/1/25,1434,493,0,42,16,0,0.182,0.005,3.44,0,0,0,0,0,0,0,0,0,99999
133742,OWID_WRL,全球,全球,2020/1/26,2118,684,0,56,14,0,0.269,0.007,3.5,0,0,0,0,0,0,0,0,0,99999
133743,OWID_WRL,全球,全球,2020/1/27,2927,809,0,82,26,0,0.372,0.01,3.55,0,0,0,0,0,0,0,0,0,99999
133744,OWID_WRL,全球,全球,2020/1/28,5578,2651,717.286,131,49,16.286,0.708,0.017,3.53,0,0,0,0,0,0,0,0,0,99999
133745,OWID_WRL,全球,全球,2020/1/29,6167,589,801.429,133,2,16.571,0.783,0.017,3.22,0,0,0,0,0,0,0,0,0,99999
133746,OWID_WRL,全球,全球,2020/1/30,8235,2068,1082.857,171,38,21.857,1.046,0.022,3.01,0,0,0,0,0,0,0,0,0,99999
133747,OWID_WRL,全球,全球,2020/1/31,9927,1692,1283.714,213,42,26.714,1.261,0.027,2.81,0,0,0,0,0,0,0,0,0,99999
133748,OWID_WRL,全球,全球,2020/2/1,12038,2111,1514.857,259,46,31,1.529,0.033,2.67,0,0,0,0,0,0,0,0,0,99999
133749,OWID_WRL,全球,全球,2020/2/2,16787,4749,2095.571,362,103,43.714,2.132,0.046,2.57,0,0,0,0,0,0,0,0,0,99999
133750,OWID_WRL,全球,全球,2020/2/3,19887,3100,2422.857,426,64,49.143,2.525,0.054,2.35,0,0,0,0,0,0,0,0,0,99999
133751,OWID_WRL,全球,全球,2020/2/4,23898,4011,2617.143,492,66,51.571,3.035,0.062,2.13,0,0,0,0,0,0,0,0,0,99999
133752,OWID_WRL,全球,全球,2020/2/5,27643,3745,3068,564,72,61.571,3.51,0.072,1.99,0,0,0,0,0,0,0,0,0,99999
133753,OWID_WRL,全球,全球,2020/2/6,30805,3162,3224.286,634,70,66.143,3.912,0.081,1.78,0,0,0,0,0,0,0,0,0,99999
133754,OWID_WRL,全球,全球,2020/2/7,34399,3594,3496,719,85,72.286,4.368,0.091,1.66,0,0,0,0,0,0,0,0,0,99999
133755,OWID_WRL,全球,全球,2020/2/8,37130,2731,3584.571,806,87,78.143,4.715,0.102,1.55,0,0,0,0,0,0,0,0,0,99999
133756,OWID_WRL,全球,全球,2020/2/9,40161,3031,3339.143,906,100,77.714,5.1,0.115,1.47,0,0,0,0,0,0,0,0,0,99999
133757,OWID_WRL,全球,全球,2020/2/10,42769,2608,3268.857,1013,107,83.857,5.431,0.129,1.45,0,0,0,0,0,0,0,0,0,99999
133758,OWID_WRL,全球,全球,2020/2/11,44811,2042,2987.571,1113,100,88.714,5.69,0.141,1.44,0,0,0,0,0,0,0,0,0,99999
133759,OWID_WRL,全球,全球,2020/2/12,45229,418,2512.286,1118,5,79.143,5.743,0.142,1.55,0,0,0,0,0,0,0,0,0,99999
133760,OWID_WRL,全球,全球,2020/2/13,60381,15152,4225.143,1371,253,105.286,7.667,0.174,1.7,0,0,0,0,0,0,0,0,0,99999
133761,OWID_WRL,全球,全球,2020/2/14,66909,6528,4644.286,1523,152,114.857,8.496,0.193,1.47,0,0,0,0,0,0,0,0,0,99999
133762,OWID_WRL,全球,全球,2020/2/15,69052,2143,4560.286,1666,143,122.857,8.769,0.212,1.21,0,0,0,0,0,0,0,0,0,99999
133763,OWID_WRL,全球,全球,2020/2/16,71235,2183,4439.143,1770,104,123.429,9.046,0.225,1.02,0,0,0,0,0,0,0,0,0,99999
133764,OWID_WRL,全球,全球,2020/2/17,73270,2035,4357.286,1868,98,122.143,9.304,0.237,0.87,0,0,0,0,0,0,0,0,0,99999
133765,OWID_WRL,全球,全球,2020/2/18,75152,1882,4334.429,2008,140,127.857,9.543,0.255,0.75,0,0,0,0,0,0,0,0,0,99999
133766,OWID_WRL,全球,全球,2020/2/19,75652,500,4346.143,2123,115,143.571,9.607,0.27,0.67,0,0,0,0,0,0,0,0,0,99999
133767,OWID_WRL,全球,全球,2020/2/20,76212,560,2261.571,2248,125,125.286,9.678,0.285,0.58,0,0,0,0,0,0,0,0,0,99999
133768,OWID_WRL,全球,全球,2020/2/21,76841,629,1418.857,2252,4,104.143,9.758,0.286,0.57,0,0,0,0,0,0,0,0,0,99999
133769,OWID_WRL,全球,全球,2020/2/22,78602,1761,1364.286,2459,207,113.286,9.981,0.312,0.59,0,0,0,0,0,0,0,0,0,99999
133770,OWID_WRL,全球,全球,2020/2/23,78982,380,1106.714,2470,11,100,10.03,0.314,0.59,0,0,0,0,0,0,0,0,0,99999
133771,OWID_WRL,全球,全球,2020/2/24,79550,568,897.143,2630,160,108.857,10.102,0.334,0.63,0,0,0,0,0,0,0,0,0,99999
133772,OWID_WRL,全球,全球,2020/2/25,80404,854,750.286,2710,80,100.286,10.21,0.344,0.69,0,0,0,0,0,0,0,0,0,99999
133773,OWID_WRL,全球,全球,2020/2/26,81381,977,818.429,2771,61,92.571,10.334,0.352,0.79,0,0,0,0,0,0,0,0,0,99999
133774,OWID_WRL,全球,全球,2020/2/27,82740,1359,932.571,2814,43,80.857,10.507,0.357,0.87,0,0,0,0,0,0,0,0,0,99999
133775,OWID_WRL,全球,全球,2020/2/28,84128,1388,1041,2873,59,88.714,10.683,0.365,0.97,0,0,0,0,0,0,0,0,0,99999
133776,OWID_WRL,全球,全球,2020/2/29,86022,1894,1060,2943,70,69.143,10.923,0.374,1.1,0,0,0,0,0,0,0,0,0,99999
133777,OWID_WRL,全球,全球,2020/3/1,88400,2378,1345.429,2997,54,75.286,11.225,0.381,1.2,0,0,0,0,0,0,0,0,0,99999
133778,OWID_WRL,全球,全球,2020/3/2,90379,1979,1547,3086,89,65.143,11.477,0.392,1.28,0,0,0,0,0,0,0,0,0,99999
133779,OWID_WRL,全球,全球,2020/3/3,92980,2601,1796.571,3160,74,64.286,11.807,0.401,1.35,0,0,0,0,0,0,0,0,0,99999
133780,OWID_WRL,全球,全球,2020/3/4,95282,2302,1985.857,3255,95,69.143,12.099,0.413,1.42,0,0,0,0,0,0,0,0,0,99999
133781,OWID_WRL,全球,全球,2020/3/5,98100,2818,2194.286,3348,93,76.286,12.457,0.425,1.49,0,0,0,0,0,0,0,0,0,99999
133782,OWID_WRL,全球,全球,2020/3/6,102016,3916,2555.429,3461,113,84,12.954,0.439,1.58,0,0,0,0,0,0,0,0,0,99999
133783,OWID_WRL,全球,全球,2020/3/7,106113,4097,2870.143,3565,104,88.857,13.475,0.453,1.64,0,0,0,0,0,0,0,0,0,99999
133784,OWID_WRL,全球,全球,2020/3/8,110051,3938,3093,3805,240,115.429,13.975,0.483,1.7,0,0,0,0,0,0,0,0,0,99999
133785,OWID_WRL,全球,全球,2020/3/9,114232,4181,3407.571,3995,190,129.857,14.506,0.507,1.77,0,0,0,0,0,0,0,0,0,99999
133786,OWID_WRL,全球,全球,2020/3/10,119055,4823,3725,4271,276,158.714,15.118,0.542,1.85,0,0,0,0,0,0,0,0,0,99999
133787,OWID_WRL,全球,全球,2020/3/11,126714,7659,4490.286,4616,345,194.429,16.091,0.586,1.94,0,0,0,0,0,0,0,0,0,99999
133788,OWID_WRL,全球,全球,2020/3/12,132513,5799,4916.143,4925,309,225.286,16.827,0.625,2,0,0,0,0,0,0,0,0,0,99999
133789,OWID_WRL,全球,全球,2020/3/13,146864,14351,6406.857,5417,492,279.429,18.649,0.688,2.09,0,0,0,0,0,0,0,0,0,99999
133790,OWID_WRL,全球,全球,2020/3/14,157962,11098,7407,5838,421,324.714,20.059,0.741,2.09,0,0,0,0,0,0,0,0,0,99999
133791,OWID_WRL,全球,全球,2020/3/15,169241,11279,8455.714,6483,645,382.571,21.491,0.823,2.08,0,0,0,0,0,0,0,0,0,99999
133792,OWID_WRL,全球,全球,2020/3/16,184034,14793,9971.714,7175,692,454.286,23.369,0.911,2.08,0,0,0,0,0,0,0,0,0,99999
133793,OWID_WRL,全球,全球,2020/3/17,200039,16005,11569.143,7990,815,531.286,25.402,1.015,2.09,0,0,0,0,0,0,0,0,0,99999
133794,OWID_WRL,全球,全球,2020/3/18,219586,19547,13267.429,8907,917,613,27.884,1.131,2.1,0,0,0,0,0,0,0,0,0,99999
133795,OWID_WRL,全球,全球,2020/3/19,246684,27098,16310.143,10023,1116,728.286,31.325,1.273,2.11,0,0,0,0,0,0,0,0,0,99999
133796,OWID_WRL,全球,全球,2020/3/20,277565,30881,18671.571,11519,1496,871.714,35.247,1.463,2.08,0,0,0,0,0,0,0,0,0,99999
133797,OWID_WRL,全球,全球,2020/3/21,309680,32115,21674,13242,1723,1057.714,39.325,1.682,2.06,0,0,0,0,0,0,0,0,0,99999
133798,OWID_WRL,全球,全球,2020/3/22,344821,35141,25082.857,14927,1685,1206.286,43.787,1.896,2.02,0,0,0,0,0,0,0,0,0,99999
133799,OWID_WRL,全球,全球,2020/3/23,387488,42667,29064.857,16885,1958,1387.143,49.205,2.144,1.98,0,0,0,0,0,0,0,0,0,99999
133800,OWID_WRL,全球,全球,2020/3/24,428574,41086,32647.857,19195,2310,1600.714,54.422,2.437,1.93,0,0,0,0,0,0,0,0,0,99999
133801,OWID_WRL,全球,全球,2020/3/25,479663,51089,37153.857,22019,2824,1873.143,60.91,2.796,1.89,0,0,0,0,0,0,0,0,0,99999
133802,OWID_WRL,全球,全球,2020/3/26,542525,62862,42263,25059,3040,2148,68.892,3.182,1.84,0,0,0,0,0,0,0,0,0,99999
133803,OWID_WRL,全球,全球,2020/3/27,607435,64910,47124.286,28544,3485,2432.143,77.135,3.625,1.77,0,0,0,0,0,0,0,0,0,99999
133804,OWID_WRL,全球,全球,2020/3/28,677100,69665,52488.571,32380,3836,2734,85.981,4.112,1.71,0,0,0,0,0,0,0,0,0,99999
133805,OWID_WRL,全球,全球,2020/3/29,734000,56900,55597,35857,3477,2990,93.207,4.553,1.63,0,0,0,0,0,0,0,0,0,99999
133806,OWID_WRL,全球,全球,2020/3/30,799279,65279,58827.286,39938,4081,3293.286,101.496,5.072,1.58,0,0,0,0,0,0,0,0,0,99999
133807,OWID_WRL,全球,全球,2020/3/31,876098,76819,63932,44670,4732,3639.286,111.251,5.672,1.54,0,0,0,0,0,0,0,0,0,99999
133808,OWID_WRL,全球,全球,2020/4/1,959013,82915,68478.571,50684,6014,4095,121.78,6.436,1.48,0,0,0,0,0,0,0,0,0,99999
133809,OWID_WRL,全球,全球,2020/4/2,1041924,82911,71342.714,56576,5892,4502.429,132.308,7.184,1.41,0,0,0,0,0,0,0,0,0,99999
133810,OWID_WRL,全球,全球,2020/4/3,1126239,84315,74114.857,62754,6178,4887.143,143.015,7.969,1.34,0,0,0,0,0,0,0,0,0,99999
133811,OWID_WRL,全球,全球,2020/4/4,1185172,58933,72581.714,68734,5980,5193.429,150.499,8.728,1.29,0,0,0,0,0,0,0,0,0,99999
133812,OWID_WRL,全球,全球,2020/4/5,1256278,70257,74489.857,73977,5243,5445.714,159.528,9.394,1.26,0,0,0,0,0,0,0,0,0,99999
133813,OWID_WRL,全球,全球,2020/4/6,1330152,73874,75717.714,79912,5935,5710.571,168.909,10.148,1.24,0,0,0,0,0,0,0,0,0,99999
133814,OWID_WRL,全球,全球,2020/4/7,1399553,69401,74658,88223,8311,6221.857,177.722,11.203,1.22,0,0,0,0,0,0,0,0,0,99999
133815,OWID_WRL,全球,全球,2020/4/8,1482877,83324,74716.429,95052,6829,6338.286,188.303,12.07,1.21,0,0,0,0,0,0,0,0,0,99999
133816,OWID_WRL,全球,全球,2020/4/9,1570233,87356,75351.429,102920,7868,6620.571,199.396,13.069,1.19,0,0,0,0,0,0,0,0,0,99999
133817,OWID_WRL,全球,全球,2020/4/10,1655623,85390,75505,110337,7417,6797.571,210.239,14.011,1.17,0,0,0,0,0,0,0,0,0,99999
133818,OWID_WRL,全球,全球,2020/4/11,1730100,74477,77725.571,116623,6286,6841.286,219.696,14.809,1.17,0,0,0,0,0,0,0,0,0,99999
133819,OWID_WRL,全球,全球,2020/4/12,1849635,119535,84765.286,122563,5940,6940.857,234.875,15.564,1.17,0,0,0,0,0,0,0,0,0,99999
133820,OWID_WRL,全球,全球,2020/4/13,1920621,70986,84352.714,128582,6019,6952.857,243.889,16.328,1.14,0,0,0,0,0,0,0,0,0,99999
133821,OWID_WRL,全球,全球,2020/4/14,2004469,83848,86416.571,135687,7105,6780.571,254.537,17.23,1.11,0,0,0,0,0,0,0,0,0,99999
133822,OWID_WRL,全球,全球,2020/4/15,2082629,78160,85678.857,144231,8544,7025.571,264.462,18.315,1.08,0,0,0,0,0,0,0,0,0,99999
133823,OWID_WRL,全球,全球,2020/4/16,2178015,95386,86826,151650,7419,6961.429,276.575,19.257,1.06,0,0,0,0,0,0,0,0,0,99999
133824,OWID_WRL,全球,全球,2020/4/17,2266210,88195,87226.714,160151,8501,7116.286,287.774,20.337,1.04,0,0,0,0,0,0,0,0,0,99999
133825,OWID_WRL,全球,全球,2020/4/18,2343459,77249,87622.714,166353,6202,7104.286,297.583,21.124,1.03,0,0,0,0,0,0,0,0,0,99999
133826,OWID_WRL,全球,全球,2020/4/19,2420285,76826,81521.429,171704,5351,7020.143,307.339,21.804,1.02,0,0,0,0,0,0,0,0,0,99999
133827,OWID_WRL,全球,全球,2020/4/20,2495724,75439,82157.571,177752,6048,7024.286,316.919,22.572,1.01,0,0,0,0,0,0,0,0,0,99999
133828,OWID_WRL,全球,全球,2020/4/21,2571680,75956,81030.143,185154,7402,7066.714,326.564,23.512,1.01,0,0,0,0,0,0,0,0,0,99999
133829,OWID_WRL,全球,全球,2020/4/22,2653519,81839,81555.714,192181,7027,6850,336.956,24.404,1,0,0,0,0,0,0,0,0,0,99999
133830,OWID_WRL,全球,全球,2020/4/23,2737033,83514,79859.714,199179,6998,6789.857,347.561,25.293,0.99,0,0,0,0,0,0,0,0,0,99999
133831,OWID_WRL,全球,全球,2020/4/24,2820960,83927,79250,206093,6914,6563.143,358.219,26.171,0.99,0,0,0,0,0,0,0,0,0,99999
133832,OWID_WRL,全球,全球,2020/4/25,2903927,82967,80066.857,211977,5884,6517.714,368.754,26.918,0.99,0,0,0,0,0,0,0,0,0,99999
133833,OWID_WRL,全球,全球,2020/4/26,2975368,71441,79297.571,216230,4253,6360.857,377.826,27.458,0.99,0,0,0,0,0,0,0,0,0,99999
133834,OWID_WRL,全球,全球,2020/4/27,3045572,70204,78549.714,221160,4930,6201.143,386.741,28.084,0.99,0,0,0,0,0,0,0,0,0,99999
133835,OWID_WRL,全球,全球,2020/4/28,3121378,75806,78528.286,227995,6835,6120.143,396.367,28.952,1,0,0,0,0,0,0,0,0,0,99999
133836,OWID_WRL,全球,全球,2020/4/29,3198366,76988,77835.286,234942,6947,6108.714,406.143,29.834,1,0,0,0,0,0,0,0,0,0,99999
133837,OWID_WRL,全球,全球,2020/4/30,3281736,83370,77814.714,240996,6054,5973.857,416.73,30.603,1,0,0,0,0,0,0,0,0,0,99999
133838,OWID_WRL,全球,全球,2020/5/1,3370333,88597,78481.857,246467,5471,5767.714,427.981,31.298,1.01,0,0,0,0,0,0,0,0,0,99999
133839,OWID_WRL,全球,全球,2020/5/2,3449993,79660,78009.429,252311,5844,5762,438.096,32.04,1.01,0,0,0,0,0,0,0,0,0,99999
133840,OWID_WRL,全球,全球,2020/5/3,3524895,74902,78503.857,256158,3847,5704,447.608,32.528,1.02,0,0,0,0,0,0,0,0,0,99999
133841,OWID_WRL,全球,全球,2020/5/4,3602083,77188,79501.571,260710,4552,5650,457.409,33.106,1.03,0,0,0,0,0,0,0,0,0,99999
133842,OWID_WRL,全球,全球,2020/5/5,3682186,80103,80115.429,266837,6127,5548.857,467.581,33.884,1.03,0,0,0,0,0,0,0,0,0,99999
133843,OWID_WRL,全球,全球,2020/5/6,3772588,90402,82031.714,273722,6885,5540,479.061,34.759,1.04,0,0,0,0,0,0,0,0,0,99999
133844,OWID_WRL,全球,全球,2020/5/7,3861478,88890,82820.286,279419,5697,5489,490.349,35.482,1.03,0,0,0,0,0,0,0,0,0,99999
133845,OWID_WRL,全球,全球,2020/5/8,3952059,90581,83103.714,285347,5928,5554.286,501.851,36.235,1.03,0,0,0,0,0,0,0,0,0,99999
133846,OWID_WRL,全球,全球,2020/5/9,4036214,84155,83745.857,289933,4586,5374.571,512.537,36.817,1.03,0,0,0,0,0,0,0,0,0,99999
133847,OWID_WRL,全球,全球,2020/5/10,4111910,75696,83859.286,293974,4041,5402.286,522.15,37.33,1.03,0,0,0,0,0,0,0,0,0,99999
133848,OWID_WRL,全球,全球,2020/5/11,4188263,76353,83740,297890,3916,5311.429,531.845,37.827,1.04,0,0,0,0,0,0,0,0,0,99999
133849,OWID_WRL,全球,全球,2020/5/12,4272702,84439,84359.429,303770,5880,5276.143,542.568,38.574,1.04,0,0,0,0,0,0,0,0,0,99999
133850,OWID_WRL,全球,全球,2020/5/13,4357656,84954,83581.143,309256,5486,5076.286,553.356,39.271,1.05,0,0,0,0,0,0,0,0,0,99999
133851,OWID_WRL,全球,全球,2020/5/14,4453534,95878,84579.429,314838,5582,5059.857,565.531,39.98,1.05,0,0,0,0,0,0,0,0,0,99999
133852,OWID_WRL,全球,全球,2020/5/15,4549685,96151,85375.143,320474,5636,5018.143,577.74,40.695,1.06,0,0,0,0,0,0,0,0,0,99999
133853,OWID_WRL,全球,全球,2020/5/16,4643963,94278,86821.286,325024,4550,5013,589.712,41.273,1.07,0,0,0,0,0,0,0,0,0,99999
133854,OWID_WRL,全球,全球,2020/5/17,4722390,78427,87211.429,328598,3574,4946.286,599.671,41.727,1.07,0,0,0,0,0,0,0,0,0,99999
133855,OWID_WRL,全球,全球,2020/5/18,4811104,88714,88977.286,332747,4149,4979.571,610.936,42.254,1.08,0,0,0,0,0,0,0,0,0,99999
133856,OWID_WRL,全球,全球,2020/5/19,4907900,96796,90742.571,337874,5127,4872,623.228,42.905,1.09,0,0,0,0,0,0,0,0,0,99999
133857,OWID_WRL,全球,全球,2020/5/20,5010021,102121,93195,343067,5193,4830.143,636.196,43.564,1.09,0,0,0,0,0,0,0,0,0,99999
133858,OWID_WRL,全球,全球,2020/5/21,5116700,106679,94738,348152,5085,4759.143,649.743,44.21,1.09,0,0,0,0,0,0,0,0,0,99999
133859,OWID_WRL,全球,全球,2020/5/22,5223038,106338,96193.286,353809,5657,4762.143,663.246,44.928,1.08,0,0,0,0,0,0,0,0,0,99999
133860,OWID_WRL,全球,全球,2020/5/23,5327487,104449,97646.286,358105,4296,4725.857,676.509,45.474,1.08,0,0,0,0,0,0,0,0,0,99999
133861,OWID_WRL,全球,全球,2020/5/24,5422309,94822,99988.429,361589,3484,4713,688.55,45.916,1.08,0,0,0,0,0,0,0,0,0,99999
133862,OWID_WRL,全球,全球,2020/5/25,5508897,86588,99684.714,363203,1614,4350.857,699.546,46.121,1.08,0,0,0,0,0,0,0,0,0,99999
133863,OWID_WRL,全球,全球,2020/5/26,5601704,92807,99114.857,367844,4641,4281.429,711.331,46.711,1.08,0,0,0,0,0,0,0,0,0,99999
133864,OWID_WRL,全球,全球,2020/5/27,5705239,103535,99316.857,373262,5418,4313.571,724.478,47.399,1.09,0,0,0,0,0,0,0,0,0,99999
133865,OWID_WRL,全球,全球,2020/5/28,5823756,118517,101008,378273,5011,4303,739.528,48.035,1.11,0,0,0,0,0,0,0,0,0,99999
133866,OWID_WRL,全球,全球,2020/5/29,5944871,121115,103119,383420,5147,4230.143,754.908,48.688,1.12,0,0,0,0,0,0,0,0,0,99999
133867,OWID_WRL,全球,全球,2020/5/30,6081732,136861,107749.286,387798,4378,4241.857,772.287,49.244,1.12,0,0,0,0,0,0,0,0,0,99999
133868,OWID_WRL,全球,全球,2020/5/31,6188463,106731,109450.571,390953,3155,4194.857,785.84,49.645,1.12,0,0,0,0,0,0,0,0,0,99999
133869,OWID_WRL,全球,全球,2020/6/1,6284168,95705,110753,394468,3515,4466.429,797.993,50.091,1.11,0,0,0,0,0,0,0,0,0,99999
133870,OWID_WRL,全球,全球,2020/6/2,6405876,121708,114881.714,399670,5202,4546.571,813.448,50.752,1.1,0,0,0,0,0,0,0,0,0,99999
133871,OWID_WRL,全球,全球,2020/6/3,6520059,114183,116402.857,405514,5844,4607.429,827.948,51.494,1.09,0,0,0,0,0,0,0,0,0,99999
133872,OWID_WRL,全球,全球,2020/6/4,6650901,130842,118163.571,410948,5434,4667.857,844.563,52.184,1.09,0,0,0,0,0,0,0,0,0,99999
133873,OWID_WRL,全球,全球,2020/6/5,6781971,131070,119585.714,416001,5053,4654.429,861.206,52.826,1.09,0,0,0,0,0,0,0,0,0,99999
133874,OWID_WRL,全球,全球,2020/6/6,6915859,133888,119161,420215,4214,4631,878.208,53.361,1.09,0,0,0,0,0,0,0,0,0,99999
133875,OWID_WRL,全球,全球,2020/6/7,7028665,112806,120028.857,423398,3183,4635,892.533,53.765,1.09,0,0,0,0,0,0,0,0,0,99999
133876,OWID_WRL,全球,全球,2020/6/8,7129887,101222,120817,427565,4167,4728.143,905.386,54.294,1.08,0,0,0,0,0,0,0,0,0,99999
133877,OWID_WRL,全球,全球,2020/6/9,7254439,124552,121223.286,432765,5200,4727.857,921.203,54.955,1.08,0,0,0,0,0,0,0,0,0,99999
133878,OWID_WRL,全球,全球,2020/6/10,7389759,135320,124242.857,438246,5481,4676,938.386,55.651,1.08,0,0,0,0,0,0,0,0,0,99999
133879,OWID_WRL,全球,全球,2020/6/11,7527045,137286,125163.429,443301,5055,4621.857,955.819,56.292,1.08,0,0,0,0,0,0,0,0,0,99999
133880,OWID_WRL,全球,全球,2020/6/12,7656259,129214,124898.286,448108,4807,4586.714,972.228,56.903,1.08,0,0,0,0,0,0,0,0,0,99999
133881,OWID_WRL,全球,全球,2020/6/13,7791267,135008,125058.286,452550,4442,4619.286,989.372,57.467,1.09,0,0,0,0,0,0,0,0,0,99999
133882,OWID_WRL,全球,全球,2020/6/14,7924003,132736,127905.429,456196,3646,4685.429,1006.227,57.93,1.1,0,0,0,0,0,0,0,0,0,99999
133883,OWID_WRL,全球,全球,2020/6/15,8042351,118348,130352,460034,3838,4638.429,1021.255,58.417,1.1,0,0,0,0,0,0,0,0,0,99999
133884,OWID_WRL,全球,全球,2020/6/16,8183996,141645,132793.857,467130,7096,4909.286,1039.242,59.318,1.11,0,0,0,0,0,0,0,0,0,99999
133885,OWID_WRL,全球,全球,2020/6/17,8328753,144757,134142,472704,5574,4922.571,1057.624,60.026,1.11,0,0,0,0,0,0,0,0,0,99999
133886,OWID_WRL,全球,全球,2020/6/18,8469434,140681,134627,478025,5321,4960.571,1075.488,60.702,1.11,0,0,0,0,0,0,0,0,0,99999
133887,OWID_WRL,全球,全球,2020/6/19,8649622,180188,141909,484407,6382,5185.571,1098.369,61.512,1.12,0,0,0,0,0,0,0,0,0,99999
133888,OWID_WRL,全球,全球,2020/6/20,8807275,157653,145144,488915,4508,5195,1118.389,62.085,1.12,0,0,0,0,0,0,0,0,0,99999
133889,OWID_WRL,全球,全球,2020/6/21,8936131,128856,144589.714,493534,4619,5334,1134.752,62.671,1.12,0,0,0,0,0,0,0,0,0,99999
133890,OWID_WRL,全球,全球,2020/6/22,9074332,138201,147425.857,497252,3718,5316.857,1152.301,63.143,1.13,0,0,0,0,0,0,0,0,0,99999
133891,OWID_WRL,全球,全球,2020/6/23,9241365,167033,151052.714,502810,5558,5097.143,1173.512,63.849,1.13,0,0,0,0,0,0,0,0,0,99999
133892,OWID_WRL,全球,全球,2020/6/24,9414275,172910,155074.571,508369,5559,5095,1195.469,64.555,1.14,0,0,0,0,0,0,0,0,0,99999
133893,OWID_WRL,全球,全球,2020/6/25,9592713,178438,160468.429,513422,5053,5056.714,1218.128,65.197,1.14,0,0,0,0,0,0,0,0,0,99999
133894,OWID_WRL,全球,全球,2020/6/26,9784445,191732,162117.571,518498,5076,4870.143,1242.475,65.841,1.13,0,0,0,0,0,0,0,0,0,99999
133895,OWID_WRL,全球,全球,2020/6/27,9963202,178757,165132.429,523270,4772,4907.857,1265.174,66.447,1.13,0,0,0,0,0,0,0,0,0,99999
133896,OWID_WRL,全球,全球,2020/6/28,10128228,165026,170299.571,526801,3531,4752.429,1286.13,66.896,1.13,0,0,0,0,0,0,0,0,0,99999
133897,OWID_WRL,全球,全球,2020/6/29,10281759,153531,172489.571,530799,3998,4792.429,1305.626,67.403,1.13,0,0,0,0,0,0,0,0,0,99999
133898,OWID_WRL,全球,全球,2020/6/30,10458098,176339,173819,536001,5202,4741.571,1328.018,68.064,1.13,0,0,0,0,0,0,0,0,0,99999
133899,OWID_WRL,全球,全球,2020/7/1,10675383,217285,180158.286,541325,5324,4708,1355.61,68.74,1.13,0,0,0,0,0,0,0,0,0,99999
133900,OWID_WRL,全球,全球,2020/7/2,10885106,209723,184627.571,546794,5469,4767.429,1382.242,69.434,1.13,0,0,0,0,0,0,0,0,0,99999
133901,OWID_WRL,全球,全球,2020/7/3,11087872,202766,186203.857,552109,5315,4801.571,1407.99,70.109,1.12,0,0,0,0,0,0,0,0,0,99999
133902,OWID_WRL,全球,全球,2020/7/4,11284861,196989,188808.429,556907,4798,4805.286,1433.004,70.719,1.11,0,0,0,0,0,0,0,0,0,99999
133903,OWID_WRL,全球,全球,2020/7/5,11468555,183694,191475.286,560749,3842,4849.714,1456.331,71.207,1.11,0,0,0,0,0,0,0,0,0,99999
133904,OWID_WRL,全球,全球,2020/7/6,11632139,163584,192911.429,564898,4149,4871.286,1477.103,71.733,1.11,0,0,0,0,0,0,0,0,0,99999
133905,OWID_WRL,全球,全球,2020/7/7,11841865,209726,197681,571230,6332,5032.714,1503.735,72.537,1.11,0,0,0,0,0,0,0,0,0,99999
133906,OWID_WRL,全球,全球,2020/7/8,12055664,213799,197183,576913,5683,5084,1530.885,73.259,1.1,0,0,0,0,0,0,0,0,0,99999
133907,OWID_WRL,全球,全球,2020/7/9,12280583,224919,199353.857,582712,5799,5131.143,1559.446,73.995,1.1,0,0,0,0,0,0,0,0,0,99999
133908,OWID_WRL,全球,全球,2020/7/10,12513271,232688,203628.429,588378,5666,5181.286,1588.994,74.715,1.1,0,0,0,0,0,0,0,0,0,99999
133909,OWID_WRL,全球,全球,2020/7/11,12731054,217783,206599,593620,5242,5244.714,1616.649,75.381,1.1,0,0,0,0,0,0,0,0,0,99999
133910,OWID_WRL,全球,全球,2020/7/12,12925566,194512,208144.429,597922,4302,5310.429,1641.349,75.927,1.1,0,0,0,0,0,0,0,0,0,99999
133911,OWID_WRL,全球,全球,2020/7/13,13115541,189975,211914.571,602203,4281,5329.286,1665.473,76.471,1.1,0,0,0,0,0,0,0,0,0,99999
133912,OWID_WRL,全球,全球,2020/7/14,13336334,220793,213495.571,608196,5993,5280.857,1693.51,77.232,1.09,0,0,0,0,0,0,0,0,0,99999
133913,OWID_WRL,全球,全球,2020/7/15,13567294,230960,215947.143,614055,5859,5306,1722.838,77.976,1.09,0,0,0,0,0,0,0,0,0,99999
133914,OWID_WRL,全球,全球,2020/7/16,13819150,251856,219795.286,620242,6187,5361.429,1754.82,78.761,1.09,0,0,0,0,0,0,0,0,0,99999
133915,OWID_WRL,全球,全球,2020/7/17,14061932,242782,221237.286,627280,7038,5557.429,1785.65,79.655,1.09,0,0,0,0,0,0,0,0,0,99999
133916,OWID_WRL,全球,全球,2020/7/18,14299213,237281,224022.714,633857,6577,5748.143,1815.781,80.49,1.09,0,0,0,0,0,0,0,0,0,99999
133917,OWID_WRL,全球,全球,2020/7/19,14513627,214414,226865.857,638758,4901,5833.714,1843.008,81.112,1.09,0,0,0,0,0,0,0,0,0,99999
133918,OWID_WRL,全球,全球,2020/7/20,14718982,205355,229063,642543,3785,5762.857,1869.085,81.593,1.09,0,0,0,0,0,0,0,0,0,99999
133919,OWID_WRL,全球,全球,2020/7/21,14953571,234589,231033.857,648952,6409,5822.286,1898.874,82.407,1.1,0,0,0,0,0,0,0,0,0,99999
133920,OWID_WRL,全球,全球,2020/7/22,15233404,279833,238015.714,656310,7358,6036.429,1934.409,83.341,1.1,0,0,0,0,0,0,0,0,0,99999
133921,OWID_WRL,全球,全球,2020/7/23,15516109,282705,242422.714,662950,6640,6101.143,1970.308,84.184,1.09,0,0,0,0,0,0,0,0,0,99999
133922,OWID_WRL,全球,全球,2020/7/24,15798009,281900,248011,669398,6448,6016.857,2006.105,85.003,1.09,0,0,0,0,0,0,0,0,0,99999
133923,OWID_WRL,全球,全球,2020/7/25,16054123,256114,250701.429,675584,6186,5961,2038.628,85.789,1.08,0,0,0,0,0,0,0,0,0,99999
133924,OWID_WRL,全球,全球,2020/7/26,16268493,214370,250695.143,679914,4330,5879.429,2065.849,86.339,1.07,0,0,0,0,0,0,0,0,0,99999
133925,OWID_WRL,全球,全球,2020/7/27,16494310,225817,253618.286,685120,5206,6082.429,2094.525,87,1.07,0,0,0,0,0,0,0,0,0,99999
133926,OWID_WRL,全球,全球,2020/7/28,16744296,249986,255817.857,691735,6615,6111.857,2126.269,87.84,1.06,0,0,0,0,0,0,0,0,0,99999
133927,OWID_WRL,全球,全球,2020/7/29,17032535,288239,257018.714,698780,7045,6067.143,2162.871,88.734,1.06,0,0,0,0,0,0,0,0,0,99999
133928,OWID_WRL,全球,全球,2020/7/30,17312797,280262,256669.714,705459,6679,6072.714,2198.46,89.582,1.05,0,0,0,0,0,0,0,0,0,99999
133929,OWID_WRL,全球,全球,2020/7/31,17603582,290785,257939,711989,6530,6084.429,2235.385,90.412,1.04,0,0,0,0,0,0,0,0,0,99999
133930,OWID_WRL,全球,全球,2020/8/1,17854971,251389,257264,718142,6153,6079.714,2267.308,91.193,1.03,0,0,0,0,0,0,0,0,0,99999
133931,OWID_WRL,全球,全球,2020/8/2,18086360,231389,259695.286,722817,4675,6129,2296.691,91.787,1.03,0,0,0,0,0,0,0,0,0,99999
133932,OWID_WRL,全球,全球,2020/8/3,18292586,206226,256896.571,727571,4754,6064.429,2322.878,92.39,1.02,0,0,0,0,0,0,0,0,0,99999
133933,OWID_WRL,全球,全球,2020/8/4,18546707,254121,257487.286,734543,6972,6115.429,2355.148,93.276,1.02,0,0,0,0,0,0,0,0,0,99999
133934,OWID_WRL,全球,全球,2020/8/5,18824724,278017,256027,742000,7457,6174.286,2390.452,94.223,1.02,0,0,0,0,0,0,0,0,0,99999
133935,OWID_WRL,全球,全球,2020/8/6,19107728,283004,256418.714,748831,6831,6196,2426.389,95.09,1.02,0,0,0,0,0,0,0,0,0,99999
133936,OWID_WRL,全球,全球,2020/8/7,19391720,283992,255448.286,755567,6736,6225.429,2462.451,95.945,1.02,0,0,0,0,0,0,0,0,0,99999
133937,OWID_WRL,全球,全球,2020/8/8,19651372,259652,256628.714,761657,6090,6216.429,2495.423,96.719,1.02,0,0,0,0,0,0,0,0,0,99999
133938,OWID_WRL,全球,全球,2020/8/9,19878408,227036,256006.857,766831,5174,6287.714,2524.253,97.376,1.02,0,0,0,0,0,0,0,0,0,99999
133939,OWID_WRL,全球,全球,2020/8/10,20101896,223488,258472.857,772110,5279,6362.714,2552.633,98.046,1.02,0,0,0,0,0,0,0,0,0,99999
133940,OWID_WRL,全球,全球,2020/8/11,20364163,262267,259636.571,778805,6695,6323.143,2585.937,98.896,1.01,0,0,0,0,0,0,0,0,0,99999
133941,OWID_WRL,全球,全球,2020/8/12,20637571,273408,258978.143,785760,6955,6251.429,2620.655,99.779,1.01,0,0,0,0,0,0,0,0,0,99999
133942,OWID_WRL,全球,全球,2020/8/13,20926983,289412,259893.571,792573,6813,6248.857,2657.406,100.645,1.01,0,0,0,0,0,0,0,0,0,99999
133943,OWID_WRL,全球,全球,2020/8/14,21230383,303400,262666.143,799206,6633,6234.143,2695.933,101.487,1.01,0,0,0,0,0,0,0,0,0,99999
133944,OWID_WRL,全球,全球,2020/8/15,21480882,250499,261358.571,805210,6004,6221.857,2727.743,102.249,1,0,0,0,0,0,0,0,0,0,99999
133945,OWID_WRL,全球,全球,2020/8/16,21696263,215381,259693.571,810028,4818,6171,2755.093,102.861,0.99,0,0,0,0,0,0,0,0,0,99999
133946,OWID_WRL,全球,全球,2020/8/17,21902858,206595,257280.286,814531,4503,6060.143,2781.327,103.433,0.99,0,0,0,0,0,0,0,0,0,99999
133947,OWID_WRL,全球,全球,2020/8/18,22158999,256141,256405.143,821583,7052,6111.143,2813.853,104.328,0.99,0,0,0,0,0,0,0,0,0,99999
133948,OWID_WRL,全球,全球,2020/8/19,22435425,276426,256836.286,828639,7056,6125.571,2848.955,105.224,0.99,0,0,0,0,0,0,0,0,0,99999
133949,OWID_WRL,全球,全球,2020/8/20,22708627,273202,254520.571,835054,6415,6068.714,2883.648,106.039,0.99,0,0,0,0,0,0,0,0,0,99999
133950,OWID_WRL,全球,全球,2020/8/21,22969809,261182,248489.429,840800,5746,5942,2916.814,106.769,0.99,0,0,0,0,0,0,0,0,0,99999
133951,OWID_WRL,全球,全球,2020/8/22,23235385,265576,250643.286,846676,5876,5923.714,2950.538,107.515,1,0,0,0,0,0,0,0,0,0,99999
133952,OWID_WRL,全球,全球,2020/8/23,23441948,206563,249383.571,851024,4348,5856.571,2976.768,108.067,1,0,0,0,0,0,0,0,0,0,99999
133953,OWID_WRL,全球,全球,2020/8/24,23665497,223549,251805.571,855703,4679,5881.714,3005.156,108.661,1,0,0,0,0,0,0,0,0,0,99999
133954,OWID_WRL,全球,全球,2020/8/25,23910116,244619,250159.571,862346,6643,5823.286,3036.218,109.505,1.01,0,0,0,0,0,0,0,0,0,99999
133955,OWID_WRL,全球,全球,2020/8/26,24192421,282305,250999.429,868917,6571,5754,3072.067,110.339,1.01,0,0,0,0,0,0,0,0,0,99999
133956,OWID_WRL,全球,全球,2020/8/27,24477258,284837,252661.571,875139,6222,5726.429,3108.237,111.129,1.02,0,0,0,0,0,0,0,0,0,99999
133957,OWID_WRL,全球,全球,2020/8/28,24760614,283356,255829.286,880977,5838,5739.571,3144.219,111.871,1.02,0,0,0,0,0,0,0,0,0,99999
133958,OWID_WRL,全球,全球,2020/8/29,25025925,265311,255791.429,886660,5683,5712,3177.909,112.592,1.02,0,0,0,0,0,0,0,0,0,99999
133959,OWID_WRL,全球,全球,2020/8/30,25247471,221546,257931.857,891088,4428,5723.429,3206.042,113.155,1.03,0,0,0,0,0,0,0,0,0,99999
133960,OWID_WRL,全球,全球,2020/8/31,25507557,260086,263151.429,895421,4333,5674,3239.069,113.705,1.03,0,0,0,0,0,0,0,0,0,99999
133961,OWID_WRL,全球,全球,2020/9/1,25773600,266043,266212,902083,6662,5676.714,3272.852,114.551,1.03,0,0,0,0,0,0,0,0,0,99999
133962,OWID_WRL,全球,全球,2020/9/2,26056728,283128,266329.571,908351,6268,5633.429,3308.805,115.347,1.02,0,0,0,0,0,0,0,0,0,99999
133963,OWID_WRL,全球,全球,2020/9/3,26338327,281599,265867,914422,6071,5611.857,3344.564,116.118,1.02,0,0,0,0,0,0,0,0,0,99999
133964,OWID_WRL,全球,全球,2020/9/4,26652650,314323,270290.857,920330,5908,5621.857,3384.478,116.868,1.02,0,0,0,0,0,0,0,0,0,99999
133965,OWID_WRL,全球,全球,2020/9/5,26923089,270439,271023.429,925545,5215,5555,3418.82,117.53,1.02,0,0,0,0,0,0,0,0,0,99999
133966,OWID_WRL,全球,全球,2020/9/6,27153448,230359,272282.429,929659,4114,5510.143,3448.072,118.052,1.02,0,0,0,0,0,0,0,0,0,99999
133967,OWID_WRL,全球,全球,2020/9/7,27371631,218183,266296.286,939257,5746,5712,3475.778,119.271,1.01,0,0,0,0,0,0,0,0,0,99999
133968,OWID_WRL,全球,全球,2020/9/8,27612155,240524,262650.714,944373,5116,5491.143,3506.321,119.921,1.01,0,0,0,0,0,0,0,0,0,99999
133969,OWID_WRL,全球,全球,2020/9/9,27897463,285308,262962.143,950550,6177,5478.143,3542.55,120.705,1.02,0,0,0,0,0,0,0,0,0,99999
133970,OWID_WRL,全球,全球,2020/9/10,28197291,299828,265566.286,956573,6023,5471.286,3580.624,121.47,1.03,0,0,0,0,0,0,0,0,0,99999
133971,OWID_WRL,全球,全球,2020/9/11,28519018,321727,266624,962601,6028,5488.429,3621.478,122.236,1.04,0,0,0,0,0,0,0,0,0,99999
133972,OWID_WRL,全球,全球,2020/9/12,28806271,287253,269026,967699,5098,5471.714,3657.955,122.883,1.05,0,0,0,0,0,0,0,0,0,99999
133973,OWID_WRL,全球,全球,2020/9/13,29049207,242936,270822.714,971661,3962,5450,3688.804,123.386,1.05,0,0,0,0,0,0,0,0,0,99999
133974,OWID_WRL,全球,全球,2020/9/14,29311726,262519,277156.429,976177,4516,5274.286,3722.14,123.96,1.05,0,0,0,0,0,0,0,0,0,99999
133975,OWID_WRL,全球,全球,2020/9/15,29597125,285399,283567.143,982789,6612,5488,3758.381,124.799,1.05,0,0,0,0,0,0,0,0,0,99999
133976,OWID_WRL,全球,全球,2020/9/16,29901603,304478,286305.714,988690,5901,5448.571,3797.045,125.548,1.04,0,0,0,0,0,0,0,0,0,99999
133977,OWID_WRL,全球,全球,2020/9/17,30216448,314845,288451,994296,5606,5389,3837.026,126.26,1.04,0,0,0,0,0,0,0,0,0,99999
133978,OWID_WRL,全球,全球,2020/9/18,30542490,326042,289067.429,1000184,5888,5369,3878.428,127.008,1.04,0,0,0,0,0,0,0,0,0,99999
133979,OWID_WRL,全球,全球,2020/9/19,30835250,292760,289854.143,1005556,5372,5408.143,3915.604,127.69,1.04,0,0,0,0,0,0,0,0,0,99999
133980,OWID_WRL,全球,全球,2020/9/20,31087915,252665,291244,1009535,3979,5410.571,3947.689,128.195,1.04,0,0,0,0,0,0,0,0,0,99999
133981,OWID_WRL,全球,全球,2020/9/21,31362521,274606,292970.714,1013858,4323,5383,3982.56,128.744,1.03,0,0,0,0,0,0,0,0,0,99999
133982,OWID_WRL,全球,全球,2020/9/22,31647372,284851,292892.429,1020067,6209,5325.429,4018.731,129.533,1.03,0,0,0,0,0,0,0,0,0,99999
133983,OWID_WRL,全球,全球,2020/9/23,31923374,276002,288824.429,1025684,5617,5284.857,4053.779,130.246,1.02,0,0,0,0,0,0,0,0,0,99999
133984,OWID_WRL,全球,全球,2020/9/24,32277004,353630,294365.143,1032270,6586,5424.857,4098.685,131.082,1.03,0,0,0,0,0,0,0,0,0,99999
133985,OWID_WRL,全球,全球,2020/9/25,32608259,331255,295109.857,1038190,5920,5429.429,4140.749,131.834,1.03,0,0,0,0,0,0,0,0,0,99999
133986,OWID_WRL,全球,全球,2020/9/26,32897181,288922,294561.571,1043770,5580,5459.143,4177.438,132.543,1.02,0,0,0,0,0,0,0,0,0,99999
133987,OWID_WRL,全球,全球,2020/9/27,33149176,251995,294465.857,1047612,3842,5439.571,4209.437,133.031,1.02,0,0,0,0,0,0,0,0,0,99999
133988,OWID_WRL,全球,全球,2020/9/28,33403328,254152,291543.857,1051618,4006,5394.286,4241.711,133.539,1.02,0,0,0,0,0,0,0,0,0,99999
133989,OWID_WRL,全球,全球,2020/9/29,33686197,282869,291260.714,1057721,6103,5379.143,4277.631,134.314,1.02,0,0,0,0,0,0,0,0,0,99999
133990,OWID_WRL,全球,全球,2020/9/30,34012248,326051,298410.571,1064226,6505,5506,4319.034,135.14,1.03,0,0,0,0,0,0,0,0,0,99999
133991,OWID_WRL,全球,全球,2020/10/1,34330972,318724,293424,1073081,8855,5830.143,4359.507,136.265,1.03,0,0,0,0,0,0,0,0,0,99999
133992,OWID_WRL,全球,全球,2020/10/2,34629139,298167,288697.143,1078109,5028,5702.714,4397.37,136.903,1.03,0,0,0,0,0,0,0,0,0,99999
133993,OWID_WRL,全球,全球,2020/10/3,34963369,334230,295169.714,1083563,5454,5684.714,4439.812,137.596,1.05,0,0,0,0,0,0,0,0,0,99999
133994,OWID_WRL,全球,全球,2020/10/4,35223667,260298,296355.857,1087589,4026,5711,4472.866,138.107,1.06,0,0,0,0,0,0,0,0,0,99999
133995,OWID_WRL,全球,全球,2020/10/5,35523108,299441,302825.714,1094590,7001,6138.857,4510.89,138.996,1.07,0,0,0,0,0,0,0,0,0,99999
133996,OWID_WRL,全球,全球,2020/10/6,35849212,326104,309002.143,1100452,5862,6104.429,4552.301,139.741,1.07,0,0,0,0,0,0,0,0,0,99999
133997,OWID_WRL,全球,全球,2020/10/7,36200457,351245,312601.286,1106356,5904,6018.571,4596.903,140.49,1.07,0,0,0,0,0,0,0,0,0,99999
133998,OWID_WRL,全球,全球,2020/10/8,36562098,361641,318732.286,1112712,6356,5661.571,4642.826,141.297,1.07,0,0,0,0,0,0,0,0,0,99999
133999,OWID_WRL,全球,全球,2020/10/9,36923355,361257,327745.143,1118924,6212,5830.714,4688.7,142.086,1.07,0,0,0,0,0,0,0,0,0,99999
134000,OWID_WRL,全球,全球,2020/10/10,37281082,357727,331101.857,1123845,4921,5754.571,4734.126,142.711,1.08,0,0,0,0,0,0,0,0,0,99999
134001,OWID_WRL,全球,全球,2020/10/11,37569099,288017,335061.714,1127977,4132,5769.714,4770.7,143.236,1.08,0,0,0,0,0,0,0,0,0,99999
134002,OWID_WRL,全球,全球,2020/10/12,37860692,291593,333940.571,1132047,4070,5351,4807.728,143.753,1.07,0,0,0,0,0,0,0,0,0,99999
134003,OWID_WRL,全球,全球,2020/10/13,38178943,318251,332818.714,1137400,5353,5278.286,4848.141,144.432,1.08,0,0,0,0,0,0,0,0,0,99999
134004,OWID_WRL,全球,全球,2020/10/14,38560722,381779,337180.714,1143603,6203,5321,4896.621,145.22,1.09,0,0,0,0,0,0,0,0,0,99999
134005,OWID_WRL,全球,全球,2020/10/15,38968102,407380,343714.857,1149691,6088,5282.714,4948.352,145.993,1.1,0,0,0,0,0,0,0,0,0,99999
134006,OWID_WRL,全球,全球,2020/10/16,39379915,411813,350937.143,1156016,6325,5298.857,5000.646,146.796,1.11,0,0,0,0,0,0,0,0,0,99999
134007,OWID_WRL,全球,全球,2020/10/17,39754653,374738,353367.286,1161753,5737,5415.429,5048.232,147.525,1.11,0,0,0,0,0,0,0,0,0,99999
134008,OWID_WRL,全球,全球,2020/10/18,40071406,316753,357472.429,1165383,3630,5343.714,5088.455,147.986,1.12,0,0,0,0,0,0,0,0,0,99999
134009,OWID_WRL,全球,全球,2020/10/19,40457631,386225,370991.286,1170292,4909,5463.571,5137.499,148.609,1.13,0,0,0,0,0,0,0,0,0,99999
134010,OWID_WRL,全球,全球,2020/10/20,40846589,388958,381092.286,1176942,6650,5648.857,5186.891,149.454,1.14,0,0,0,0,0,0,0,0,0,99999
134011,OWID_WRL,全球,全球,2020/10/21,41291344,444755,390088.857,1183799,6857,5742.286,5243.368,150.324,1.14,0,0,0,0,0,0,0,0,0,99999
134012,OWID_WRL,全球,全球,2020/10/22,41763786,472442,399383.429,1189714,5915,5717.571,5303.361,151.075,1.15,0,0,0,0,0,0,0,0,0,99999
134013,OWID_WRL,全球,全球,2020/10/23,42261455,497669,411648.571,1196779,7065,5823.286,5366.557,151.973,1.15,0,0,0,0,0,0,0,0,0,99999
134014,OWID_WRL,全球,全球,2020/10/24,42719223,457768,423510,1202682,5903,5847,5424.687,152.722,1.15,0,0,0,0,0,0,0,0,0,99999
134015,OWID_WRL,全球,全球,2020/10/25,43080496,361273,429870,1206941,4259,5936.857,5470.563,153.263,1.15,0,0,0,0,0,0,0,0,0,99999
134016,OWID_WRL,全球,全球,2020/10/26,43565601,485105,443995.714,1212530,5589,6034,5532.164,153.973,1.16,0,0,0,0,0,0,0,0,0,99999
134017,OWID_WRL,全球,全球,2020/10/27,44036316,470715,455675.286,1220012,7482,6152.857,5591.937,154.923,1.15,0,0,0,0,0,0,0,0,0,99999
134018,OWID_WRL,全球,全球,2020/10/28,44548434,512118,465298.571,1227223,7211,6203.429,5656.969,155.839,1.15,0,0,0,0,0,0,0,0,0,99999
134019,OWID_WRL,全球,全球,2020/10/29,45099125,550691,476477,1234388,7165,6382,5726.898,156.748,1.14,0,0,0,0,0,0,0,0,0,99999
134020,OWID_WRL,全球,全球,2020/10/30,45671261,572136,487115.143,1242016,7628,6462.429,5799.55,157.717,1.14,0,0,0,0,0,0,0,0,0,99999
134021,OWID_WRL,全球,全球,2020/10/31,46149536,478275,490044.714,1248726,6710,6577.714,5860.284,158.569,1.14,0,0,0,0,0,0,0,0,0,99999
134022,OWID_WRL,全球,全球,2020/11/1,46613727,464191,504747.286,1253847,5121,6700.857,5919.229,159.219,1.14,0,0,0,0,0,0,0,0,0,99999
134023,OWID_WRL,全球,全球,2020/11/2,47175018,561291,515631,1260032,6185,6786,5990.505,160.005,1.14,0,0,0,0,0,0,0,0,0,99999
134024,OWID_WRL,全球,全球,2020/11/3,47730993,555975,527811,1269470,9438,7065.429,6061.105,161.203,1.12,0,0,0,0,0,0,0,0,0,99999
134025,OWID_WRL,全球,全球,2020/11/4,48242377,557505,534294.857,1279621,10151,7485.429,6126.043,162.492,1.11,0,0,0,0,0,0,0,0,0,99999
134026,OWID_WRL,全球,全球,2020/11/5,48839702,597325,540956.857,1287726,8105,7619.714,6201.894,163.521,1.11,0,0,0,0,0,0,0,0,0,99999
134027,OWID_WRL,全球,全球,2020/11/6,49484657,644955,551359.571,1297465,9739,7921.286,6283.793,164.758,1.11,0,0,0,0,0,0,0,0,0,99999
134028,OWID_WRL,全球,全球,2020/11/7,50086533,601876,569016.857,1305174,7709,8064,6360.222,165.737,1.11,0,0,0,0,0,0,0,0,0,99999
134029,OWID_WRL,全球,全球,2020/11/8,50571255,484722,571949.857,1311207,6033,8194.286,6421.775,166.503,1.1,0,0,0,0,0,0,0,0,0,99999
134030,OWID_WRL,全球,全球,2020/11/9,51070355,499100,563065.429,1318426,7219,8342,6485.153,167.42,1.09,0,0,0,0,0,0,0,0,0,99999
134031,OWID_WRL,全球,全球,2020/11/10,51630682,560327,563687.143,1328463,10037,8427.571,6556.306,168.694,1.08,0,0,0,0,0,0,0,0,0,99999
134032,OWID_WRL,全球,全球,2020/11/11,52282362,651680,577140.714,1338978,10515,8479.571,6639.059,170.03,1.08,0,0,0,0,0,0,0,0,0,99999
134033,OWID_WRL,全球,全球,2020/11/12,52928805,646443,584157.571,1348746,9768,8717.143,6721.147,171.27,1.07,0,0,0,0,0,0,0,0,0,99999
134034,OWID_WRL,全球,全球,2020/11/13,53581886,653081,585318.429,1358385,9639,8702.857,6804.079,172.494,1.06,0,0,0,0,0,0,0,0,0,99999
134035,OWID_WRL,全球,全球,2020/11/14,54181445,599559,584987.429,1367624,9239,8921.429,6880.213,173.667,1.06,0,0,0,0,0,0,0,0,0,99999
134036,OWID_WRL,全球,全球,2020/11/15,54656951,475506,583670.857,1374220,6596,9001.857,6940.595,174.505,1.05,0,0,0,0,0,0,0,0,0,99999
134037,OWID_WRL,全球,全球,2020/11/16,55187492,530541,588162.429,1382114,7894,9098.286,7007.966,175.507,1.05,0,0,0,0,0,0,0,0,0,99999
134038,OWID_WRL,全球,全球,2020/11/17,55799241,611749,595508.429,1393203,11089,9248.571,7085.649,176.915,1.04,0,0,0,0,0,0,0,0,0,99999
134039,OWID_WRL,全球,全球,2020/11/18,56426686,627445,592046.286,1404651,11448,9381.857,7165.325,178.369,1.04,0,0,0,0,0,0,0,0,0,99999
134040,OWID_WRL,全球,全球,2020/11/19,57081149,654463,593192,1415765,11114,9574.143,7248.431,179.78,1.03,0,0,0,0,0,0,0,0,0,99999
134041,OWID_WRL,全球,全球,2020/11/20,57753895,672746,596001.286,1427564,11799,9882.714,7333.86,181.279,1.03,0,0,0,0,0,0,0,0,0,99999
134042,OWID_WRL,全球,全球,2020/11/21,58344854,590959,594772.714,1436604,9040,9854.286,7408.903,182.427,1.02,0,0,0,0,0,0,0,0,0,99999
134043,OWID_WRL,全球,全球,2020/11/22,58833046,488192,596585,1444041,7437,9974.429,7470.895,183.371,1.02,0,0,0,0,0,0,0,0,0,99999
134044,OWID_WRL,全球,全球,2020/11/23,59355592,522546,595442.857,1452518,8477,10057.714,7537.251,184.448,1.02,0,0,0,0,0,0,0,0,0,99999
134045,OWID_WRL,全球,全球,2020/11/24,59948735,593143,592784.857,1465246,12728,10291.857,7612.571,186.064,1.01,0,0,0,0,0,0,0,0,0,99999
134046,OWID_WRL,全球,全球,2020/11/25,60587755,639020,594438.429,1477391,12145,10391.429,7693.717,187.606,1.01,0,0,0,0,0,0,0,0,0,99999
134047,OWID_WRL,全球,全球,2020/11/26,61176972,589217,585117.571,1488384,10993,10374.143,7768.538,189.002,1,0,0,0,0,0,0,0,0,0,99999
134048,OWID_WRL,全球,全球,2020/11/27,61859794,682822,586557,1499792,11408,10318.286,7855.246,190.451,1.01,0,0,0,0,0,0,0,0,0,99999
134049,OWID_WRL,全球,全球,2020/11/28,62449846,590052,586427.429,1509082,9290,10354,7930.174,191.63,1.02,0,0,0,0,0,0,0,0,0,99999
134050,OWID_WRL,全球,全球,2020/11/29,62939465,489619,586631.286,1516414,7332,10339,7992.348,192.561,1.03,0,0,0,0,0,0,0,0,0,99999
134051,OWID_WRL,全球,全球,2020/11/30,63443317,503852,583960.714,1525280,8866,10394.571,8056.329,193.687,1.03,0,0,0,0,0,0,0,0,0,99999
134052,OWID_WRL,全球,全球,2020/12/1,64063276,619959,587791.571,1538015,12735,10395.571,8135.055,195.304,1.04,0,0,0,1,0,0,0,0,0,99999
134053,OWID_WRL,全球,全球,2020/12/2,64718256,654980,590071.571,1550697,12682,10472.286,8218.227,196.915,1.04,0,0,0,1,0,0,0,0,0,99999
134054,OWID_WRL,全球,全球,2020/12/3,65414870,696614,605414,1563270,12573,10698,8306.686,198.511,1.05,0,0,0,1,0,0,0,0,0,99999
134055,OWID_WRL,全球,全球,2020/12/4,66102685,687815,606127.286,1575729,12459,10848.143,8394.028,200.093,1.06,0,0,1,2,1,0,0,0,0,99999
134056,OWID_WRL,全球,全球,2020/12/5,66751994,649309,614592.571,1586073,10344,10998.714,8476.481,201.407,1.07,0,0,1,2,0,0,0,0,0,99999
134057,OWID_WRL,全球,全球,2020/12/6,67289317,537323,621407.429,1593755,7682,11048.714,8544.712,202.382,1.08,0,0,1,2,0,0,0,0,0,99999
134058,OWID_WRL,全球,全球,2020/12/7,67804742,515425,623060.714,1602417,8662,11019.571,8610.163,203.482,1.09,0,0,2,3,1,0,0,0,0,99999
134059,OWID_WRL,全球,全球,2020/12/8,68457086,652344,627687.143,1614743,12326,10961.143,8693.001,205.048,1.11,0,0,2,3,0,0,0,0,0,99999
134060,OWID_WRL,全球,全球,2020/12/9,69129084,671998,630118.286,1627403,12660,10958,8778.335,206.655,1.13,0,0,8,9,6,0,0,0,0,99999
134061,OWID_WRL,全球,全球,2020/12/10,70632655,680346,627794.286,1640067,12664,10971,8969.265,208.263,1.16,0,0,8,9,0,0,0,0,0,99999
134062,OWID_WRL,全球,全球,2020/12/11,71341235,708580,630760.714,1653142,13075,11059,9059.244,209.924,1.11,0,0,12,13,4,0,0,0,0,99999
134063,OWID_WRL,全球,全球,2020/12/12,71983025,641790,629686.571,1663872,10730,11114.143,9140.741,211.286,1.06,0,0,12,13,0,0,0,0,0,99999
134064,OWID_WRL,全球,全球,2020/12/13,72513174,530149,628661.714,1671644,7772,11127,9208.062,212.273,1.03,0,0,21949,18659,21937,0,0,0,0,99999
134065,OWID_WRL,全球,全球,2020/12/14,73044935,531761,630995.429,1680727,9083,11187.143,9275.588,213.427,1.01,0,0,26285,22858,4336,0,0,0,0,99999
134066,OWID_WRL,全球,全球,2020/12/15,73697450,652515,631019.857,1694495,13768,11393.143,9358.447,215.175,0.99,0,0,1604250,98624,1577965,0,0,0,0,99999
134067,OWID_WRL,全球,全球,2020/12/16,74429412,731962,639586.143,1708355,13860,11564.571,9451.395,216.935,0.98,0,0,1765385,254327,161135,0,0,0,0,99999
134068,OWID_WRL,全球,全球,2020/12/17,75170933,741521,648325.429,1721747,13392,11668.571,9545.557,218.635,0.97,0,0,2040210,522116,274825,0,0,0,0,99999
134069,OWID_WRL,全球,全球,2020/12/18,75892536,721603,650185.857,1734656,12909,11644.857,9637.189,220.275,0.97,0,0,2457296,930658,417086,0,0,0,0,99999
134070,OWID_WRL,全球,全球,2020/12/19,76517542,625006,647788.143,1745652,10996,11682.857,9716.556,221.671,0.96,0,0,2638830,1108436,181534,0,0,0,0,99999
134071,OWID_WRL,全球,全球,2020/12/20,77049694,532152,648074.286,1753724,8072,11725.714,9784.131,222.696,0.96,0,0,2751286,1219040,112456,0,0,0,0,99999
134072,OWID_WRL,全球,全球,2020/12/21,77590008,540314,649296.143,1763239,9515,11787.429,9852.742,223.904,0.96,0,0,3164783,1626233,413497,0,0,0,0,99999
134073,OWID_WRL,全球,全球,2020/12/22,78251654,661646,650600.571,1777417,14178,11846,9936.761,225.705,0.95,0,0,3686882,2139999,522099,0,0,0,0,99999
134074,OWID_WRL,全球,全球,2020/12/23,78947929,696275,645502.429,1791231,13814,11839.429,10025.177,227.459,0.93,0,0,4369545,2811371,682663,0,0,0,0,99999
134075,OWID_WRL,全球,全球,2020/12/24,79630099,682170,637023.714,1803060,11829,11616.143,10111.803,228.961,0.92,0,0,4663403,3100408,293858,0,0,0,0,99999
134076,OWID_WRL,全球,全球,2020/12/25,80110499,480400,602566.143,1811768,8708,11016,10172.806,230.067,0.92,0,0,4722761,3159631,59358,0,0,0,0,99999
134077,OWID_WRL,全球,全球,2020/12/26,80618200,507701,585808.286,1819320,7552,10524,10237.276,231.026,0.93,0,0,4900763,3334770,178002,0,0,0,0,99999
134078,OWID_WRL,全球,全球,2020/12/27,81051333,433133,571662.714,1827041,7721,10473.857,10292.278,232.006,0.95,0,0,5160395,3597526,259632,0,0,0,0,99999
134079,OWID_WRL,全球,全球,2020/12/28,81539478,488145,564210,1836611,9570,10481.714,10354.264,233.221,0.98,0,0,5936278,4359922,775883,0,0,0,0,99999
134080,OWID_WRL,全球,全球,2020/12/29,82211894,672416,565748.571,1851755,15144,10619.714,10439.651,235.145,1,0,0,6920530,5334368,984252,0,0,0,0,99999
134081,OWID_WRL,全球,全球,2020/12/30,82952593,740699,572094.857,1867361,15606,10875.714,10533.708,237.126,1.02,0,0,8074688,6482745,1154158,0,0,0,0,99999
134082,OWID_WRL,全球,全球,2020/12/31,83730078,777485,585711.286,1880668,13307,11086.857,10632.437,238.816,1.02,0,0,11802223,7174328,3727535,0,0,0,0,99999
134083,OWID_WRL,全球,全球,2021/1/1,84296697,566619,598028.286,1890332,9664,11223.429,10704.389,240.043,1.02,0,0,12006164,7373622,203941,0,0,0,0,99999
134084,OWID_WRL,全球,全球,2021/1/2,84902338,605641,612019.714,1898815,8483,11356.429,10781.296,241.12,1.04,0,0,13188000,8554887,1181836,0,0,0,0,99999
134085,OWID_WRL,全球,全球,2021/1/3,85425301,522963,624852.571,1906416,7601,11339.286,10847.704,242.086,1.05,0,0,13552655,8917870,364655,0,0,0,0,99999
134086,OWID_WRL,全球,全球,2021/1/4,85975609,550308,633733,1916419,10003,11401.143,10917.585,243.356,1.07,0,0,14682950,9983335,1130295,0,0,0,0,99999
134087,OWID_WRL,全球,全球,2021/1/5,86719414,743805,643931.429,1931825,15406,11438.571,11012.037,245.312,1.08,0,0,16797266,11182667,2114316,0,0,0,0,99999
134088,OWID_WRL,全球,全球,2021/1/6,87510749,791335,651165.143,1946930,15105,11367,11112.524,247.23,1.09,0,0,18347476,12421604,1550210,0,0,0,0,99999
134089,OWID_WRL,全球,全球,2021/1/7,88403499,892750,667631.571,1962084,15154,11630.857,11225.89,249.155,1.09,0,0,20125158,13845016,1777682,0,0,0,0,99999
134090,OWID_WRL,全球,全球,2021/1/8,89220490,816991,703399,1977355,15271,12431.857,11329.635,251.094,1.09,0,0,22010383,15219710,1885225,0,0,0,0,99999
134091,OWID_WRL,全球,全球,2021/1/9,89983351,762861,725859,1990333,12978,13074,11426.507,252.742,1.07,0,0,27441689,15887921,5431306,0,0,0,0,99999
134092,OWID_WRL,全球,全球,2021/1/10,90574020,590669,735531.286,1999100,8767,13240.571,11501.513,253.855,1.05,0,0,30695341,19441651,3253652,0,0,0,0,99999
134093,OWID_WRL,全球,全球,2021/1/11,91190618,616598,745001.286,2009143,10043,13246.286,11579.811,255.13,1.03,0,0,32576074,20837869,1880733,0,0,0,0,99999
134094,OWID_WRL,全球,全球,2021/1/12,91891692,701074,738896.857,2026274,17131,13492.714,11668.837,257.306,1.02,0,0,34757148,22508319,2181074,0,0,0,0,99999
134095,OWID_WRL,全球,全球,2021/1/13,92642869,751177,733160,2043165,16891,13747.857,11764.225,259.451,1,0,0,38569198,24778633,3812050,0,0,0,0,99999
134096,OWID_WRL,全球,全球,2021/1/14,93402981,760112,714211.714,2058638,15473,13793.429,11860.748,261.415,0.98,0,0,41475646,27045067,2906448,1,0,0,0,99999
134097,OWID_WRL,全球,全球,2021/1/15,94176478,773497,707998.286,2073701,15063,13763.714,11958.97,263.328,0.98,0,0,44350836,29236986,2875190,1,0,0,0,99999
134098,OWID_WRL,全球,全球,2021/1/16,94824441,647963,691584.286,2087459,13758,13875.143,12041.251,265.075,0.97,0,0,46174908,30651730,1824072,1,0,0,0,99999
134099,OWID_WRL,全球,全球,2021/1/17,95353461,529020,682777.286,2096559,9100,13922.714,12108.429,266.231,0.95,0,0,47241576,31517548,1066668,1,0,0,0,99999
134100,OWID_WRL,全球,全球,2021/1/18,95867502,514041,668126.286,2106276,9717,13876.143,12173.704,267.465,0.94,0,0,49697422,33323819,2455846,1,0,0,0,99999
134101,OWID_WRL,全球,全球,2021/1/19,96467166,599664,653639.143,2122919,16643,13806.429,12249.852,269.578,0.93,0,0,52727078,35521366,3029656,1,0,0,0,99999
134102,OWID_WRL,全球,全球,2021/1/20,97164900,697734,646004.429,2140926,18007,13965.857,12338.454,271.865,0.93,0,0,61062824,38118587,8335746,1,0,0,0,99999
134103,OWID_WRL,全球,全球,2021/1/21,97822391,657491,631344.286,2158034,17108,14199.429,12421.945,274.037,0.92,0,0,64698581,40950450,3635757,1,1,0,0,99999
134104,OWID_WRL,全球,全球,2021/1/22,98483066,660675,615226.857,2174181,16147,14354.286,12505.841,276.088,0.92,0,0,68467398,44099013,3768817,1,1,0,0,99999
134105,OWID_WRL,全球,全球,2021/1/23,99058140,575074,604814.143,2188157,13976,14385.429,12578.866,277.862,0.91,0,0,71065058,46155996,2597660,1,1,0,0,99999
134106,OWID_WRL,全球,全球,2021/1/24,99516881,458741,594774.286,2197359,9202,14400,12637.119,279.031,0.91,0,0,72525599,47280791,1460541,1,1,0,0,99999
134107,OWID_WRL,全球,全球,2021/1/25,100008095,491214,591513.286,2208341,10982,14580.714,12699.496,280.425,0.91,0,0,75693926,49511612,3168327,1,1,0,0,99999
134108,OWID_WRL,全球,全球,2021/1/26,100564497,556402,585333,2225842,17501,14703.286,12770.15,282.648,0.91,0,0,79141863,51682663,3447937,1,1,0,0,99999
134109,OWID_WRL,全球,全球,2021/1/27,101166729,602232,571689.857,2243170,17328,14606.286,12846.625,284.848,0.9,0,0,91047337,54517114,11905474,1,1,0,0,99999
134110,OWID_WRL,全球,全球,2021/1/28,101781229,614500,565548.286,2260166,16996,14590.286,12924.657,287.006,0.9,0,0,95768207,57794785,4720870,1,1,0,0,99999
134111,OWID_WRL,全球,全球,2021/1/29,102373053,591824,555712.429,2275629,15463,14492.571,12999.809,288.97,0.89,0,0,100204024,60867587,4435817,1,1,0,0,99999
134112,OWID_WRL,全球,全球,2021/1/30,102894393,521340,548036.143,2289269,13640,14444.571,13066.012,290.702,0.89,0,0,103332317,63095374,3128293,1,1,0,0,99999
134113,OWID_WRL,全球,全球,2021/1/31,103284064,389671,538169,2298035,8766,14382.286,13115.494,291.815,0.88,0,0,106398938,64405654,3066621,1,1,0,0,99999
134114,OWID_WRL,全球,全球,2021/2/1,103727988,443924,531413.286,2308387,10352,14292.286,13171.865,293.13,0.88,0,0,109673079,66305326,3274141,1,1,0,0,99999
134115,OWID_WRL,全球,全球,2021/2/2,104188103,460115,517658,2323773,15386,13990.143,13230.293,295.084,0.87,0,0,113434892,68571432,3761813,1,1,0,0,99999
134116,OWID_WRL,全球,全球,2021/2/3,104715318,527215,506941.286,2339882,16109,13816,13297.241,297.129,0.87,0,0,125381765,71510522,11946873,2,1,0,0,99999
134117,OWID_WRL,全球,全球,2021/2/4,105184739,469421,486215.714,2352872,12990,13243.714,13356.85,298.779,0.86,0,0,131090514,75209617,5708749,2,1,0,0,99999
134118,OWID_WRL,全球,全球,2021/2/5,105720495,535756,478206,2370052,17180,13489,13424.883,300.96,0.86,0,0,136112745,78472857,5022231,2,1,0,0,99999
134119,OWID_WRL,全球,全球,2021/2/6,106102269,381774,458268,2380544,10492,13039.286,13473.363,302.293,0.86,0,0,139566792,80881330,3454047,2,1,0,0,99999
134120,OWID_WRL,全球,全球,2021/2/7,106508061,405792,460571,2388853,8309,12974,13524.892,303.348,0.87,0,0,141246885,82075949,1680093,2,1,0,0,99999
134121,OWID_WRL,全球,全球,2021/2/8,106821825,313764,441976.714,2397550,8697,12737.571,13564.735,304.452,0.87,0,0,144908840,84305968,3661955,2,1,0,0,99999
134122,OWID_WRL,全球,全球,2021/2/9,107252645,430820,437791.714,2413674,16124,12843,13619.443,306.5,0.87,0,0,158871002,87192887,13962162,2,1,0,0,99999
134123,OWID_WRL,全球,全球,2021/2/10,107691989,439344,425238.714,2427694,14020,12544.571,13675.233,308.28,0.86,0,0,164828757,90733703,5957755,2,1,0,0,99999
134124,OWID_WRL,全球,全球,2021/2/11,108136922,444933,421740.429,2441378,13684,12643.714,13731.732,310.018,0.86,0,0,170523540,94261221,5694783,2,1,0,0,99999
134125,OWID_WRL,全球,全球,2021/2/12,108568471,431549,406853.714,2454486,13108,12062,13786.533,311.682,0.87,0,0,176742231,100817734,6218691,2,1,0,0,99999
134126,OWID_WRL,全球,全球,2021/2/13,108946687,378216,406345.429,2464928,10442,12054.857,13834.56,313.008,0.87,0,0,181053844,103589248,4311613,2,1,0,0,99999
134127,OWID_WRL,全球,全球,2021/2/14,109246746,300059,391240.714,2471623,6695,11824.286,13872.663,313.858,0.88,0,0,183182289,105114917,2128445,2,1,0,0,99999
134128,OWID_WRL,全球,全球,2021/2/15,109533157,286411,387333.143,2479023,7400,11639,13909.033,314.798,0.88,0,0,187494388,107809652,4312099,2,1,0,0,99999
134129,OWID_WRL,全球,全球,2021/2/16,109883486,350329,375834.429,2490480,11457,10972.286,13953.519,316.253,0.89,0,0,192578543,110974754,5084155,2,1,0,0,99999
134130,OWID_WRL,全球,全球,2021/2/17,110281377,397891,369912.571,2502404,11924,10672.857,14004.045,317.767,0.9,0,0,198390949,114432813,5812406,3,1,0,0,99999
134131,OWID_WRL,全球,全球,2021/2/18,110689276,407899,364622,2514285,11881,10415.286,14055.842,319.276,0.92,0,0,205015345,118289836,6624396,3,2,0,0,99999
134132,OWID_WRL,全球,全球,2021/2/19,111103491,414215,362145.714,2525948,11663,10208.857,14108.441,320.757,0.93,0,0,210674164,123835705,5658819,3,2,0,0,99999
134133,OWID_WRL,全球,全球,2021/2/20,111479320,375829,361804.714,2534915,8967,9998.143,14156.166,321.895,0.95,0,0,214877898,126508107,4203734,3,2,0,0,99999
134134,OWID_WRL,全球,全球,2021/2/21,111800047,320727,364757.286,2541355,6440,9961.714,14196.893,322.713,0.96,0,0,217014717,127967857,2136819,3,2,0,0,99999
134135,OWID_WRL,全球,全球,2021/2/22,112089802,289755,365235,2548659,7304,9948,14233.688,323.641,0.97,0,0,221111053,130443411,4096336,3,2,0,0,99999
134136,OWID_WRL,全球,全球,2021/2/23,112481860,392058,371196.286,2560363,11704,9983.286,14283.473,325.127,0.99,0,0,226744113,136360608,5633060,3,2,0,0,99999
134137,OWID_WRL,全球,全球,2021/2/24,112930013,448153,378376.571,2572870,12507,10066.571,14340.382,326.715,0.99,0,0,233364447,140597605,6620334,3,2,0,0,99999
134138,OWID_WRL,全球,全球,2021/2/25,113381055,451042,384539.857,2583503,10633,9888.286,14397.657,328.065,1,0,0,240651980,145076058,7287533,3,2,0,0,99999
134139,OWID_WRL,全球,全球,2021/2/26,113828030,446975,389219.857,2594298,10795,9764.286,14454.416,329.436,1,0,0,247994514,149593049,7342534,3,2,0,0,99999
134140,OWID_WRL,全球,全球,2021/2/27,114222076,394046,391822.286,2602931,8633,9716.571,14504.454,330.532,1,0,0,253195044,152797313,5200530,3,2,0,0,99999
134141,OWID_WRL,全球,全球,2021/2/28,114531076,309000,390147,2609157,6226,9686,14543.692,331.323,0.99,0,0,267878781,155014981,14683737,3,2,0,0,99999
134142,OWID_WRL,全球,全球,2021/3/1,114835871,304795,392295.571,2616813,7656,9736.286,14582.396,332.295,0.99,0,0,273275749,158643161,5396968,3,2,0,0,99999
134143,OWID_WRL,全球,全球,2021/3/2,115149334,313463,381067.714,2627152,10339,9541.286,14622.201,333.608,1,0,0,284531889,166676239,11256140,4,2,0,0,99999
134144,OWID_WRL,全球,全球,2021/3/3,115592973,443639,380422.857,2638989,11837,9445.571,14678.537,335.111,1.01,0,0,292771212,172252274,8239323,4,2,0,0,99999
134145,OWID_WRL,全球,全球,2021/3/4,116049300,456327,381177.857,2649290,10301,9398.143,14736.483,336.419,1.03,0,0,302421715,178765565,9650503,4,2,0,0,99999
134146,OWID_WRL,全球,全球,2021/3/5,116499181,449881,381593,2659905,10615,9372.429,14793.611,337.767,1.03,0,0,311433278,185035123,9011563,4,2,0,0,99999
134147,OWID_WRL,全球,全球,2021/3/6,116914349,415168,384610.429,2668055,8150,9303.429,14846.331,338.802,1.04,0,0,318079191,189638855,6645913,4,2,0,0,99999
134148,OWID_WRL,全球,全球,2021/3/7,117286986,372637,393701.429,2673942,5887,9255,14893.65,339.55,1.05,0,0,321770169,192575823,3690978,4,2,0,0,99999
134149,OWID_WRL,全球,全球,2021/3/8,117587273,300287,393057.429,2681059,7117,9178,14931.782,340.453,1.05,0,0,329131780,198017993,7361611,4,3,0,0,99999
134150,OWID_WRL,全球,全球,2021/3/9,118002754,415481,407631.429,2691681,10622,9218.429,14984.542,341.802,1.06,0,0,337218216,203758607,8086436,4,3,0,0,99999
134151,OWID_WRL,全球,全球,2021/3/10,118472160,469406,411312.429,2701816,10135,8975.286,15044.149,343.089,1.06,0,0,347109894,210629264,9891678,4,3,0,0,99999
134152,OWID_WRL,全球,全球,2021/3/11,118951343,479183,414577.571,2712034,10218,8963.429,15104.998,344.387,1.07,0,0,356346962,216524826,9237068,5,3,0,0,99999
134153,OWID_WRL,全球,全球,2021/3/12,119443133,491790,420564.571,2722020,9986,8873.571,15167.448,345.655,1.07,0,0,366641076,223638113,10294114,5,3,0,0,99999
134154,OWID_WRL,全球,全球,2021/3/13,119900175,457042,426546.571,2730455,8435,8914.286,15225.485,346.726,1.08,0,0,374335807,229682139,7694731,5,3,0,0,99999
134155,OWID_WRL,全球,全球,2021/3/14,120264594,364419,425372.571,2736365,5910,8917.571,15271.761,347.476,1.08,0,0,390527629,232611168,16191822,5,3,0,0,99999
134156,OWID_WRL,全球,全球,2021/3/15,120613572,348978,432328.429,2743764,7399,8957.857,15316.076,348.416,1.09,0,0,400677417,239756980,10149788,5,3,0,0,99999
134157,OWID_WRL,全球,全球,2021/3/16,121081133,467561,439768.429,2754397,10633,8959.429,15375.449,349.766,1.1,0,0,410253629,246049363,9576212,5,3,0,0,99999
134158,OWID_WRL,全球,全球,2021/3/17,121632735,551602,451510.714,2764981,10584,9023.571,15445.494,351.11,1.11,0,0,421530436,253279299,11276807,5,3,0,0,99999
134159,OWID_WRL,全球,全球,2021/3/18,122176638,543903,460756.429,2775706,10725,9096,15514.561,352.472,1.11,0,0,432101155,260595980,10570719,5,3,0,0,99999
134160,OWID_WRL,全球,全球,2021/3/19,122741006,564368,471124.714,2786685,10979,9237.857,15586.227,353.866,1.12,0,0,445189904,269641085,13088749,6,3,0,0,99999
134161,OWID_WRL,全球,全球,2021/3/20,123242514,501508,477477,2795421,8736,9280.857,15649.911,354.976,1.12,0,0,463845240,276519940,18655336,6,4,0,0,99999
134162,OWID_WRL,全球,全球,2021/3/21,123679428,436914,487833.429,2803933,8512,9652.571,15705.393,356.057,1.12,0,0,467661009,279196987,3815769,6,4,0,0,99999
134163,OWID_WRL,全球,全球,2021/3/22,124095742,416314,497452.857,2811758,7825,9713.429,15758.258,357.05,1.12,0,0,484009925,287121040,16348916,6,4,0,0,99999
134164,OWID_WRL,全球,全球,2021/3/23,124611607,515865,504353.429,2823328,11570,9847.286,15823.765,358.519,1.12,0,0,498186705,295406468,14176780,6,4,0,0,99999
134165,OWID_WRL,全球,全球,2021/3/24,125247074,635467,516334.143,2833754,10426,9824.714,15904.46,359.843,1.13,0,0,513407211,304029495,15220506,7,4,0,0,99999
134166,OWID_WRL,全球,全球,2021/3/25,125900465,653391,531975.286,2845396,11642,9955.714,15987.43,361.322,1.13,0,0,530683353,311981401,17276142,7,4,0,0,99999
134167,OWID_WRL,全球,全球,2021/3/26,126543392,642927,543198,2858287,12891,10228.857,16069.072,362.959,1.12,0,0,549574050,320746794,18890697,7,4,0,0,99999
134168,OWID_WRL,全球,全球,2021/3/27,127129215,585823,555243,2868451,10164,10432.857,16143.463,364.249,1.12,0,0,563532196,327086090,13958146,7,4,0,0,99999
134169,OWID_WRL,全球,全球,2021/3/28,127604646,475431,560745.429,2875735,7284,10257.429,16203.835,365.174,1.1,0,0,572426917,330377449,8894721,7,4,0,0,99999
134170,OWID_WRL,全球,全球,2021/3/29,128062270,457624,566646.857,2884147,8412,10341.286,16261.946,366.242,1.1,0,0,588081393,337339938,15654476,7,4,0,0,99999
134171,OWID_WRL,全球,全球,2021/3/30,128632258,569988,574378.714,2896279,12132,10421.571,16334.326,367.783,1.1,0,0,602984756,344490859,14903363,8,4,0,0,99999
134172,OWID_WRL,全球,全球,2021/3/31,129316957,684699,581411.857,2909112,12833,10765.429,16421.272,369.413,1.1,0,0,623478046,355611022,20493290,8,5,0,0,99999
134173,OWID_WRL,全球,全球,2021/4/1,130030615,713658,590021.429,2921567,12455,10881.571,16511.896,370.994,1.09,0,0,644772777,365185209,21294731,8,5,0,0,99999
134174,OWID_WRL,全球,全球,2021/4/2,130667158,636543,589109.429,2932220,10653,10561.857,16592.727,372.347,1.08,0,0,665837623,375287249,21064846,8,5,0,0,99999
134175,OWID_WRL,全球,全球,2021/4/3,131198832,531674,581373.857,2941569,9349,10445.429,16660.242,373.534,1.08,0,0,677957983,382013138,12120360,9,5,0,0,99999
134176,OWID_WRL,全球,全球,2021/4/4,131754927,556095,592897.286,2948882,7313,10449.571,16730.857,374.463,1.09,0,0,687674036,387425859,9716053,9,5,0,0,99999
134177,OWID_WRL,全球,全球,2021/4/5,132240685,485758,596916.429,2956548,7666,10343,16792.541,375.436,1.09,0,0,702081336,395736980,14407300,9,5,0,0,99999
134178,OWID_WRL,全球,全球,2021/4/6,132846163,605478,601986.429,2969160,12612,10411.571,16869.427,377.038,1.1,0,0,720621612,406483434,18540276,9,5,0,0,99999
134179,OWID_WRL,全球,全球,2021/4/7,133532276,686113,602188.429,2984881,15721,10824.143,16956.553,379.034,1.11,0,0,740063798,417764503,19442186,9,5,0,0,99999
134180,OWID_WRL,全球,全球,2021/4/8,134373324,841048,620387,2999314,14433,11106.714,17063.353,380.867,1.13,0,0,764345994,430607351,24282196,10,5,0,0,99999
134181,OWID_WRL,全球,全球,2021/4/9,135124084,750760,636703.714,3013566,14252,11620.857,17158.689,382.677,1.13,0,0,785676621,441185281,21330627,10,6,0,0,99999
134182,OWID_WRL,全球,全球,2021/4/10,135792406,668322,656224.857,3026629,13063,12151.429,17243.555,384.336,1.13,0,0,802422497,450586213,16745876,10,6,0,0,99999
134183,OWID_WRL,全球,全球,2021/4/11,136484739,692333,675687.429,3035638,9009,12393.714,17331.471,385.48,1.14,0,0,813268191,456986339,10845694,10,6,0,0,99999
134184,OWID_WRL,全球,全球,2021/4/12,137098603,613864,693988.286,3045480,9842,12704.571,17409.422,386.729,1.13,0,0,831819714,466624031,18551523,11,6,0,0,99999
134185,OWID_WRL,全球,全球,2021/4/13,137880134,781531,719138.714,3059369,13889,12887,17508.665,388.493,1.13,0,0,851882946,477881677,20063232,11,6,0,0,99999
134186,OWID_WRL,全球,全球,2021/4/14,138696609,816475,737761.857,3073417,14048,12648,17612.344,390.277,1.12,0,0,871280904,488297042,19397958,11,6,0,0,99999
134187,OWID_WRL,全球,全球,2021/4/15,139513723,817114,734342.714,3087082,13665,12538.286,17716.105,392.012,1.11,0,0,889811888,497135881,18530984,11,6,0,0,99999
134188,OWID_WRL,全球,全球,2021/4/16,140371900,858177,749688,3100385,13303,12402.714,17825.081,393.701,1.11,0,0,906672277,505303684,16860389,12,6,0,0,99999
134189,OWID_WRL,全球,全球,2021/4/17,141159911,788011,766786.429,3112889,12504,12322.857,17925.146,395.289,1.11,0,0,919075090,511597288,12402813,12,6,0,0,99999
134190,OWID_WRL,全球,全球,2021/4/18,141846923,687012,766026.286,3122129,9240,12355.857,18012.386,396.463,1.1,0,0,930671755,517517934,11596665,12,7,0,0,99999
134191,OWID_WRL,全球,全球,2021/4/19,142539984,693061,777340.143,3133036,10907,12508,18100.394,397.848,1.1,0,0,946330219,525309634,15658464,12,7,0,0,99999
134192,OWID_WRL,全球,全球,2021/4/20,143394238,854254,787729.143,3147353,14317,12569.143,18208.871,399.666,1.09,0,0,960223420,532492255,13893201,12,7,0,0,99999
134193,OWID_WRL,全球,全球,2021/4/21,144285824,891586,798459.286,3162293,14940,12696.571,18322.089,401.563,1.09,0,0,979397690,540789639,19174270,12,7,0,0,99999
134194,OWID_WRL,全球,全球,2021/4/22,145185552,899728,810261.286,3176171,13878,12727,18436.341,403.325,1.08,0,0,1002014274,549562626,22616584,13,7,0,0,99999
134195,OWID_WRL,全球,全球,2021/4/23,146089805,904253,816843.571,3191345,15174,12994.286,18551.167,405.252,1.07,0,0,1020721845,557373194,18707571,13,7,0,0,99999
134196,OWID_WRL,全球,全球,2021/4/24,146912334,822529,821774.714,3204619,13274,13104.286,18655.616,406.938,1.06,0,0,1032781942,561796082,12060097,13,7,0,0,99999
134197,OWID_WRL,全球,全球,2021/4/25,147637461,725127,827219.714,3215268,10649,13305.571,18747.696,408.29,1.05,0,0,1049943120,570203994,17161178,13,7,0,0,99999
134198,OWID_WRL,全球,全球,2021/4/26,148319146,681685,825594.571,3226890,11622,13407.714,18834.259,409.766,1.04,0,0,1066996601,577089811,17053481,14,7,0,0,99999
134199,OWID_WRL,全球,全球,2021/4/27,149164508,845362,824324.286,3241884,14994,13504.429,18941.607,411.67,1.04,0,0,1087793665,584877512,20797064,14,7,0,0,99999
134200,OWID_WRL,全球,全球,2021/4/28,150072798,908290,826710.571,3257957,16073,13666.286,19056.946,413.711,1.03,0,0,1113677467,595380732,25883802,14,8,0,0,99999
134201,OWID_WRL,全球,全球,2021/4/29,150969860,897062,826329.714,3273699,15742,13932.571,19170.859,415.71,1.02,0,0,1138458524,604366057,24781057,14,8,0,0,99999
134202,OWID_WRL,全球,全球,2021/4/30,151850370,880510,822937.857,3287773,14074,13775.429,19282.671,417.497,1.01,0,0,1163826947,611917464,25368423,15,8,0,0,99999
134203,OWID_WRL,全球,全球,2021/5/1,152649103,798733,819538.429,3301090,13317,13781.571,19384.097,419.188,1,0,0,1177533733,616498245,13706786,15,8,0,0,99999
134204,OWID_WRL,全球,全球,2021/5/2,153324721,675618,812465.714,3311312,10222,13720.571,19469.891,420.486,0.99,0,0,1188376235,620312230,10842502,15,8,0,0,99999
134205,OWID_WRL,全球,全球,2021/5/3,154004226,679505,812154.286,3323037,11725,13735.286,19556.177,421.975,0.99,0,0,1202837024,625558047,14460789,15,8,0,0,99999
134206,OWID_WRL,全球,全球,2021/5/4,154812453,808227,806849.286,3337118,14081,13604.857,19658.81,423.763,0.98,0,0,1223100699,633183372,20263675,16,8,0,0,99999
134207,OWID_WRL,全球,全球,2021/5/5,155655299,842846,797500.143,3352026,14908,13438.429,19765.838,425.656,0.98,0,0,1243596225,641318202,20495526,16,8,0,0,99999
134208,OWID_WRL,全球,全球,2021/5/6,156525766,870467,793700.857,3366692,14666,13284.714,19876.374,427.518,0.97,0,0,1267501484,649567217,23905259,16,8,0,0,99999
134209,OWID_WRL,全球,全球,2021/5/7,157359244,833478,786982,3381153,14461,13340,19982.213,429.355,0.96,0,0,1293987978,658010665,26486494,16,8,0,0,99999
134210,OWID_WRL,全球,全球,2021/5/8,158146474,787230,785338.714,3394472,13319,13340.286,20082.179,431.046,0.96,0,0,1312831820,662790128,18843842,17,8,0,0,99999
134211,OWID_WRL,全球,全球,2021/5/9,158789007,642533,780612.286,3404930,10458,13374,20163.771,432.374,0.95,0,0,1326461761,667407158,13629941,17,8,0,0,99999
134212,OWID_WRL,全球,全球,2021/5/10,159408077,619070,771978.714,3416007,11077,13281.429,20242.384,433.781,0.93,0,0,1349242002,675327139,22780241,17,9,0,0,99999
134213,OWID_WRL,全球,全球,2021/5/11,160147524,739447,762153,3430249,14242,13304.429,20336.282,435.589,0.92,0,0,1374569232,684727571,25327230,17,9,0,0,99999
134214,OWID_WRL,全球,全球,2021/5/12,160908158,760634,750408.429,3444126,13877,13157.143,20432.871,437.351,0.91,0,0,1401551642,693574656,26982410,18,9,0,0,99999
134215,OWID_WRL,全球,全球,2021/5/13,161633999,725841,729747.571,3457842,13716,13021.429,20525.042,439.093,0.9,0,0,1428944455,701671175,27392813,18,9,0,0,99999
134216,OWID_WRL,全球,全球,2021/5/14,162352048,718049,713257.714,3470873,13031,12817.143,20616.223,440.748,0.89,0,0,1455962911,709606126,27018456,18,9,0,0,99999
134217,OWID_WRL,全球,全球,2021/5/15,162981367,629319,690699,3483129,12256,12665.286,20696.137,442.304,0.88,0,0,1479024283,716024379,23061372,19,9,0,0,99999
134218,OWID_WRL,全球,全球,2021/5/16,163530925,549558,677416.857,3493373,10244,12634.714,20765.922,443.605,0.88,0,0,1500973650,721771899,21949367,19,9,0,0,99999
134219,OWID_WRL,全球,全球,2021/5/17,164069809,538884,665961.714,3504533,11160,12646.571,20834.352,445.022,0.87,0,0,1528500418,729460717,27526768,19,9,0,0,99999
134220,OWID_WRL,全球,全球,2021/5/18,164692856,623047,649333.143,3518743,14210,12642,20913.47,446.826,0.85,0,0,1557153832,738494397,28653414,20,9,0,0,99999
134221,OWID_WRL,全球,全球,2021/5/19,165365277,672421,636731.286,3532319,13576,12599,20998.857,448.55,0.84,0,0,1585166938,747026538,28013106,20,9,0,0,99999
134222,OWID_WRL,全球,全球,2021/5/20,165645081,628644,622846,3545380,13061,12505.429,21034.388,450.209,0.82,0,0,1619552869,757390960,34385931,21,10,0,0,99999
134223,OWID_WRL,全球,全球,2021/5/21,166271712,626631,609786.286,3558409,13029,12505.143,21113.96,451.863,0.85,0,0,1649563582,765155776,30010713,21,10,0,0,99999
134224,OWID_WRL,全球,全球,2021/5/22,166851116,579404,602655.571,3569935,11526,12400.857,21187.536,453.327,0.86,0,0,1676149944,773371277,26586362,21,10,0,0,99999
134225,OWID_WRL,全球,全球,2021/5/23,167328393,477277,592329.714,3579687,9752,12330.571,21248.142,454.565,0.87,0,0,1697641751,778834804,21491807,22,10,0,0,99999
134226,OWID_WRL,全球,全球,2021/5/24,167780883,452490,579987.714,3588734,9047,12028.714,21305.602,455.714,0.88,0,0,1726906370,787809991,29264619,22,10,0,0,99999
134227,OWID_WRL,全球,全球,2021/5/25,168313738,532855,567103.143,3601955,13221,11887.429,21373.266,457.393,0.88,0,0,1767375201,800679174,40468831,22,10,0,0,99999
134228,OWID_WRL,全球,全球,2021/5/26,168883418,569680,552425.857,3614694,12739,11767.857,21445.607,459.011,0.87,0,0,1803467444,810915543,36092243,23,10,0,0,99999
134229,OWID_WRL,全球,全球,2021/5/27,169437747,554329,541809.429,3627701,13007,11760.143,21515.998,460.662,0.87,0,0,1836601172,820763598,33133728,23,10,0,0,99999
134230,OWID_WRL,全球,全球,2021/5/28,169938347,500600,523805,3639639,11938,11604.286,21579.567,462.178,0.87,0,0,1870362320,830580007,33761148,24,11,0,0,99999
134231,OWID_WRL,全球,全球,2021/5/29,170420672,482325,509936.571,3650422,10783,11498.143,21640.814,463.548,0.87,0,0,1901605615,840093539,31243295,24,11,0,0,99999
134232,OWID_WRL,全球,全球,2021/5/30,170812524,391852,497733,3658720,8298,11290.429,21690.574,464.601,0.87,0,0,1929756257,847219933,28150642,24,11,0,0,99999
134233,OWID_WRL,全球,全球,2021/5/31,171191360,378836,487211,3667413,8693,11239.857,21738.68,465.705,0.87,0,0,1966930246,855435201,37173989,25,11,0,0,99999
134234,OWID_WRL,全球,全球,2021/6/1,171654395,463035,477236.714,3682756,11071,10932.714,21797.478,467.654,0.87,0,0,2005954094,866597965,39023848,25,11,0,0,99999
134235,OWID_WRL,全球,全球,2021/6/2,172140627,486232,465315.571,3694663,11907,10813.857,21859.222,469.166,0.86,0,0,2046319190,878109923,40365096,26,11,0,0,99999
134236,OWID_WRL,全球,全球,2021/6/3,172630059,489432,456044.571,3704521,9858,10364,21921.373,470.417,0.86,0,0,2082479534,889552958,36160344,26,11,0,0,99999
134237,OWID_WRL,全球,全球,2021/6/4,173049795,419736,444492.571,3715481,10960,10224.286,21974.673,471.809,0.86,0,0,2121790534,902232236,39311000,27,11,0,0,99999
134238,OWID_WRL,全球,全球,2021/6/5,173449067,399272,432627.857,3724862,9381,10024,22025.374,473,0.86,0,0,2147483647,910504716,31416291,27,12,0,0,99999
134239,OWID_WRL,全球,全球,2021/6/6,173772364,323297,422834.286,3732080,7218,9869.714,22066.428,473.917,0.86,0,0,2147483647,918530028,25976552,28,12,0,0,99999
134240,OWID_WRL,全球,全球,2021/6/7,174092954,320590,414513.429,3740127,8047,9777.429,22107.138,474.939,0.87,0,0,2147483647,928302966,31046880,28,12,0,0,99999
134241,OWID_WRL,全球,全球,2021/6/8,174460181,367227,400826.571,3750496,10369,9677.143,22153.77,476.256,0.87,0,0,2147483647,940967008,34064202,28,12,0,0,99999
134242,OWID_WRL,全球,全球,2021/6/9,174880122,419941,391356.429,3760993,10497,9475.714,22207.096,477.588,0.88,0,0,2147483647,956388981,39333320,29,12,0,0,99999
134243,OWID_WRL,全球,全球,2021/6/10,175329833,449711,385682,3776987,15994,10352.286,22264.203,479.619,0.89,0,0,2147483647,1590375505,39402564,30,20,0,0,99999
134244,OWID_WRL,全球,全球,2021/6/11,175750831,420998,385862.286,3788797,11810,10473.714,22317.663,481.119,0.9,0,0,2147483647,1602324565,36758503,30,20,0,0,99999
134245,OWID_WRL,全球,全球,2021/6/12,176123687,372856,382088.571,3798567,9770,10529.286,22365.01,482.36,0.91,0,0,2147483647,1611649998,29223825,30,20,0,0,99999
134246,OWID_WRL,全球,全球,2021/6/13,176427363,303676,379285.571,3807834,9267,10822,22403.572,483.537,0.91,0,0,2147483647,1621939624,28097001,31,21,0,0,99999
134247,OWID_WRL,全球,全球,2021/6/14,176734743,307380,377398.429,3815697,7863,10795.714,22442.605,484.535,0.91,0,0,2147483647,1632565084,28531052,31,21,0,0,99999
134248,OWID_WRL,全球,全球,2021/6/15,177106097,371354,377988,3826285,10588,10827,22489.761,485.88,0.92,0,0,2147483647,1645389367,39737057,32,21,0,0,99999
134249,OWID_WRL,全球,全球,2021/6/16,177504810,398713,374955.429,3836617,10332,10803.429,22540.391,487.192,0.92,0,0,2147483647,1657960140,41687060,32,21,0,0,99999
134250,OWID_WRL,全球,全球,2021/6/17,177897357,392547,366789.143,3845916,9299,9847,22590.239,488.372,0.93,0,0,2147483647,1673833641,45937950,33,21,0,0,99999
134251,OWID_WRL,全球,全球,2021/6/18,178304245,406888,364773.429,3855145,9229,9478.286,22641.907,489.544,0.94,0,0,2147483647,1686181640,43347413,33,21,0,0,99999
134252,OWID_WRL,全球,全球,2021/6/19,178653746,349501,361437,3863321,8176,9250.571,22686.289,490.583,0.95,0,0,2147483647,1696664578,36679187,34,22,0,0,99999
134253,OWID_WRL,全球,全球,2021/6/20,178956142,302396,361254.143,3870047,6726,8887.571,22724.688,491.437,0.96,0,0,2147483647,1706997748,33095848,34,22,0,0,99999
134254,OWID_WRL,全球,全球,2021/6/21,179249824,293682,359297.286,3876898,6851,8743,22761.981,492.307,0.97,0,0,2147483647,1724392108,43653013,35,22,0,0,99999
134255,OWID_WRL,全球,全球,2021/6/22,179621652,371828,359365,3885897,8999,8516,22809.198,493.449,0.98,0,0,2147483647,1737255629,44131754,35,22,0,0,99999
134256,OWID_WRL,全球,全球,2021/6/23,180059453,437801,364949,3895430,9533,8401.857,22864.792,494.66,0.99,0,0,2147483647,1750622426,43721311,36,22,0,0,99999
134257,OWID_WRL,全球,全球,2021/6/24,180464378,404925,366717.286,3904050,8620,8304.857,22916.211,495.755,1,0,0,2147483647,1765991635,48341964,36,22,0,0,99999
134258,OWID_WRL,全球,全球,2021/6/25,180886324,421946,368868.429,3913280,9230,8305,22969.792,496.927,1,0,0,2147483647,1779161933,44249546,37,23,0,0,99999
134259,OWID_WRL,全球,全球,2021/6/26,181252361,366037,371230.714,3920831,7551,8215.714,23016.273,497.885,1.01,0,0,2147483647,1791301630,40024710,37,23,0,0,99999
134260,OWID_WRL,全球,全球,2021/6/27,181563850,311489,372529.714,3926926,6095,8125.571,23055.827,498.659,1.01,0,0,2147483647,1819688310,38507976,38,23,0,0,99999
134261,OWID_WRL,全球,全球,2021/6/28,181892194,328344,377481.429,3933429,6503,8075.857,23097.522,499.485,1.01,0,0,2147483647,1829300905,37798517,38,23,0,0,99999
134262,OWID_WRL,全球,全球,2021/6/29,182271854,379660,378600.286,3941557,8128,7951.429,23145.733,500.517,1.02,0,0,2147483647,1842981455,42078603,39,23,0,0,99999
134263,OWID_WRL,全球,全球,2021/6/30,182668855,397001,372771.714,3950779,9222,7907,23196.146,501.688,1.02,0,0,2147483647,1852426990,36684463,39,24,0,0,99999
134264,OWID_WRL,全球,全球,2021/7/1,183109841,440986,377923.286,3959446,8667,7913.714,23252.144,502.789,1.04,0,0,2147483647,1871511803,46879224,40,24,0,0,99999
134265,OWID_WRL,全球,全球,2021/7/2,183551113,441272,380684.143,3967726,8280,7778,23308.179,503.84,1.04,0,0,2147483647,1879051626,33541354,40,24,0,0,99999
134266,OWID_WRL,全球,全球,2021/7/3,183927814,376701,382207.571,3974630,6904,7685.571,23356.015,504.717,1.05,0,0,2147483647,1890890742,32096034,41,24,0,0,99999
134267,OWID_WRL,全球,全球,2021/7/4,184256333,328519,384640.429,3981298,6668,7767.429,23397.731,505.564,1.06,0,0,2147483647,1902790341,26813049,41,24,0,0,99999
134268,OWID_WRL,全球,全球,2021/7/5,184625902,369569,390529.714,3988587,7289,7879.714,23444.661,506.489,1.07,0,0,2147483647,1916707741,33271947,42,24,0,0,99999
134269,OWID_WRL,全球,全球,2021/7/6,185079341,453439,401069.571,3997136,8549,7939.857,23502.241,507.575,1.08,0,0,2147483647,1927311256,31985296,42,24,0,0,99999
134270,OWID_WRL,全球,全球,2021/7/7,185542796,463455,410563,4005718,8582,7848.429,23561.093,508.665,1.09,0,0,2147483647,1940384334,33910558,42,25,0,0,99999
134271,OWID_WRL,全球,全球,2021/7/8,186023152,480356,416187.286,4014560,8842,7873.429,23622.09,509.788,1.09,0,0,2147483647,1957793996,39194072,43,25,0,0,99999
134272,OWID_WRL,全球,全球,2021/7/9,186530674,507522,425651.571,4022958,8398,7890.286,23686.538,510.854,1.1,0,0,2147483647,1966922096,26914476,43,25,0,0,99999
134273,OWID_WRL,全球,全球,2021/7/10,186957731,427057,432845.286,4029581,6623,7850.143,23740.768,511.695,1.11,0,0,2147483647,1977413252,26994507,44,25,0,0,99999
134274,OWID_WRL,全球,全球,2021/7/11,187328258,370527,438846.429,4037209,7628,7987.286,23787.819,512.664,1.11,0,0,2147483647,1986494549,22356074,44,25,0,0,99999
134275,OWID_WRL,全球,全球,2021/7/12,187764950,436692,448435.429,4045267,8058,8097.143,23843.272,513.687,1.12,0,0,2147483647,1997909584,30637443,44,25,0,0,99999
134276,OWID_WRL,全球,全球,2021/7/13,188284939,519989,457942.571,4053600,8333,8066.286,23909.303,514.745,1.12,0,0,2147483647,2011869438,34140555,45,26,0,0,99999
134277,OWID_WRL,全球,全球,2021/7/14,188826409,541470,469087.571,4062241,8641,8074.714,23978.061,515.842,1.12,0,0,2147483647,2026285849,37303912,45,26,0,0,99999
134278,OWID_WRL,全球,全球,2021/7/15,189398538,572129,482198,4070778,8537,8031.143,24050.713,516.926,1.12,0,0,2147483647,2039992797,36078760,46,26,0,0,99999
134279,OWID_WRL,全球,全球,2021/7/16,189996825,598287,495164.429,4079504,8726,8078,24126.686,518.035,1.12,0,0,2147483647,2052274002,32542289,46,26,0,0,99999
134280,OWID_WRL,全球,全球,2021/7/17,190470815,473990,501869.143,4086591,7087,8144.286,24186.875,518.934,1.11,0,0,2147483647,2062891572,28294161,46,26,0,0,99999
134281,OWID_WRL,全球,全球,2021/7/18,190901834,431019,510510.857,4093687,7096,8068.286,24241.608,519.836,1.1,0,0,2147483647,2068845091,19808556,47,26,0,0,99999
134282,OWID_WRL,全球,全球,2021/7/19,191398363,496529,519059,4100742,7055,7925,24304.66,520.731,1.1,0,0,2147483647,2081697713,33137411,47,26,0,0,99999
134283,OWID_WRL,全球,全球,2021/7/20,191928311,529948,520481.714,4121501,11973,8445,24371.955,523.367,1.09,0,0,2147483647,2094205824,33269792,48,27,0,0,99999
134284,OWID_WRL,全球,全球,2021/7/21,192487127,558816,522959.714,4130204,8703,8453.857,24442.916,524.473,1.09,0,0,2147483647,2102851188,32260247,48,27,0,0,99999
134285,OWID_WRL,全球,全球,2021/7/22,193051527,564400,521855.571,4138965,8761,8485.857,24514.586,525.585,1.09,0,0,2147483647,2116137392,39493880,48,27,0,0,99999
134286,OWID_WRL,全球,全球,2021/7/23,193741537,690010,534958.857,4146749,7784,8351.286,24602.207,526.574,1.09,0,0,2147483647,2127467796,37306338,49,27,0,0,99999
134287,OWID_WRL,全球,全球,2021/7/24,194213568,472031,534679,4155998,9249,8660.143,24662.148,527.748,1.09,0,0,2147483647,2136070778,29397258,49,27,0,0,99999
134288,OWID_WRL,全球,全球,2021/7/25,194658862,445294,536718.286,4163313,7315,8691.429,24718.693,528.677,1.09,0,0,2147483647,2144238952,27006589,50,27,0,0,99999
134289,OWID_WRL,全球,全球,2021/7/26,195199234,540372,542981.571,4171094,7781,8795.143,24787.312,529.665,1.09,0,0,2147483647,2147483647,42716689,50,27,0,0,99999
134290,OWID_WRL,全球,全球,2021/7/27,195809468,610234,554451,4180968,9874,8495.286,24864.803,530.919,1.09,0,0,2147483647,2147483647,41041421,51,28,0,0,99999
134291,OWID_WRL,全球,全球,2021/7/28,196453769,644301,566663.143,4191133,10165,8704.143,24946.619,532.21,1.09,0,0,2147483647,2147483647,42089929,51,28,0,0,99999
134292,OWID_WRL,全球,全球,2021/7/29,197106638,652869,579301.571,4201964,10831,8999.857,25029.523,533.585,1.09,0,0,2147483647,2147483647,46657661,52,28,0,0,99999
134293,OWID_WRL,全球,全球,2021/7/30,197836939,730301,585057.429,4211604,9640,9265,25122.26,534.809,1.09,0,0,2147483647,2147483647,41239177,52,28,0,0,99999
134294,OWID_WRL,全球,全球,2021/7/31,198347107,510168,590505.571,4220366,8762,9195.429,25187.044,535.922,1.08,0,0,2147483647,2147483647,33135114,53,28,0,0,99999
134295,OWID_WRL,全球,全球,2021/8/1,198828403,481296,595648.714,4227771,7405,9208.286,25248.161,536.862,1.08,0,0,2147483647,2147483647,38699002,53,28,0,0,99999
134296,OWID_WRL,全球,全球,2021/8/2,199406477,578074,601034.714,4235686,7915,9227.429,25321.568,537.867,1.07,0,0,2147483647,2147483647,38124320,54,29,0,0,99999
134297,OWID_WRL,全球,全球,2021/8/3,200043878,637401,604915.714,4246033,10347,9295,25402.508,539.181,1.07,0,0,2147483647,2147483647,56343767,54,29,0,0,99999
134298,OWID_WRL,全球,全球,2021/8/4,200719281,675403,609358.857,4256659,10626,9360.857,25488.274,540.53,1.07,0,0,2147483647,2147483647,44609187,55,29,0,0,99999
134299,OWID_WRL,全球,全球,2021/8/5,201408207,688926,614509.857,4267608,10949,9377.714,25575.757,541.921,1.07,0,0,2147483647,2147483647,39187868,56,29,0,0,99999
134300,OWID_WRL,全球,全球,2021/8/6,202230021,821814,627583.143,4278188,10580,9512,25680.114,543.264,1.07,0,0,2147483647,2147483647,38386624,56,29,0,0,99999
134301,OWID_WRL,全球,全球,2021/8/7,202780949,550928,633406,4286810,8622,9492,25750.074,544.359,1.06,0,0,2147483647,2147483647,31946555,56,30,0,0,99999
134302,OWID_WRL,全球,全球,2021/8/8,203222534,441585,627733,4294261,7451,9498.571,25806.148,545.305,1.06,0,0,2147483647,2147483647,31036568,57,30,0,0,99999
134303,OWID_WRL,全球,全球,2021/8/9,203876367,653833,638555.714,4302900,8639,9602,25889.175,546.402,1.05,0,0,2147483647,2147483647,42647311,57,30,0,0,99999
134304,OWID_WRL,全球,全球,2021/8/10,204525012,648645,640162,4314457,11557,9774.857,25971.543,547.87,1.05,0,0,2147483647,2147483647,40113405,58,30,0,0,99999
134305,OWID_WRL,全球,全球,2021/8/11,205253537,728525,647750.857,4324880,10423,9745.857,26064.055,549.194,1.05,0,0,2147483647,2147483647,38353487,58,30,0,0,99999
134306,OWID_WRL,全球,全球,2021/8/12,205964324,710787,650873.857,4335555,10675,9706.714,26154.314,550.549,1.05,0,0,2147483647,2147483647,32516094,59,31,0,0,99999
134307,OWID_WRL,全球,全球,2021/8/13,206770035,805711,648573.429,4346032,10477,9692,26256.627,551.879,1.04,0,0,2147483647,2147483647,39944607,59,31,0,0,99999
134308,OWID_WRL,全球,全球,2021/8/14,207303979,533944,646147.143,4354720,8688,9701.429,26324.429,552.983,1.04,0,0,2147483647,2147483647,34074343,60,31,0,0,99999
134309,OWID_WRL,全球,全球,2021/8/15,207767991,464012,649351,4361963,7243,9671.714,26383.352,553.902,1.03,0,0,2147483647,2147483647,26202227,60,31,0,0,99999
134310,OWID_WRL,全球,全球,2021/8/16,208446601,678610,652890.571,4371776,9813,9839.429,26469.525,555.149,1.03,0,0,2147483647,2147483647,43598079,61,31,0,0,99999
134311,OWID_WRL,全球,全球,2021/8/17,209129664,683063,657807.429,4382544,10768,9726.714,26556.263,556.516,1.03,0,0,2147483647,2147483647,38830591,61,32,0,0,99999
134312,OWID_WRL,全球,全球,2021/8/18,209857883,728219,657763.714,4393379,10835,9785.571,26648.736,557.892,1.02,0,0,2147483647,2147483647,38124725,62,32,0,0,99999
134313,OWID_WRL,全球,全球,2021/8/19,210573528,715645,658457.714,4404887,11508,9904.571,26739.612,559.353,1.02,0,0,2147483647,2147483647,35242696,62,32,0,0,99999
134314,OWID_WRL,全球,全球,2021/8/20,211363647,790119,656230.286,4415351,10464,9902.714,26839.945,560.682,1.02,0,0,2147483647,2147483647,37870170,63,32,0,0,99999
134315,OWID_WRL,全球,全球,2021/8/21,211903830,540183,657121.571,4424283,8932,9937.571,26908.54,561.816,1.01,0,0,2147483647,2147483647,29695558,63,32,0,0,99999
134316,OWID_WRL,全球,全球,2021/8/22,212350322,446492,654618.714,4431916,7633,9993.286,26965.238,562.785,1.01,0,0,2147483647,2147483647,31140360,63,32,0,0,99999
134317,OWID_WRL,全球,全球,2021/8/23,213054769,704447,658309.714,4441959,10043,10026.143,27054.692,564.061,1.02,0,0,2147483647,2147483647,32165132,64,32,0,0,99999
134318,OWID_WRL,全球,全球,2021/8/24,213741695,686926,658861.571,4453055,11096,10073,27141.921,565.47,1.01,0,0,2147483647,2147483647,44434467,64,33,0,0,99999
134319,OWID_WRL,全球,全球,2021/8/25,214472013,730318,659161.429,4464410,11355,10147.286,27234.66,566.912,1,0,0,2147483647,2147483647,43761257,65,33,0,0,99999
134320,OWID_WRL,全球,全球,2021/8/26,215207701,735688,662024.714,4476069,11659,10168.857,27328.081,568.392,1,0,0,2147483647,2147483647,45048992,65,39,0,0,99999
134321,OWID_WRL,全球,全球,2021/8/27,215953403,745702,655679.429,4486309,10240,10136.857,27422.774,569.693,0.99,0,0,2147483647,2147483647,50337588,66,39,0,0,99999
134322,OWID_WRL,全球,全球,2021/8/28,216500787,547384,656708.143,4494814,8505,10075.857,27492.283,570.773,0.99,0,0,2147483647,2147483647,34587877,66,39,0,0,99999
134323,OWID_WRL,全球,全球,2021/8/29,216947360,446573,656719.714,4501529,6715,9944.714,27548.991,571.625,0.98,0,0,2147483647,2147483647,47609539,67,39,0,0,99999
134324,OWID_WRL,全球,全球,2021/8/30,217633893,686533,654160.571,4511036,9507,9868.143,27636.17,572.832,0.98,0,0,2147483647,2147483647,35998385,68,40,0,0,99999
134325,OWID_WRL,全球,全球,2021/8/31,218253078,619185,644483.286,4520174,9138,9588.429,27714.797,573.993,0.97,0,0,2147483647,2147483647,38401404,68,40,0,0,99999
134326,OWID_WRL,全球,全球,2021/9/1,218980419,727341,644058,4532683,12509,9753.286,27807.158,575.581,0.97,0,0,2147483647,2147483647,48056487,69,40,0,0,99999
134327,OWID_WRL,全球,全球,2021/9/2,219657435,677016,635676.286,4543898,11215,9689.857,27893.129,577.005,0.96,0,0,2147483647,2147483647,33206283,69,40,0,0,99999
134328,OWID_WRL,全球,全球,2021/9/3,220375552,718117,631735.571,4554596,10698,9755.286,27984.319,578.364,0.95,0,0,2147483647,2147483647,25549617,69,40,0,0,99999
134329,OWID_WRL,全球,全球,2021/9/4,220860270,484718,622783.286,4562326,7730,9644.571,28045.871,579.346,0.95,0,0,2147483647,2147483647,26160776,70,40,0,0,99999
134330,OWID_WRL,全球,全球,2021/9/5,221300336,440066,621853.714,4568815,6489,9612.286,28101.752,580.17,0.94,0,0,2147483647,2147483647,31447355,70,41,0,0,99999
134331,OWID_WRL,全球,全球,2021/9/6,221740843,440507,586707.143,4576798,7983,9394.571,28157.69,581.183,0.94,0,0,2147483647,2147483647,28222880,70,41,0,0,99999
134332,OWID_WRL,全球,全球,2021/9/7,222466360,725517,601897.429,4587291,10493,9588.143,28249.819,582.516,0.95,0,0,2147483647,2147483647,35313406,71,41,0,0,99999
134333,OWID_WRL,全球,全球,2021/9/8,223098056,631696,588233.857,4597396,10105,9244.714,28330.035,583.799,0.94,0,0,2147483647,2147483647,39554749,71,41,0,0,99999
134334,OWID_WRL,全球,全球,2021/9/9,223735690,637634,582607.857,4608174,10778,9182.286,28411.005,585.167,0.94,0,0,2147483647,2147483647,37316093,72,42,0,0,99999
134335,OWID_WRL,全球,全球,2021/9/10,224369697,634007,570592.143,4617369,9195,8967.571,28491.514,586.335,0.94,0,0,2147483647,2147483647,29409611,72,42,0,0,99999
134336,OWID_WRL,全球,全球,2021/9/11,224826264,456567,566570.571,4625724,8355,9056.857,28549.491,587.396,0.93,0,0,2147483647,2147483647,34465063,73,42,0,0,99999
134337,OWID_WRL,全球,全球,2021/9/12,225194512,368248,556310.857,4631246,5522,8918.714,28596.253,588.097,0.93,0,0,2147483647,2147483647,34519858,73,42,0,0,99999
134338,OWID_WRL,全球,全球,2021/9/13,225795807,601295,579280.571,4640305,9059,9072.429,28672.608,589.248,0.94,0,0,2147483647,2147483647,30972989,74,42,0,0,99999
134339,OWID_WRL,全球,全球,2021/9/14,226347185,551378,554403.571,4650274,9969,8997.571,28742.625,590.514,0.93,0,0,2147483647,2147483647,28753836,74,43,0,0,99999
134340,OWID_WRL,全球,全球,2021/9/15,226915146,567961,545298.571,4660724,10450,9046.857,28814.747,591.841,0.93,0,0,2147483647,2147483647,31500916,74,43,0,0,99999
134341,OWID_WRL,全球,全球,2021/9/16,227491699,576553,536572.714,4671210,10486,9005.143,28887.961,593.172,0.94,0,0,2147483647,2147483647,32237608,75,43,0,0,99999
134342,OWID_WRL,全球,全球,2021/9/17,228085242,593543,530792.143,4679897,8687,8932.571,28963.331,594.275,0.94,0,0,2147483647,2147483647,23280868,75,43,0,0,99999
134343,OWID_WRL,全球,全球,2021/9/18,228622290,386942,520845.714,4686676,6779,8707.429,29031.528,595.136,0.94,0,0,2147483647,2147483647,39483567,76,43,0,0,99999
134344,OWID_WRL,全球,全球,2021/9/19,228983132,360842,519787.714,4692710,6034,8780.571,29077.35,595.902,0.93,0,0,2147483647,2147483647,26905291,76,44,0,0,99999
134345,OWID_WRL,全球,全球,2021/9/20,229517203,534071,510184.286,4700907,8197,8657.429,29145.168,596.943,0.92,0,0,2147483647,2147483647,27165060,76,44,0,0,99999
134346,OWID_WRL,全球,全球,2021/9/21,229986376,469173,498440.714,4710025,9118,8535.857,29204.746,598.101,0.91,0,0,2147483647,2147483647,30694967,77,44,0,0,99999
134347,OWID_WRL,全球,全球,2021/9/22,230524541,538165,494184.143,4720161,10136,8491,29273.085,599.388,0.91,0,0,2147483647,2147483647,25348864,77,44,0,0,99999
134348,OWID_WRL,全球,全球,2021/9/23,231036255,511714,484921.429,4729942,9781,8390.286,29338.065,600.63,0.91,0,0,2147483647,2147483647,35490136,77,44,0,0,99999
134349,OWID_WRL,全球,全球,2021/9/24,231583832,547577,478354.857,4738745,8803,8406.857,29407.599,601.748,0.91,0,0,2147483647,2147483647,26943562,78,44,0,0,99999
134350,OWID_WRL,全球,全球,2021/9/25,231950986,367154,475528,4744126,5381,8207.143,29454.222,602.431,0.91,0,0,2147483647,2147483647,20491123,78,45,0,0,99999
134351,OWID_WRL,全球,全球,2021/9/26,232299314,348328,473740.286,4749495,5369,8112.143,29498.454,603.113,0.92,0,0,2147483647,2147483647,19831935,78,45,0,0,99999
134352,OWID_WRL,全球,全球,2021/9/27,232771956,472642,464964.714,4757269,7774,8051.714,29558.472,604.1,0.92,0,0,2147483647,2147483647,48444946,79,45,0,0,99999
134353,OWID_WRL,全球,全球,2021/9/28,233221417,449461,462148.714,4766652,9383,8089.571,29615.547,605.292,0.92,0,0,2147483647,2147483647,26616065,79,45,0,0,99999
134354,OWID_WRL,全球,全球,2021/9/29,233724214,502797,457096.143,4776021,9369,7980,29679.394,606.481,0.92,0,0,2147483647,2147483647,29832009,80,45,0,0,99999
134355,OWID_WRL,全球,全球,2021/9/30,234208971,484757,453245.143,4784857,8836,7845,29740.951,607.604,0.92,0,0,2147483647,2147483647,30528741,80,46,0,0,99999
134356,OWID_WRL,全球,全球,2021/10/1,234748387,539416,452079.286,4793470,8613,7817.857,29809.449,608.697,0.93,0,0,2147483647,2147483647,20522470,80,46,0,0,99999
134357,OWID_WRL,全球,全球,2021/10/2,235095040,346653,449150.571,4799292,5822,7880.857,29853.468,609.437,0.93,0,0,2147483647,2147483647,19378312,80,46,0,0,99999
134358,OWID_WRL,全球,全球,2021/10/3,235401434,306394,443160,4803531,4239,7719.429,29892.376,609.975,0.93,0,0,2147483647,2147483647,26896533,81,46,0,0,99999
134359,OWID_WRL,全球,全球,2021/10/4,235845963,444529,439143.857,4810781,7250,7644.571,29948.824,610.895,0.93,0,0,2147483647,2147483647,21520295,81,46,0,0,99999
134360,OWID_WRL,全球,全球,2021/10/5,236266136,420173,434959.857,4818197,7416,7363.571,30002.18,611.837,0.93,0,0,2147483647,2147483647,33376449,81,46,0,0,99999
134361,OWID_WRL,全球,全球,2021/10/6,236779095,512959,436411.571,4827421,9224,7342.857,30067.318,613.009,0.94,0,0,2147483647,2147483647,22688871,82,46,0,0,99999
134362,OWID_WRL,全球,全球,2021/10/7,237211931,432836,428994.286,4836286,8865,7347,30122.281,614.134,0.93,0,0,2147483647,2147483647,23663172,82,46,0,0,99999
134363,OWID_WRL,全球,全球,2021/10/8,237686400,474469,419716.143,4843846,7560,7196.571,30182.531,615.094,0.94,0,0,2147483647,2147483647,30919030,82,47,0,0,99999
134364,OWID_WRL,全球,全球,2021/10/9,238018655,332255,417659.286,4848604,4758,7044.571,30224.723,615.698,0.94,0,0,2147483647,2147483647,20630919,83,47,0,0,99999
134365,OWID_WRL,全球,全球,2021/10/10,238333586,314931,418878.857,4853276,4672,7106.429,30264.714,616.292,0.95,0,0,2147483647,2147483647,29875903,83,47,0,0,99999
134366,OWID_WRL,全球,全球,2021/10/11,238715579,381993,409945.143,4859104,5828,6903.286,30313.221,617.032,0.95,0,0,2147483647,2147483647,18872087,83,47,0,0,99999
134367,OWID_WRL,全球,全球,2021/10/12,239148881,433302,411820.714,4867237,8133,7005.714,30368.244,618.065,0.96,0,0,2147483647,2147483647,22505420,84,47,0,0,99999
134368,OWID_WRL,全球,全球,2021/10/13,239612218,463337,404731.857,4876012,8775,6941.571,30427.081,619.179,0.96,0,0,2147483647,2147483647,22140604,84,47,0,0,99999
134369,OWID_WRL,全球,全球,2021/10/14,240056784,444566,406407.571,4883982,7970,6813.714,30483.534,620.191,0.97,0,0,2147483647,2147483647,21905636,84,47,0,0,99999
134370,OWID_WRL,全球,全球,2021/10/15,240513864,457080,403923.429,4891267,7285,6774.429,30541.576,621.116,0.97,0,0,2147483647,2147483647,22885242,84,47,0,0,99999
134371,OWID_WRL,全球,全球,2021/10/16,240851135,337271,404640,4896480,5213,6839.429,30584.404,621.778,0.98,0,0,2147483647,2147483647,13026585,85,48,0,0,99999
134372,OWID_WRL,全球,全球,2021/10/17,241164420,313285,404404.857,4900716,4236,6777.143,30624.187,622.316,0.99,0,0,2147483647,2147483647,27287112,85,48,0,0,99999
134373,OWID_WRL,全球,全球,2021/10/18,241579187,414767,409086.857,4907217,6501,6873.286,30676.856,623.141,1,0,0,2147483647,2147483647,28844636,85,48,0,0,99999
134374,OWID_WRL,全球,全球,2021/10/19,242021338,442151,410351,4915489,8272,6893.143,30733.002,624.192,1,0,0,2147483647,2147483647,27604995,86,48,0,0,99999
134375,OWID_WRL,全球,全球,2021/10/20,242492536,471198,411474,4924142,8653,6875.714,30792.837,625.291,1,0,0,2147483647,2147483647,33835925,86,48,0,0,99999
134376,OWID_WRL,全球,全球,2021/10/21,242949520,456984,413248,4931808,7666,6832.286,30850.867,626.264,1.01,0,0,2147483647,2147483647,26082411,86,48,0,0,99999
134377,OWID_WRL,全球,全球,2021/10/22,243435169,485649,417329.286,4940000,8192,6961.857,30912.537,627.304,1.01,0,0,2147483647,2147483647,27435606,87,49,0,0,99999
134378,OWID_WRL,全球,全球,2021/10/23,243795462,360293,420618.143,4945733,5733,7036.143,30958.289,628.032,1.02,0,0,2147483647,2147483647,31052198,87,49,0,0,99999
134379,OWID_WRL,全球,全球,2021/10/24,244111535,316073,421016.429,4950279,4546,7080.429,30998.425,628.61,1.02,0,0,2147483647,2147483647,23696442,88,49,0,0,99999
134380,OWID_WRL,全球,全球,2021/10/25,244542543,431008,423336.571,4956930,6651,7101.857,31053.156,629.454,1.02,0,0,2147483647,2147483647,19495627,88,49,0,0,99999
134381,OWID_WRL,全球,全球,2021/10/26,244985323,442780,423426.429,4964853,7923,7052,31109.383,630.46,1.03,0,0,2147483647,2147483647,25921988,88,49,0,0,99999
134382,OWID_WRL,全球,全球,2021/10/27,245497806,512483,429324.286,4974006,9153,7123.429,31174.46,631.623,1.03,0,0,2147483647,2147483647,24801712,88,49,0,0,99999
134383,OWID_WRL,全球,全球,2021/10/28,245956884,459078,429623.429,4982553,8547,7249.286,31232.756,632.708,1.03,0,0,2147483647,2147483647,28982512,89,49,0,0,99999
134384,OWID_WRL,全球,全球,2021/10/29,246461713,504829,432363.429,4990581,8028,7225.857,31296.862,633.727,1.03,0,0,2147483647,2147483647,35617933,89,49,0,0,99999
134385,OWID_WRL,全球,全球,2021/10/30,246843695,381982,435461.857,4996541,5960,7258.286,31345.368,634.484,1.03,0,0,2147483647,2147483647,31293463,90,50,0,0,99999
134386,OWID_WRL,全球,全球,2021/10/31,247164535,320840,436142.857,5000974,4433,7242.143,31386.109,635.047,1.03,0,0,2147483647,2147483647,35967559,90,50,0,0,99999
134387,OWID_WRL,全球,全球,2021/11/1,247587572,423037,435004.143,5007254,6280,7189.143,31439.829,635.845,1.03,0,0,2147483647,2147483647,24894328,90,50,0,0,99999
134388,OWID_WRL,全球,全球,2021/11/2,248017061,429489,433105.429,5014527,7273,7096.286,31494.367,636.768,1.03,0,0,2147483647,2147483647,25858538,91,50,0,0,99999
134389,OWID_WRL,全球,全球,2021/11/3,248538243,521182,434348.143,5022844,8317,6976.857,31560.549,637.824,1.04,0,0,2147483647,2147483647,28049614,91,50,0,0,99999
134390,OWID_WRL,全球,全球,2021/11/4,249066022,527779,444162.571,5030500,7656,6849.571,31627.569,638.796,1.05,0,0,2147483647,2147483647,31184694,91,50,0,0,99999
134391,OWID_WRL,全球,全球,2021/11/5,249581338,515316,445660.714,5039060,8560,6925.571,31693.006,639.883,1.05,0,0,2147483647,2147483647,31365540,92,50,0,0,99999
134392,OWID_WRL,全球,全球,2021/11/6,249995727,414389,450290.286,5045569,6509,7004,31745.627,640.71,1.06,0,0,2147483647,2147483647,26761614,92,50,0,0,99999
134393,OWID_WRL,全球,全球,2021/11/7,250342855,347128,454045.714,5049974,4405,7000,31789.707,641.269,1.06,0,0,2147483647,2147483647,27509940,93,50,0,0,99999
134394,OWID_WRL,全球,全球,2021/11/8,250821351,478496,461968.429,5056684,6710,7061.429,31850.469,642.121,1.06,0,0,2147483647,2147483647,30405040,93,50,0,0,99999
134395,OWID_WRL,全球,全球,2021/11/9,251304183,482832,469588.857,5064853,8169,7189.429,31911.781,643.159,1.07,0,0,2147483647,2147483647,32309812,93,51,0,0,99999
134396,OWID_WRL,全球,全球,2021/11/10,251878287,574104,477149.143,5072972,8119,7161.143,31984.684,644.19,1.07,0,0,2147483647,2147483647,38369827,94,51,0,0,99999
134397,OWID_WRL,全球,全球,2021/11/11,252394195,515908,475453.286,5080520,7548,7145.714,32050.196,645.148,1.07,0,0,2147483647,2147483647,33950927,94,51,0,0,99999
134398,OWID_WRL,全球,全球,2021/11/12,252988591,594396,486750.429,5089178,8658,7159.714,32125.675,646.248,1.07,0,0,2147483647,2147483647,42873568,95,51,0,0,99999
134399,OWID_WRL,全球,全球,2021/11/13,253417131,428540,488772,5096019,6841,7207.143,32180.093,647.116,1.07,0,0,2147483647,2147483647,32877267,95,51,0,0,99999
134400,OWID_WRL,全球,全球,2021/11/14,253768445,351314,489370,5100540,4521,7223.714,32224.705,647.69,1.08,0,0,2147483647,2147483647,29132948,96,51,0,0,99999
134401,OWID_WRL,全球,全球,2021/11/15,254308773,540328,498203.143,5107254,6714,7224.286,32293.318,648.543,1.08,0,0,2147483647,2147483647,26111807,96,51,0,0,99999
134402,OWID_WRL,全球,全球,2021/11/16,254835174,526401,504427.286,5114874,7620,7145.857,32360.163,649.511,1.09,0,0,2147483647,2147483647,26601418,96,51,0,0,99999
134403,OWID_WRL,全球,全球,2021/11/17,255460040,624866,511679,5124002,9128,7290,32439.511,650.67,1.09,0,0,2147483647,2147483647,31626025,97,52,0,0,99999
134404,OWID_WRL,全球,全球,2021/11/18,256072650,612610,525493.571,5132202,8200,7383.143,32517.303,651.711,1.09,0,0,2147483647,2147483647,29572966,97,52,0,0,99999
134405,OWID_WRL,全球,全球,2021/11/19,256692023,619373,529061.714,5140519,8317,7334.429,32595.954,652.767,1.09,0,0,2147483647,2147483647,31465379,97,53,0,0,99999
134406,OWID_WRL,全球,全球,2021/11/20,257168692,476669,535937.286,5146467,5948,7206.857,32656.484,653.522,1.09,0,0,2147483647,2147483647,33998262,98,53,0,0,99999
134407,OWID_WRL,全球,全球,2021/11/21,257555773,387081,541046.857,5150868,4401,7189.714,32705.637,654.081,1.09,0,0,2147483647,2147483647,25394891,98,54,0,0,99999
134408,OWID_WRL,全球,全球,2021/11/22,258187502,631729,554104.143,5158099,7231,7263.571,32785.857,655,1.09,0,0,2147483647,2147483647,27710054,99,54,0,0,99999
134409,OWID_WRL,全球,全球,2021/11/23,258794189,588101,562918.429,5166129,8030,7322.143,32862.897,656.019,1.09,0,0,2147483647,2147483647,29765328,99,54,0,0,99999
134410,OWID_WRL,全球,全球,2021/11/24,259465151,670962,569503.571,5174661,8532,7237,32948.099,657.103,1.08,0,0,2147483647,2147483647,33717244,99,54,0,0,99999
134411,OWID_WRL,全球,全球,2021/11/25,260064469,599318,567604.714,5182449,7788,7178.143,33024.203,658.092,1.08,0,0,2147483647,2147483647,25296604,100,54,0,0,99999
134412,OWID_WRL,全球,全球,2021/11/26,260658768,594299,564022.714,5189402,6953,6983.286,33099.67,658.975,0,0,0,2147483647,2147483647,26758406,100,54,0,0,99999
134413,OWID_WRL,全球,全球,2021/11/27,261075046,416278,555395.429,5195138,5736,6953,33152.531,659.703,0,0,0,0,0,0,0,0,0,0,99999
